ISO-10303-21;
HEADER;
FILE_DESCRIPTION (( 'STEP AP214' ),
    '1' );
FILE_NAME ('finalfinalFinCan.STEP',
    '2026-02-16T08:06:04',
    ( '' ),
    ( '' ),
    'SwSTEP 2.0',
    'SolidWorks 2025',
    '' );
FILE_SCHEMA (( 'AUTOMOTIVE_DESIGN' ));
ENDSEC;

DATA;
#1 = CARTESIAN_POINT ( 'NONE',  ( 9.357081043000000875, 2.037731070277506440, -0.2500000000000000000 ) ) ;
#2 = FACE_BOUND ( 'NONE', #788, .T. ) ;
#3 = LINE ( 'NONE', #1303, #2469 ) ;
#4 = EDGE_CURVE ( 'NONE', #2213, #751, #880, .T. ) ;
#5 = EDGE_CURVE ( 'NONE', #178, #796, #2400, .T. ) ;
#6 = DIRECTION ( 'NONE',  ( 0.000000000000000000, 0.000000000000000000, -1.000000000000000000 ) ) ;
#7 = CARTESIAN_POINT ( 'NONE',  ( 1.753484430396985649, 9.748242275414478186, 3.159578380627984462 ) ) ;
#8 = VECTOR ( 'NONE', #855, 100.0000000000000000 ) ;
#9 = EDGE_LOOP ( 'NONE', ( #1344, #650, #1096, #2486 ) ) ;
#10 = ORIENTED_EDGE ( 'NONE', *, *, #2227, .F. ) ;
#11 = CARTESIAN_POINT ( 'NONE',  ( -3.308270069453310480, 9.901912455097642507, 1.283714755709200794 ) ) ;
#12 = EDGE_CURVE ( 'NONE', #1005, #1497, #1804, .T. ) ;
#13 = EDGE_LOOP ( 'NONE', ( #1060, #25, #2293, #803 ) ) ;
#14 = ORIENTED_EDGE ( 'NONE', *, *, #1668, .F. ) ;
#15 = CARTESIAN_POINT ( 'NONE',  ( -3.523723085894317375, 0.000000000000000000, -2.251117684441532152 ) ) ;
#16 = VERTEX_POINT ( 'NONE', #625 ) ;
#17 = FACE_OUTER_BOUND ( 'NONE', #441, .T. ) ;
#18 = DIRECTION ( 'NONE',  ( 0.000000000000000000, 0.000000000000000000, -1.000000000000000000 ) ) ;
#19 = DIRECTION ( 'NONE',  ( 0.000000000000000000, 1.000000000000000000, 0.000000000000000000 ) ) ;
#20 = CARTESIAN_POINT ( 'NONE',  ( -3.167870086428248300, 10.00000000000000000, -1.111122065653929791 ) ) ;
#21 = ORIENTED_EDGE ( 'NONE', *, *, #1371, .F. ) ;
#22 = FACE_OUTER_BOUND ( 'NONE', #45, .T. ) ;
#23 = CARTESIAN_POINT ( 'NONE',  ( 1.641961853822400119, 9.921149882957841726, -3.035194137313667273 ) ) ;
#24 = ORIENTED_EDGE ( 'NONE', *, *, #2461, .T. ) ;
#25 = ORIENTED_EDGE ( 'NONE', *, *, #1952, .T. ) ;
#26 = EDGE_CURVE ( 'NONE', #1107, #2101, #672, .T. ) ;
#27 = FACE_OUTER_BOUND ( 'NONE', #1119, .T. ) ;
#28 = B_SPLINE_CURVE_WITH_KNOTS ( 'NONE', 3,
 ( #259, #1640, #861, #2043, #1050, #679, #2403, #1651, #1628, #1420 ),
 .UNSPECIFIED., .F., .F.,
 ( 4, 2, 2, 2, 4 ),
 ( 0.000000000000000000, 0.001482210797659545267, 0.002964421595319087933, 0.004446632392978630381, 0.005928843190638174131 ),
 .UNSPECIFIED. ) ;
#29 = PLANE ( 'NONE',  #1256 ) ;
#30 = CARTESIAN_POINT ( 'NONE',  ( 1.123862791986365073, 9.963456142827974205, -3.193633669995573410 ) ) ;
#31 = AXIS2_PLACEMENT_3D ( 'NONE', #1956, #1377, #1193 ) ;
#32 = CARTESIAN_POINT ( 'NONE',  ( 4.111238553788208762E-16, 0.000000000000000000, 3.357081043000000875 ) ) ;
#33 = LINE ( 'NONE', #1043, #202 ) ;
#34 = CIRCLE ( 'NONE', #734, 1.949999999999999956 ) ;
#35 = ORIENTED_EDGE ( 'NONE', *, *, #505, .T. ) ;
#36 = CARTESIAN_POINT ( 'NONE',  ( 0.4217624209222563536, 9.939403798899645537, 3.407693635457922809 ) ) ;
#37 = DIRECTION ( 'NONE',  ( -0.000000000000000000, -1.000000000000000000, -0.000000000000000000 ) ) ;
#38 = B_SPLINE_CURVE_WITH_KNOTS ( 'NONE', 3,
 ( #1866, #945, #1487, #2503, #2451, #1700, #1097, #2489, #765, #1673 ),
 .UNSPECIFIED., .F., .F.,
 ( 4, 2, 2, 2, 4 ),
 ( 0.000000000000000000, 0.001482210797659546352, 0.002964421595319092703, 0.004446632392978639055, 0.005928843190638185406 ),
 .UNSPECIFIED. ) ;
#39 = CARTESIAN_POINT ( 'NONE',  ( -2.929056185434179227, 9.946472080084394207, 1.748531437869556893 ) ) ;
#40 = ADVANCED_FACE ( 'NONE', ( #22 ), #1587, .F. ) ;
#41 = EDGE_LOOP ( 'NONE', ( #1246, #684, #1476, #237 ) ) ;
#42 = AXIS2_PLACEMENT_3D ( 'NONE', #809, #825, #1941 ) ;
#43 = CARTESIAN_POINT ( 'NONE',  ( 2.653732930956844704, 2.037731070277506440, -8.976367148040749200 ) ) ;
#44 = AXIS2_PLACEMENT_3D ( 'NONE', #490, #1080, #1462 ) ;
#45 = EDGE_LOOP ( 'NONE', ( #14, #214, #396, #179, #1793 ) ) ;
#46 = LINE ( 'NONE', #822, #1052 ) ;
#47 = CARTESIAN_POINT ( 'NONE',  ( 0.6762986909384929302, 9.833339162961905799, -3.442152119121898224 ) ) ;
#48 = VECTOR ( 'NONE', #2194, 100.0000000000000000 ) ;
#49 = PLANE ( 'NONE',  #42 ) ;
#50 = CARTESIAN_POINT ( 'NONE',  ( 4.173925636049350629, 8.916010612725225215, 0.2500000000000000000 ) ) ;
#51 = VERTEX_POINT ( 'NONE', #1220 ) ;
#52 = DIRECTION ( 'NONE',  ( 0.000000000000000000, 1.000000000000000000, -0.000000000000000000 ) ) ;
#53 = CARTESIAN_POINT ( 'NONE',  ( 0.000000000000000000, 13.00000000000000000, 0.000000000000000000 ) ) ;
#54 = CARTESIAN_POINT ( 'NONE',  ( -3.119770704414452922, 9.999999999967251085, 1.248983631856624088 ) ) ;
#55 = CIRCLE ( 'NONE', #948, 1.000000000000000222 ) ;
#56 = ORIENTED_EDGE ( 'NONE', *, *, #1976, .T. ) ;
#57 = DIRECTION ( 'NONE',  ( -0.000000000000000000, -1.000000000000000000, -0.000000000000000000 ) ) ;
#58 = VERTEX_POINT ( 'NONE', #2357 ) ;
#59 = CARTESIAN_POINT ( 'NONE',  ( 0.000000000000000000, 4.892918957000016889, 0.000000000000000000 ) ) ;
#60 = CARTESIAN_POINT ( 'NONE',  ( 2.472461737334660903, 1.300000000000000044, 0.000000000000000000 ) ) ;
#61 = EDGE_CURVE ( 'NONE', #1362, #2245, #1881, .T. ) ;
#62 = VERTEX_POINT ( 'NONE', #1747 ) ;
#63 = CARTESIAN_POINT ( 'NONE',  ( 4.173925636049349741, 0.000000000000000000, 0.2500000000000000000 ) ) ;
#64 = CARTESIAN_POINT ( 'NONE',  ( -2.472461737334660903, 1.300000000000000044, 0.000000000000000000 ) ) ;
#65 = ORIENTED_EDGE ( 'NONE', *, *, #1143, .T. ) ;
#66 = CARTESIAN_POINT ( 'NONE',  ( 0.1488951115215400300, 9.999029897890149954, 3.355910417664811796 ) ) ;
#67 = CARTESIAN_POINT ( 'NONE',  ( 1.776002773037349991, 9.987804755510801158, -2.871384671552680068 ) ) ;
#68 = ORIENTED_EDGE ( 'NONE', *, *, #5, .F. ) ;
#69 = CARTESIAN_POINT ( 'NONE',  ( 9.357081043000000875, 2.037731070277506440, 0.2500000000000000000 ) ) ;
#70 = DIRECTION ( 'NONE',  ( 0.000000000000000000, 0.000000000000000000, 1.000000000000000000 ) ) ;
#71 = CARTESIAN_POINT ( 'NONE',  ( -3.167870086428248300, 0.000000000000000000, -1.111122065653929791 ) ) ;
#72 = EDGE_LOOP ( 'NONE', ( #395, #2391 ) ) ;
#73 = EDGE_CURVE ( 'NONE', #2281, #2128, #608, .T. ) ;
#74 = DIRECTION ( 'NONE',  ( 0.000000000000000000, -0.000000000000000000, 1.000000000000000000 ) ) ;
#75 = DIRECTION ( 'NONE',  ( -0.000000000000000000, -1.000000000000000000, -0.000000000000000000 ) ) ;
#76 = EDGE_LOOP ( 'NONE', ( #1855, #1498, #1132 ) ) ;
#77 = CARTESIAN_POINT ( 'NONE',  ( 0.3356689592879888440, 9.970616965700470402, 3.382804447941853976 ) ) ;
#78 = LINE ( 'NONE', #464, #8 ) ;
#79 = ORIENTED_EDGE ( 'NONE', *, *, #2042, .F. ) ;
#80 = CARTESIAN_POINT ( 'NONE',  ( 0.7249163727008228753, 0.000000000000000000, -3.040080180465098536 ) ) ;
#81 = AXIS2_PLACEMENT_3D ( 'NONE', #645, #1186, #2144 ) ;
#82 = CARTESIAN_POINT ( 'NONE',  ( -3.133064589497917218, 9.805385467609696093, 1.648614202098457104 ) ) ;
#83 = ORIENTED_EDGE ( 'NONE', *, *, #119, .T. ) ;
#84 = CARTESIAN_POINT ( 'NONE',  ( 0.000000000000000000, 10.00000000000000000, 0.000000000000000000 ) ) ;
#85 = CARTESIAN_POINT ( 'NONE',  ( 0.000000000000000000, 22.00000000000000000, -3.154999999999999361 ) ) ;
#86 = AXIS2_PLACEMENT_3D ( 'NONE', #1520, #2301, #431 ) ;
#87 = EDGE_CURVE ( 'NONE', #423, #1812, #1558, .T. ) ;
#88 = ORIENTED_EDGE ( 'NONE', *, *, #1869, .T. ) ;
#89 = DIRECTION ( 'NONE',  ( 0.000000000000000000, 1.000000000000000000, 0.000000000000000000 ) ) ;
#90 = FACE_OUTER_BOUND ( 'NONE', #791, .T. ) ;
#91 = VERTEX_POINT ( 'NONE', #2164 ) ;
#92 = EDGE_CURVE ( 'NONE', #1157, #2063, #253, .T. ) ;
#93 = VECTOR ( 'NONE', #498, 99.99999999999998579 ) ;
#94 = CARTESIAN_POINT ( 'NONE',  ( -2.715935615280956839, 10.00000000000000000, 1.973242727826058251 ) ) ;
#95 = CARTESIAN_POINT ( 'NONE',  ( -3.523723085894284957, 8.916010612725225215, 2.251117684441582778 ) ) ;
#96 = AXIS2_PLACEMENT_3D ( 'NONE', #1738, #2140, #401 ) ;
#97 = LINE ( 'NONE', #2032, #1064 ) ;
#98 = CARTESIAN_POINT ( 'NONE',  ( -2.536095482391654610, 9.805385467609696093, 2.470271688199321414 ) ) ;
#99 = ORIENTED_EDGE ( 'NONE', *, *, #505, .F. ) ;
#100 = CARTESIAN_POINT ( 'NONE',  ( 1.037395093780964839, 10.00000000000000000, -3.192773801676084044 ) ) ;
#101 = CARTESIAN_POINT ( 'NONE',  ( -3.119532200330527694, 9.870899395104562046, 1.575368192329693384 ) ) ;
#102 = ORIENTED_EDGE ( 'NONE', *, *, #4, .T. ) ;
#103 = DIRECTION ( 'NONE',  ( 0.000000000000000000, 0.000000000000000000, 1.000000000000000000 ) ) ;
#104 = EDGE_CURVE ( 'NONE', #2218, #624, #1179, .T. ) ;
#105 = AXIS2_PLACEMENT_3D ( 'NONE', #1233, #640, #663 ) ;
#106 = ADVANCED_FACE ( 'NONE', ( #1944 ), #1413, .T. ) ;
#107 = PLANE ( 'NONE',  #1424 ) ;
#108 = FACE_OUTER_BOUND ( 'NONE', #305, .T. ) ;
#109 = VECTOR ( 'NONE', #1142, 100.0000000000000000 ) ;
#110 = CYLINDRICAL_SURFACE ( 'NONE', #1178, 2.857081042999999987 ) ;
#111 = CARTESIAN_POINT ( 'NONE',  ( -2.995709616070050263, 9.863678300712273028, -1.762934367544206626 ) ) ;
#112 = CARTESIAN_POINT ( 'NONE',  ( 0.7578240791556535294, 9.946472080084388878, -3.326023901252856962 ) ) ;
#113 = DIRECTION ( 'NONE',  ( 0.000000000000000000, 1.000000000000000000, 0.000000000000000000 ) ) ;
#114 = VECTOR ( 'NONE', #450, 100.0000000000000000 ) ;
#115 = ORIENTED_EDGE ( 'NONE', *, *, #1976, .F. ) ;
#116 = VERTEX_POINT ( 'NONE', #323 ) ;
#117 = EDGE_CURVE ( 'NONE', #1576, #16, #473, .T. ) ;
#118 = DIRECTION ( 'NONE',  ( 0.000000000000000000, 1.000000000000000000, 0.000000000000000000 ) ) ;
#119 = EDGE_CURVE ( 'NONE', #1986, #1766, #1058, .T. ) ;
#120 = CARTESIAN_POINT ( 'NONE',  ( -2.995709616070024950, 9.863678300712271252, 1.762934367544249481 ) ) ;
#121 = CARTESIAN_POINT ( 'NONE',  ( 3.689645070066659205, 9.558672630023956174, -0.3399350864722534005 ) ) ;
#122 = CARTESIAN_POINT ( 'NONE',  ( 0.000000000000000000, 16.00000000000000000, 0.000000000000000000 ) ) ;
#123 = FACE_OUTER_BOUND ( 'NONE', #2331, .T. ) ;
#124 = AXIS2_PLACEMENT_3D ( 'NONE', #1799, #1092, #2200 ) ;
#125 = LINE ( 'NONE', #1451, #1009 ) ;
#126 = CARTESIAN_POINT ( 'NONE',  ( 0.8966950990432678292, 9.928689621219511707, 3.294991611618148575 ) ) ;
#127 = ORIENTED_EDGE ( 'NONE', *, *, #134, .T. ) ;
#128 = ORIENTED_EDGE ( 'NONE', *, *, #2366, .T. ) ;
#129 = CARTESIAN_POINT ( 'NONE',  ( 0.3825619414310632571, 9.999999999982591703, 3.339247464548083411 ) ) ;
#130 = CARTESIAN_POINT ( 'NONE',  ( -7.423091268457489456, 2.037731070277506440, 5.702208490174675681 ) ) ;
#131 = DIRECTION ( 'NONE',  ( -0.3090169943749582204, 0.000000000000000000, -0.9510565162951500895 ) ) ;
#132 = DIRECTION ( 'NONE',  ( 0.000000000000000000, -0.000000000000000000, 1.000000000000000000 ) ) ;
#133 = CYLINDRICAL_SURFACE ( 'NONE', #2141, 2.857081042999999987 ) ;
#134 = EDGE_CURVE ( 'NONE', #796, #1048, #895, .T. ) ;
#135 = EDGE_CURVE ( 'NONE', #443, #1766, #503, .T. ) ;
#136 = CYLINDRICAL_SURFACE ( 'NONE', #827, 1.000000000000000222 ) ;
#137 = DIRECTION ( 'NONE',  ( 0.000000000000000000, 0.000000000000000000, -1.000000000000000000 ) ) ;
#138 = EDGE_LOOP ( 'NONE', ( #2329, #931, #847, #763 ) ) ;
#139 = ORIENTED_EDGE ( 'NONE', *, *, #1486, .T. ) ;
#140 = CARTESIAN_POINT ( 'NONE',  ( -2.627054803408993333, 9.886544988539858636, -2.241028573174541627 ) ) ;
#141 = CARTESIAN_POINT ( 'NONE',  ( -2.202765775870160869, 9.984741602501078006, 2.564953979292863728 ) ) ;
#142 = CARTESIAN_POINT ( 'NONE',  ( 3.430995309725810127, 9.901912455097642507, -0.9060053041266539209 ) ) ;
#143 = CARTESIAN_POINT ( 'NONE',  ( 0.000000000000000000, 16.00000000000000000, 0.000000000000000000 ) ) ;
#144 = DIRECTION ( 'NONE',  ( -0.000000000000000000, -1.000000000000000000, -0.000000000000000000 ) ) ;
#145 = EDGE_CURVE ( 'NONE', #1947, #1955, #2300, .T. ) ;
#146 = CARTESIAN_POINT ( 'NONE',  ( 0.000000000000000000, 10.00000000000000000, 0.000000000000000000 ) ) ;
#147 = ADVANCED_FACE ( 'NONE', ( #1623 ), #762, .T. ) ;
#148 = CARTESIAN_POINT ( 'NONE',  ( -4.111508338186785849, 0.000000000000000000, -1.442100690066581370 ) ) ;
#149 = EDGE_LOOP ( 'NONE', ( #326, #1685, #1817, #1438 ) ) ;
#150 = ORIENTED_EDGE ( 'NONE', *, *, #693, .F. ) ;
#151 = CIRCLE ( 'NONE', #1522, 0.9999999999999998890 ) ;
#152 = FACE_OUTER_BOUND ( 'NONE', #998, .T. ) ;
#153 = DIRECTION ( 'NONE',  ( 0.000000000000000000, 0.000000000000000000, 1.000000000000000000 ) ) ;
#154 = DIRECTION ( 'NONE',  ( 0.000000000000000000, 0.000000000000000000, 1.000000000000000000 ) ) ;
#155 = AXIS2_PLACEMENT_3D ( 'NONE', #987, #195, #631 ) ;
#156 = CARTESIAN_POINT ( 'NONE',  ( -3.222273447960620985, 9.903454741277508688, -1.400101704825190918 ) ) ;
#157 = DIRECTION ( 'NONE',  ( 1.000000000000000000, 0.000000000000000000, 0.000000000000000000 ) ) ;
#158 = FACE_OUTER_BOUND ( 'NONE', #1364, .T. ) ;
#159 = CARTESIAN_POINT ( 'NONE',  ( 1.898816233221940042, 9.713812937599833219, 3.139636737183533644 ) ) ;
#160 = AXIS2_PLACEMENT_3D ( 'NONE', #1776, #1800, #634 ) ;
#161 = EDGE_CURVE ( 'NONE', #2213, #476, #168, .T. ) ;
#162 = ORIENTED_EDGE ( 'NONE', *, *, #4, .F. ) ;
#163 = ORIENTED_EDGE ( 'NONE', *, *, #373, .T. ) ;
#164 = LINE ( 'NONE', #1288, #817 ) ;
#165 = VECTOR ( 'NONE', #600, 100.0000000000000000 ) ;
#166 = EDGE_CURVE ( 'NONE', #1005, #91, #1463, .T. ) ;
#167 = CIRCLE ( 'NONE', #492, 3.154999999999999361 ) ;
#168 = B_SPLINE_CURVE_WITH_KNOTS ( 'NONE', 3,
 ( #1473, #882, #1634, #2422, #685, #313 ),
 .UNSPECIFIED., .F., .F.,
 ( 4, 2, 4 ),
 ( -3.579676697364361332E-05, 0.002780507572604772829, 0.005596811912183189373 ),
 .UNSPECIFIED. ) ;
#169 = VERTEX_POINT ( 'NONE', #709 ) ;
#170 = FACE_OUTER_BOUND ( 'NONE', #789, .T. ) ;
#171 = CARTESIAN_POINT ( 'NONE',  ( 3.357081043000000875, 10.00000000000000000, -0.2500000000000000000 ) ) ;
#172 = CARTESIAN_POINT ( 'NONE',  ( -2.031340642555502285, 10.00000000000000000, 2.672760431309205931 ) ) ;
#173 = FACE_OUTER_BOUND ( 'NONE', #76, .T. ) ;
#174 = CONICAL_SURFACE ( 'NONE', #2359, 1.857081042999982445, 0.7853981633974538301 ) ;
#175 = CARTESIAN_POINT ( 'NONE',  ( -3.167870086428249188, 16.00000000000000000, -1.111122065653930013 ) ) ;
#176 = DIRECTION ( 'NONE',  ( 0.000000000000000000, 0.000000000000000000, 1.000000000000000000 ) ) ;
#177 = VECTOR ( 'NONE', #2030, 100.0000000000000000 ) ;
#178 = VERTEX_POINT ( 'NONE', #1852 ) ;
#179 = ORIENTED_EDGE ( 'NONE', *, *, #2098, .F. ) ;
#180 = CARTESIAN_POINT ( 'NONE',  ( -2.472461737334660903, 1.300000000000000044, 0.000000000000000000 ) ) ;
#181 = ORIENTED_EDGE ( 'NONE', *, *, #2327, .T. ) ;
#182 = CARTESIAN_POINT ( 'NONE',  ( -3.184794395460840200, 9.558672630023956174, -1.893705696438424679 ) ) ;
#183 = CARTESIAN_POINT ( 'NONE',  ( 0.000000000000000000, 10.00000000000000000, 0.000000000000000000 ) ) ;
#184 = CARTESIAN_POINT ( 'NONE',  ( -2.627054803410867834, 9.886544988536748235, 2.241028573175940952 ) ) ;
#185 = DIRECTION ( 'NONE',  ( 0.000000000000000000, 0.000000000000000000, 1.000000000000000000 ) ) ;
#186 = AXIS2_PLACEMENT_3D ( 'NONE', #1299, #550, #704 ) ;
#187 = CARTESIAN_POINT ( 'NONE',  ( 1.319540248314123199, 9.886544988537808720, 3.190993503438816603 ) ) ;
#188 = ORIENTED_EDGE ( 'NONE', *, *, #1041, .F. ) ;
#189 = EDGE_LOOP ( 'NONE', ( #21, #2027, #835, #68 ) ) ;
#190 = DIRECTION ( 'NONE',  ( -0.1859710696241413386, 0.7986355100472940505, -0.5723600993730706410 ) ) ;
#191 = ORIENTED_EDGE ( 'NONE', *, *, #1010, .F. ) ;
#192 = DIRECTION ( 'NONE',  ( -0.000000000000000000, -1.000000000000000000, -0.000000000000000000 ) ) ;
#193 = EDGE_CURVE ( 'NONE', #1903, #58, #125, .T. ) ;
#194 =( BOUNDED_SURFACE ( )  B_SPLINE_SURFACE ( 3, 2, ( 
 ( #1332, #2103, #547 ),
 ( #364, #508, #1308 ),
 ( #1500, #1146, #140 ),
 ( #1856, #1297, #923 ),
 ( #2460, #725, #2270 ),
 ( #2079, #1121, #934 ) ),
 .UNSPECIFIED., .F., .F., .F. ) 
 B_SPLINE_SURFACE_WITH_KNOTS ( ( 4, 2, 4 ),
 ( 3, 3 ),
 ( -3.579676697395627012E-05, 0.004522367639277433300, 0.009080532045528822566 ),
 ( 0.000000000000000000, 1.000000000000000000 ),
 .UNSPECIFIED. ) 
 GEOMETRIC_REPRESENTATION_ITEM ( )  RATIONAL_B_SPLINE_SURFACE ( (
 ( 1.000000000000000000, 1.000000000000000000, 1.000000000000000000),
 ( 1.000000000000000000, 0.9999971713163304798, 1.000000000000000000),
 ( 1.000000000000000000, 0.9972941864889172114, 1.000000000000000000),
 ( 1.000000000000000000, 0.9873438263593042885, 1.000000000000000000),
 ( 1.000000000000000000, 0.9800842286241268075, 1.000000000000000000),
 ( 1.000000000000000000, 0.9710943484845422358, 1.000000000000000000) ) ) 
 REPRESENTATION_ITEM ( '' )  SURFACE ( )  );
#195 = DIRECTION ( 'NONE',  ( 0.000000000000000000, 1.000000000000000000, 0.000000000000000000 ) ) ;
#196 = CARTESIAN_POINT ( 'NONE',  ( -2.035665573617893909, 16.00000000000000000, -2.669467887361993697 ) ) ;
#197 = CARTESIAN_POINT ( 'NONE',  ( -3.057542201370415658, 9.198618076716361003, 2.530451434841728631 ) ) ;
#198 = CARTESIAN_POINT ( 'NONE',  ( 1.037395093781010136, 10.00000000000000000, 3.192773801676069390 ) ) ;
#199 = EDGE_CURVE ( 'NONE', #454, #593, #151, .T. ) ;
#200 = ORIENTED_EDGE ( 'NONE', *, *, #161, .T. ) ;
#201 = ORIENTED_EDGE ( 'NONE', *, *, #554, .T. ) ;
#202 = VECTOR ( 'NONE', #621, 100.0000000000000142 ) ;
#203 = ORIENTED_EDGE ( 'NONE', *, *, #12, .F. ) ;
#204 = ORIENTED_EDGE ( 'NONE', *, *, #1253, .F. ) ;
#205 = VERTEX_POINT ( 'NONE', #1273 ) ;
#206 =( GEOMETRIC_REPRESENTATION_CONTEXT ( 3 ) GLOBAL_UNCERTAINTY_ASSIGNED_CONTEXT ( ( #1920 ) ) GLOBAL_UNIT_ASSIGNED_CONTEXT ( ( #2413, #1442, #1824 ) ) REPRESENTATION_CONTEXT ( 'NONE', 'WORKASPACE' ) );
#207 = LINE ( 'NONE', #430, #914 ) ;
#208 = DIRECTION ( 'NONE',  ( 0.9510565162951500895, 0.000000000000000000, -0.3090169943749581649 ) ) ;
#209 = DIRECTION ( 'NONE',  ( -0.000000000000000000, -1.000000000000000000, -0.000000000000000000 ) ) ;
#210 = DIRECTION ( 'NONE',  ( -0.000000000000000000, -1.000000000000000000, -0.000000000000000000 ) ) ;
#211 = CARTESIAN_POINT ( 'NONE',  ( -0.2377641290737875501, 0.000000000000000000, 0.07725424859373955511 ) ) ;
#212 = CIRCLE ( 'NONE', #871, 3.357081043000000875 ) ;
#213 = EDGE_CURVE ( 'NONE', #1419, #1234, #906, .T. ) ;
#214 = ORIENTED_EDGE ( 'NONE', *, *, #270, .T. ) ;
#215 = DIRECTION ( 'NONE',  ( -0.9510565162951545304, 0.000000000000000000, -0.3090169943749447312 ) ) ;
#216 = PRODUCT_CONTEXT ( 'NONE', #2199, 'mechanical' ) ;
#217 = AXIS2_PLACEMENT_3D ( 'NONE', #1310, #1911, #2107 ) ;
#218 = ORIENTED_EDGE ( 'NONE', *, *, #2098, .T. ) ;
#219 = PLANE ( 'NONE',  #298 ) ;
#220 = ORIENTED_EDGE ( 'NONE', *, *, #1657, .F. ) ;
#221 = DIRECTION ( 'NONE',  ( 0.000000000000000000, 1.000000000000000000, -0.000000000000000000 ) ) ;
#222 = CARTESIAN_POINT ( 'NONE',  ( 0.7509250364755092333, 9.863678300712271252, -3.393865830830281816 ) ) ;
#223 = DIRECTION ( 'NONE',  ( 0.000000000000000000, 0.000000000000000000, 1.000000000000000000 ) ) ;
#224 = CARTESIAN_POINT ( 'NONE',  ( -7.716983894603808736, 2.037731070277506440, -5.297699992987093154 ) ) ;
#225 = ADVANCED_FACE ( 'NONE', ( #1293 ), #2059, .F. ) ;
#226 = ORIENTED_EDGE ( 'NONE', *, *, #2443, .F. ) ;
#227 = CARTESIAN_POINT ( 'NONE',  ( 2.653732930956844704, 2.037731070277506440, -8.976367148040749200 ) ) ;
#228 = DIRECTION ( 'NONE',  ( 0.000000000000000000, 1.000000000000000000, 0.000000000000000000 ) ) ;
#229 = AXIS2_PLACEMENT_3D ( 'NONE', #2038, #919, #710 ) ;
#230 = ORIENTED_EDGE ( 'NONE', *, *, #1191, .F. ) ;
#231 = DIRECTION ( 'NONE',  ( -0.6815790431148638362, -0.7317444963828744209, 0.000000000000000000 ) ) ;
#232 = ORIENTED_EDGE ( 'NONE', *, *, #1176, .T. ) ;
#233 = DIRECTION ( 'NONE',  ( 0.000000000000000000, 0.000000000000000000, 1.000000000000000000 ) ) ;
#234 = CARTESIAN_POINT ( 'NONE',  ( 0.000000000000000000, 4.799999999999999822, 0.000000000000000000 ) ) ;
#235 = CYLINDRICAL_SURFACE ( 'NONE', #1336, 0.2950000000000000955 ) ;
#236 = EDGE_LOOP ( 'NONE', ( #545, #412, #1210, #99 ) ) ;
#237 = ORIENTED_EDGE ( 'NONE', *, *, #930, .F. ) ;
#238 = FACE_OUTER_BOUND ( 'NONE', #507, .T. ) ;
#239 = ADVANCED_FACE ( 'NONE', ( #1862 ), #136, .F. ) ;
#240 =( NAMED_UNIT ( * ) SI_UNIT ( $, .STERADIAN. ) SOLID_ANGLE_UNIT ( ) );
#241 = ORIENTED_EDGE ( 'NONE', *, *, #2054, .F. ) ;
#242 = AXIS2_PLACEMENT_3D ( 'NONE', #250, #1373, #6 ) ;
#243 = PLANE ( 'NONE',  #1036 ) ;
#244 = ORIENTED_EDGE ( 'NONE', *, *, #331, .F. ) ;
#245 = EDGE_CURVE ( 'NONE', #1845, #2125, #2237, .T. ) ;
#246 = DIRECTION ( 'NONE',  ( 0.000000000000000000, 0.000000000000000000, 1.000000000000000000 ) ) ;
#247 = CARTESIAN_POINT ( 'NONE',  ( 0.7996309647071764282, 10.00000000000000000, -3.270028050269820685 ) ) ;
#248 = PRESENTATION_LAYER_ASSIGNMENT (  '', '', ( #1820 ) ) ;
#249 = ORIENTED_EDGE ( 'NONE', *, *, #361, .F. ) ;
#250 = CARTESIAN_POINT ( 'NONE',  ( 0.000000000000000000, 22.00000000000000000, 0.000000000000000000 ) ) ;
#251 = DIRECTION ( 'NONE',  ( 0.000000000000000000, 0.000000000000000000, -1.000000000000000000 ) ) ;
#252 = ORIENTED_EDGE ( 'NONE', *, *, #1870, .T. ) ;
#253 = LINE ( 'NONE', #424, #114 ) ;
#254 = CARTESIAN_POINT ( 'NONE',  ( 1.758686331104169387, 9.983559442420887109, -2.888920504777052312 ) ) ;
#255 = EDGE_LOOP ( 'NONE', ( #1769, #1403, #1512, #843 ) ) ;
#256 = CARTESIAN_POINT ( 'NONE',  ( -2.379247045566503793, 9.921149882957839949, -2.499525090242987968 ) ) ;
#257 = AXIS2_PLACEMENT_3D ( 'NONE', #171, #1528, #1880 ) ;
#258 = EDGE_CURVE ( 'NONE', #2124, #582, #732, .T. ) ;
#259 = CARTESIAN_POINT ( 'NONE',  ( 3.215961899580620731, 10.00000000000000000, -0.9631106840419632054 ) ) ;
#260 = FACE_OUTER_BOUND ( 'NONE', #13, .T. ) ;
#261 = CARTESIAN_POINT ( 'NONE',  ( 4.173925636049350629, 0.000000000000000000, -0.2500000000000000000 ) ) ;
#262 = DIRECTION ( 'NONE',  ( 0.000000000000000000, -1.000000000000000000, 0.000000000000000000 ) ) ;
#263 = ORIENTED_EDGE ( 'NONE', *, *, #824, .F. ) ;
#264 = ORIENTED_EDGE ( 'NONE', *, *, #2430, .F. ) ;
#265 = CARTESIAN_POINT ( 'NONE',  ( 1.597776374185250869, 9.870899395104576257, -3.108114661398210021 ) ) ;
#266 = ORIENTED_EDGE ( 'NONE', *, *, #1311, .T. ) ;
#267 = EDGE_CURVE ( 'NONE', #532, #1236, #382, .T. ) ;
#268 = LINE ( 'NONE', #876, #1736 ) ;
#269 = FACE_OUTER_BOUND ( 'NONE', #736, .T. ) ;
#270 = EDGE_CURVE ( 'NONE', #62, #423, #2314, .T. ) ;
#271 = ORIENTED_EDGE ( 'NONE', *, *, #1683, .T. ) ;
#272 = DIRECTION ( 'NONE',  ( 0.000000000000000000, 1.000000000000000000, 0.000000000000000000 ) ) ;
#273 = CARTESIAN_POINT ( 'NONE',  ( 3.294031201983963708, 9.999999999982211563, 0.6680461876861375492 ) ) ;
#274 = EDGE_LOOP ( 'NONE', ( #2284, #1360 ) ) ;
#275 = ADVANCED_FACE ( 'NONE', ( #1163 ), #1681, .F. ) ;
#276 = DIRECTION ( 'NONE',  ( -0.6018150231520466020, 0.7986355100472940505, -0.000000000000000000 ) ) ;
#277 = DIRECTION ( 'NONE',  ( 0.000000000000000000, 0.000000000000000000, 1.000000000000000000 ) ) ;
#278 = AXIS2_PLACEMENT_3D ( 'NONE', #1924, #1027, #588 ) ;
#279 = ORIENTED_EDGE ( 'NONE', *, *, #2488, .F. ) ;
#280 = CARTESIAN_POINT ( 'NONE',  ( 0.7996309647072226134, 0.000000000000000000, 3.270028050269809139 ) ) ;
#281 = CARTESIAN_POINT ( 'NONE',  ( -2.856629218990219599, 9.928689621219508155, 1.871016121387926168 ) ) ;
#282 = VECTOR ( 'NONE', #285, 100.0000000000000000 ) ;
#283 = CARTESIAN_POINT ( 'NONE',  ( -3.184794395460813110, 9.558672630023956174, 1.893705696438469754 ) ) ;
#284 = CARTESIAN_POINT ( 'NONE',  ( 0.000000000000000000, 0.000000000000000000, 0.000000000000000000 ) ) ;
#285 = DIRECTION ( 'NONE',  ( 0.000000000000000000, 0.7071067811865441310, 0.7071067811865510144 ) ) ;
#286 = AXIS2_PLACEMENT_3D ( 'NONE', #489, #272, #1619 ) ;
#287 = VERTEX_POINT ( 'NONE', #1928 ) ;
#288 = ADVANCED_FACE ( 'NONE', ( #158 ), #174, .F. ) ;
#289 = CARTESIAN_POINT ( 'NONE',  ( 1.037395093780964173, 10.00000000000000000, -3.192773801676084489 ) ) ;
#290 = DIRECTION ( 'NONE',  ( 0.000000000000000000, 0.000000000000000000, 1.000000000000000000 ) ) ;
#291 = EDGE_CURVE ( 'NONE', #91, #839, #2291, .T. ) ;
#292 =( BOUNDED_SURFACE ( )  B_SPLINE_SURFACE ( 3, 2, ( 
 ( #1490, #1150, #2273 ),
 ( #754, #576, #937 ),
 ( #537, #1665, #1705 ),
 ( #2069, #2081, #2299 ),
 ( #329, #2493, #2119 ),
 ( #1112, #142, #1335 ) ),
 .UNSPECIFIED., .F., .F., .F. ) 
 B_SPLINE_SURFACE_WITH_KNOTS ( ( 4, 2, 4 ),
 ( 3, 3 ),
 ( -3.579676697383053655E-05, 0.004522367639277565139, 0.009080532045528961343 ),
 ( 0.000000000000000000, 1.000000000000000000 ),
 .UNSPECIFIED. ) 
 GEOMETRIC_REPRESENTATION_ITEM ( )  RATIONAL_B_SPLINE_SURFACE ( (
 ( 1.000000000000000000, 1.000000000000000000, 1.000000000000000000),
 ( 1.000000000000000000, 0.9999971713165213272, 1.000000000000000000),
 ( 1.000000000000000000, 0.9972941864886637475, 1.000000000000000000),
 ( 1.000000000000000000, 0.9873438263595573083, 1.000000000000000000),
 ( 1.000000000000000000, 0.9800842286239366263, 1.000000000000000000),
 ( 1.000000000000000000, 0.9710943484845423468, 1.000000000000000000) ) ) 
 REPRESENTATION_ITEM ( '' )  SURFACE ( )  );
#293 = ORIENTED_EDGE ( 'NONE', *, *, #976, .T. ) ;
#294 = DIRECTION ( 'NONE',  ( 0.000000000000000000, 1.000000000000000000, 0.000000000000000000 ) ) ;
#295 = VECTOR ( 'NONE', #1899, 100.0000000000000000 ) ;
#296 = DIRECTION ( 'NONE',  ( 0.000000000000000000, 0.000000000000000000, 1.000000000000000000 ) ) ;
#297 = CARTESIAN_POINT ( 'NONE',  ( -7.716983894603729688, 2.037731070277506440, 5.297699992987204176 ) ) ;
#298 = AXIS2_PLACEMENT_3D ( 'NONE', #1404, #1381, #2322 ) ;
#299 = FACE_OUTER_BOUND ( 'NONE', #1750, .T. ) ;
#300 = CARTESIAN_POINT ( 'NONE',  ( 0.8168655507555904194, 9.558672630023956174, 3.614106705407421849 ) ) ;
#301 = CARTESIAN_POINT ( 'NONE',  ( 0.1009933094276185134, 16.00000000000000000, 3.355910417664811352 ) ) ;
#302 = CARTESIAN_POINT ( 'NONE',  ( 0.000000000000000000, 16.00000000000000000, 0.000000000000000000 ) ) ;
#303 = EDGE_CURVE ( 'NONE', #1712, #62, #848, .T. ) ;
#304 = ORIENTED_EDGE ( 'NONE', *, *, #2433, .F. ) ;
#305 = EDGE_LOOP ( 'NONE', ( #638, #336, #244, #828 ) ) ;
#306 = CARTESIAN_POINT ( 'NONE',  ( 0.000000000000000000, 13.00000000000000000, 1.857081042999982445 ) ) ;
#307 = VECTOR ( 'NONE', #610, 100.0000000000000000 ) ;
#308 = CARTESIAN_POINT ( 'NONE',  ( -0.1469463130731171463, 0.000000000000000000, 0.2022542485937377232 ) ) ;
#309 = FACE_OUTER_BOUND ( 'NONE', #41, .T. ) ;
#310 = CIRCLE ( 'NONE', #1753, 2.840810430000000331 ) ;
#311 = CARTESIAN_POINT ( 'NONE',  ( 3.384618814576458856, 9.963456142830494855, -0.08196995390536983284 ) ) ;
#312 = CARTESIAN_POINT ( 'NONE',  ( -3.229830459748044724, 8.916010612725225215, 2.655626181629053839 ) ) ;
#313 = CARTESIAN_POINT ( 'NONE',  ( 3.503733612091612049, 9.805385467609648131, 0.5078122535212917787 ) ) ;
#314 = CARTESIAN_POINT ( 'NONE',  ( 0.7509250364755544194, 9.863678300712271252, 3.393865830830269825 ) ) ;
#315 = ORIENTED_EDGE ( 'NONE', *, *, #1446, .T. ) ;
#316 = ORIENTED_EDGE ( 'NONE', *, *, #2334, .T. ) ;
#317 = DIRECTION ( 'NONE',  ( 0.000000000000000000, 0.000000000000000000, -1.000000000000000000 ) ) ;
#318 = DIRECTION ( 'NONE',  ( -0.000000000000000000, -1.000000000000000000, -0.000000000000000000 ) ) ;
#319 = DIRECTION ( 'NONE',  ( 0.000000000000000000, 0.000000000000000000, -1.000000000000000000 ) ) ;
#320 = EDGE_CURVE ( 'NONE', #443, #2294, #1914, .T. ) ;
#321 = CARTESIAN_POINT ( 'NONE',  ( -2.673933616446314776, 9.940741915399561535, 2.107023730667223482 ) ) ;
#322 = CARTESIAN_POINT ( 'NONE',  ( 0.9746438051627630550, 9.248423588762905823, 3.808662188134084303 ) ) ;
#323 = CARTESIAN_POINT ( 'NONE',  ( 3.503733612091573857, 9.805385467609697869, -0.5078122535211331279 ) ) ;
#324 = DIRECTION ( 'NONE',  ( -0.000000000000000000, -1.000000000000000000, -0.000000000000000000 ) ) ;
#325 = ORIENTED_EDGE ( 'NONE', *, *, #193, .F. ) ;
#326 = ORIENTED_EDGE ( 'NONE', *, *, #1053, .F. ) ;
#327 = CARTESIAN_POINT ( 'NONE',  ( 0.4772695084430416124, 9.912984974832609097, 3.443714566389786569 ) ) ;
#328 = CARTESIAN_POINT ( 'NONE',  ( -2.075362597741801984, 9.999999999999991118, 2.639195987195412041 ) ) ;
#329 = CARTESIAN_POINT ( 'NONE',  ( 3.546794096008778485, 9.748242275410902380, -0.6912993790756679635 ) ) ;
#330 = AXIS2_PLACEMENT_3D ( 'NONE', #1837, #468, #70 ) ;
#331 = EDGE_CURVE ( 'NONE', #1812, #1712, #977, .T. ) ;
#332 = CARTESIAN_POINT ( 'NONE',  ( 0.000000000000000000, 22.00000000000000000, 0.000000000000000000 ) ) ;
#333 = CARTESIAN_POINT ( 'NONE',  ( 1.607490408099782719, 9.790271604656012983, -3.173713463521172340 ) ) ;
#334 = CARTESIAN_POINT ( 'NONE',  ( 2.478634600165443569, 16.00000000000000000, -3.583367931727452049 ) ) ;
#335 = CYLINDRICAL_SURFACE ( 'NONE', #2417, 3.357081043000000875 ) ;
#336 = ORIENTED_EDGE ( 'NONE', *, *, #303, .F. ) ;
#337 = EDGE_LOOP ( 'NONE', ( #1255, #2308 ) ) ;
#338 = CARTESIAN_POINT ( 'NONE',  ( -2.662189049635245830, 9.928689621219506378, 2.138640055101455495 ) ) ;
#339 = CARTESIAN_POINT ( 'NONE',  ( -2.462016337873157212, 9.871130500805429975, 2.480053871196761683 ) ) ;
#340 = PLANE ( 'NONE',  #1075 ) ;
#341 = EDGE_CURVE ( 'NONE', #2487, #423, #55, .T. ) ;
#342 = CARTESIAN_POINT ( 'NONE',  ( -3.169665004606637471, 10.00000000000000000, -1.105991359750146508 ) ) ;
#343 = DIRECTION ( 'NONE',  ( -0.000000000000000000, -1.000000000000000000, -0.000000000000000000 ) ) ;
#344 = DIRECTION ( 'NONE',  ( 0.000000000000000000, 1.000000000000000000, 0.000000000000000000 ) ) ;
#345 = LINE ( 'NONE', #1348, #1203 ) ;
#346 = EDGE_CURVE ( 'NONE', #1790, #1362, #2427, .T. ) ;
#347 = ORIENTED_EDGE ( 'NONE', *, *, #2084, .T. ) ;
#348 = ORIENTED_EDGE ( 'NONE', *, *, #1578, .T. ) ;
#349 = VECTOR ( 'NONE', #2214, 100.0000000000000000 ) ;
#350 = CARTESIAN_POINT ( 'NONE',  ( 0.3358385939061796499, 9.903454741281683127, 3.497219380613437512 ) ) ;
#351 = ORIENTED_EDGE ( 'NONE', *, *, #135, .F. ) ;
#352 = CYLINDRICAL_SURFACE ( 'NONE', #1618, 1.000000000000000222 ) ;
#353 = CIRCLE ( 'NONE', #389, 3.357081043000000875 ) ;
#354 =( BOUNDED_SURFACE ( )  B_SPLINE_SURFACE ( 3, 2, ( 
 ( #1973, #1725, #1763 ),
 ( #1379, #1781, #983 ),
 ( #1945, #39, #2513 ),
 ( #2343, #815, #1575 ),
 ( #54, #1959, #1208 ),
 ( #2126, #11, #1548 ) ),
 .UNSPECIFIED., .F., .F., .F. ) 
 B_SPLINE_SURFACE_WITH_KNOTS ( ( 4, 2, 4 ),
 ( 3, 3 ),
 ( -3.579676697372255679E-05, 0.004522367639277657080, 0.009080532045529035937 ),
 ( 0.000000000000000000, 1.000000000000000000 ),
 .UNSPECIFIED. ) 
 GEOMETRIC_REPRESENTATION_ITEM ( )  RATIONAL_B_SPLINE_SURFACE ( (
 ( 1.000000000000000000, 1.000000000000000000, 1.000000000000000000),
 ( 1.000000000000000000, 0.9999971713164579334, 1.000000000000000000),
 ( 1.000000000000000000, 0.9972941864887482355, 1.000000000000000000),
 ( 1.000000000000000000, 0.9873438263594730424, 1.000000000000000000),
 ( 1.000000000000000000, 0.9800842286240005752, 1.000000000000000000),
 ( 1.000000000000000000, 0.9710943484845422358, 1.000000000000000000) ) ) 
 REPRESENTATION_ITEM ( '' )  SURFACE ( )  );
#355 = CARTESIAN_POINT ( 'NONE',  ( 0.000000000000000000, 5.800000000000007816, -2.857081042999999987 ) ) ;
#356 = CARTESIAN_POINT ( 'NONE',  ( -3.229830459748043836, 0.000000000000000000, 2.655626181629053839 ) ) ;
#357 = CARTESIAN_POINT ( 'NONE',  ( -7.423091268457573833, 2.037731070277506440, -5.702208490174568212 ) ) ;
#358 = VECTOR ( 'NONE', #210, 100.0000000000000000 ) ;
#359 = DIRECTION ( 'NONE',  ( 0.000000000000000000, 0.000000000000000000, 1.000000000000000000 ) ) ;
#360 = CIRCLE ( 'NONE', #1174, 0.2950000000000000955 ) ;
#361 = EDGE_CURVE ( 'NONE', #1236, #1151, #1697, .T. ) ;
#362 = ORIENTED_EDGE ( 'NONE', *, *, #1578, .F. ) ;
#363 = ORIENTED_EDGE ( 'NONE', *, *, #452, .F. ) ;
#364 = CARTESIAN_POINT ( 'NONE',  ( -2.613412777481707749, 10.00000000006532908, -2.114353308124592434 ) ) ;
#365 = EDGE_CURVE ( 'NONE', #1932, #2256, #1695, .T. ) ;
#366 = ORIENTED_EDGE ( 'NONE', *, *, #1501, .T. ) ;
#367 = DIRECTION ( 'NONE',  ( -0.000000000000000000, -1.000000000000000000, -0.000000000000000000 ) ) ;
#368 = CARTESIAN_POINT ( 'NONE',  ( 0.000000000000000000, 16.00000000000000000, 0.000000000000000000 ) ) ;
#369 = CARTESIAN_POINT ( 'NONE',  ( 1.037395093780964173, 10.00000000000000000, -3.192773801676084489 ) ) ;
#370 = AXIS2_PLACEMENT_3D ( 'NONE', #334, #543, #940 ) ;
#371 = LINE ( 'NONE', #579, #1274 ) ;
#372 = CARTESIAN_POINT ( 'NONE',  ( -3.133064589497917218, 9.805385467609696093, 1.648614202098457104 ) ) ;
#373 = EDGE_CURVE ( 'NONE', #1621, #2018, #1509, .T. ) ;
#374 = VECTOR ( 'NONE', #818, 100.0000000000000142 ) ;
#375 = VERTEX_POINT ( 'NONE', #760 ) ;
#376 = ORIENTED_EDGE ( 'NONE', *, *, #975, .T. ) ;
#377 = EDGE_CURVE ( 'NONE', #1888, #400, #1523, .T. ) ;
#378 = ORIENTED_EDGE ( 'NONE', *, *, #2411, .T. ) ;
#379 = LINE ( 'NONE', #2311, #2280 ) ;
#380 = CARTESIAN_POINT ( 'NONE',  ( 0.000000000000000000, 10.00000000000000000, 0.000000000000000000 ) ) ;
#381 = CARTESIAN_POINT ( 'NONE',  ( 1.190409622970198367, 9.970376588387043881, -3.166527992150763193 ) ) ;
#382 = LINE ( 'NONE', #953, #1149 ) ;
#383 = CARTESIAN_POINT ( 'NONE',  ( 3.129261189104547203, 2.037731070277506440, 8.821858650853229733 ) ) ;
#384 = ORIENTED_EDGE ( 'NONE', *, *, #199, .F. ) ;
#385 = ORIENTED_EDGE ( 'NONE', *, *, #1143, .F. ) ;
#386 = EDGE_LOOP ( 'NONE', ( #139, #654, #642, #2014 ) ) ;
#387 = VERTEX_POINT ( 'NONE', #1339 ) ;
#388 = DIRECTION ( 'NONE',  ( 0.000000000000000000, 0.000000000000000000, -1.000000000000000000 ) ) ;
#389 = AXIS2_PLACEMENT_3D ( 'NONE', #380, #221, #973 ) ;
#390 = LINE ( 'NONE', #1185, #1809 ) ;
#391 = CARTESIAN_POINT ( 'NONE',  ( -2.472461737334660903, 3.100000000000000089, 0.000000000000000000 ) ) ;
#392 = EDGE_CURVE ( 'NONE', #1073, #2101, #371, .T. ) ;
#393 = DIRECTION ( 'NONE',  ( 0.000000000000000000, 0.000000000000000000, 1.000000000000000000 ) ) ;
#394 = CARTESIAN_POINT ( 'NONE',  ( 1.052049825722711551, 0.000000000000000000, -4.046893423289869673 ) ) ;
#395 = ORIENTED_EDGE ( 'NONE', *, *, #1010, .T. ) ;
#396 = ORIENTED_EDGE ( 'NONE', *, *, #341, .F. ) ;
#397 = CIRCLE ( 'NONE', #770, 1.000000000000000000 ) ;
#398 = EDGE_LOOP ( 'NONE', ( #2202, #1759, #661, #1331 ) ) ;
#399 = ORIENTED_EDGE ( 'NONE', *, *, #2430, .T. ) ;
#400 = VERTEX_POINT ( 'NONE', #32 ) ;
#401 = DIRECTION ( 'NONE',  ( 0.000000000000000000, 0.000000000000000000, -1.000000000000000000 ) ) ;
#402 = DIRECTION ( 'NONE',  ( 0.000000000000000000, 0.000000000000000000, -1.000000000000000000 ) ) ;
#403 = FACE_OUTER_BOUND ( 'NONE', #518, .T. ) ;
#404 = EDGE_CURVE ( 'NONE', #1807, #1921, #1104, .T. ) ;
#405 = DIRECTION ( 'NONE',  ( 0.000000000000000000, 1.000000000000000000, 0.000000000000000000 ) ) ;
#406 = CARTESIAN_POINT ( 'NONE',  ( 0.000000000000000000, 22.00000000000000000, -2.840810430000000331 ) ) ;
#407 = AXIS2_PLACEMENT_3D ( 'NONE', #753, #1857, #1867 ) ;
#408 = EDGE_LOOP ( 'NONE', ( #2491, #1782, #2374, #2181 ) ) ;
#409 = VERTEX_POINT ( 'NONE', #1568 ) ;
#410 = CYLINDRICAL_SURFACE ( 'NONE', #105, 3.357081043000000875 ) ;
#411 = AXIS2_PLACEMENT_3D ( 'NONE', #391, #1383, #1199 ) ;
#412 = ORIENTED_EDGE ( 'NONE', *, *, #2064, .T. ) ;
#413 = ORIENTED_EDGE ( 'NONE', *, *, #73, .T. ) ;
#414 = CARTESIAN_POINT ( 'NONE',  ( 0.000000000000000000, 0.000000000000000000, -3.357081043000000875 ) ) ;
#415 = VERTEX_POINT ( 'NONE', #2354 ) ;
#416 = CARTESIAN_POINT ( 'NONE',  ( 0.000000000000000000, 10.00000000000000000, 0.000000000000000000 ) ) ;
#417 = CARTESIAN_POINT ( 'NONE',  ( -2.472461737334660903, 3.100000000000000089, 0.000000000000000000 ) ) ;
#418 = ADVANCED_FACE ( 'NONE', ( #1385 ), #620, .F. ) ;
#419 = EDGE_CURVE ( 'NONE', #1546, #2412, #1032, .T. ) ;
#420 = CARTESIAN_POINT ( 'NONE',  ( 0.000000000000000000, 4.892918957000016889, 0.000000000000000000 ) ) ;
#421 = FACE_OUTER_BOUND ( 'NONE', #1158, .T. ) ;
#422 = AXIS2_PLACEMENT_3D ( 'NONE', #2285, #1792, #1429 ) ;
#423 = VERTEX_POINT ( 'NONE', #1968 ) ;
#424 = CARTESIAN_POINT ( 'NONE',  ( 3.498915154214531049E-16, 16.00000000000000000, 2.857081042999999987 ) ) ;
#425 = FACE_OUTER_BOUND ( 'NONE', #1698, .T. ) ;
#426 = ADVANCED_FACE ( 'NONE', ( #1556 ), #235, .F. ) ;
#427 = AXIS2_PLACEMENT_3D ( 'NONE', #478, #113, #290 ) ;
#428 = ORIENTED_EDGE ( 'NONE', *, *, #1171, .T. ) ;
#429 = EDGE_LOOP ( 'NONE', ( #1130, #2504 ) ) ;
#430 = CARTESIAN_POINT ( 'NONE',  ( -7.423091268457489456, 0.000000000000000000, 5.702208490174675681 ) ) ;
#431 = DIRECTION ( 'NONE',  ( 0.000000000000000000, 0.000000000000000000, -1.000000000000000000 ) ) ;
#432 = DIRECTION ( 'NONE',  ( -0.8090169943749507819, 0.000000000000000000, -0.5877852522924685852 ) ) ;
#433 = PRODUCT_DEFINITION ( 'UNKNOWN', '', #574, #1764 ) ;
#434 = CARTESIAN_POINT ( 'NONE',  ( 3.478989400083916425E-16, 22.00000000000000000, 2.840810430000000331 ) ) ;
#435 = DIRECTION ( 'NONE',  ( 0.000000000000000000, 0.000000000000000000, 1.000000000000000000 ) ) ;
#436 = ORIENTED_EDGE ( 'NONE', *, *, #1416, .F. ) ;
#437 = CARTESIAN_POINT ( 'NONE',  ( -2.642045207455564260, 16.00000000000000000, 3.464643176003995961 ) ) ;
#438 = CARTESIAN_POINT ( 'NONE',  ( 0.000000000000000000, 0.000000000000000000, 0.000000000000000000 ) ) ;
#439 = ADVANCED_FACE ( 'NONE', ( #605, #1775 ), #49, .T. ) ;
#440 = VECTOR ( 'NONE', #1282, 100.0000000000000000 ) ;
#441 = EDGE_LOOP ( 'NONE', ( #613, #1547 ) ) ;
#442 = DIRECTION ( 'NONE',  ( 0.3090169943749582204, 0.000000000000000000, 0.9510565162951500895 ) ) ;
#443 = VERTEX_POINT ( 'NONE', #261 ) ;
#444 = DIRECTION ( 'NONE',  ( 0.000000000000000000, 0.000000000000000000, 1.000000000000000000 ) ) ;
#445 = CARTESIAN_POINT ( 'NONE',  ( 1.052049825722768395, 0.000000000000000000, 4.046893423289852798 ) ) ;
#446 = ORIENTED_EDGE ( 'NONE', *, *, #1088, .F. ) ;
#447 = CARTESIAN_POINT ( 'NONE',  ( 3.478989400083916425E-16, 16.00000000000000000, 2.840810430000000331 ) ) ;
#448 = DIRECTION ( 'NONE',  ( 0.000000000000000000, 0.000000000000000000, 1.000000000000000000 ) ) ;
#449 = ORIENTED_EDGE ( 'NONE', *, *, #678, .F. ) ;
#450 = DIRECTION ( 'NONE',  ( -0.000000000000000000, -1.000000000000000000, -0.000000000000000000 ) ) ;
#451 = LINE ( 'NONE', #1761, #307 ) ;
#452 = EDGE_CURVE ( 'NONE', #415, #205, #2368, .T. ) ;
#453 = EDGE_CURVE ( 'NONE', #1000, #701, #2337, .T. ) ;
#454 = VERTEX_POINT ( 'NONE', #63 ) ;
#455 = DIRECTION ( 'NONE',  ( 0.000000000000000000, 0.000000000000000000, 1.000000000000000000 ) ) ;
#456 = ORIENTED_EDGE ( 'NONE', *, *, #1718, .T. ) ;
#457 = DIRECTION ( 'NONE',  ( 0.000000000000000000, 1.000000000000000000, 0.000000000000000000 ) ) ;
#458 = DIRECTION ( 'NONE',  ( -0.000000000000000000, -1.000000000000000000, -0.000000000000000000 ) ) ;
#459 = EDGE_CURVE ( 'NONE', #1888, #1932, #811, .T. ) ;
#460 = FACE_BOUND ( 'NONE', #1739, .T. ) ;
#461 = FACE_OUTER_BOUND ( 'NONE', #1633, .T. ) ;
#462 = VERTEX_POINT ( 'NONE', #434 ) ;
#463 = DIRECTION ( 'NONE',  ( 0.000000000000000000, 0.000000000000000000, 1.000000000000000000 ) ) ;
#464 = CARTESIAN_POINT ( 'NONE',  ( 3.498915154214531049E-16, 16.00000000000000000, 2.857081042999999987 ) ) ;
#465 =( BOUNDED_SURFACE ( )  B_SPLINE_SURFACE ( 3, 2, ( 
 ( #369, #2263, #2480 ),
 ( #758, #381, #1507 ),
 ( #526, #927, #2072 ),
 ( #2289, #951, #333 ),
 ( #2466, #1521, #1678 ),
 ( #974, #553, #2507 ) ),
 .UNSPECIFIED., .F., .F., .F. ) 
 B_SPLINE_SURFACE_WITH_KNOTS ( ( 4, 2, 4 ),
 ( 3, 3 ),
 ( -3.579676697408395525E-05, 0.004522367639277445443, 0.009080532045528975221 ),
 ( 0.000000000000000000, 1.000000000000000000 ),
 .UNSPECIFIED. ) 
 GEOMETRIC_REPRESENTATION_ITEM ( )  RATIONAL_B_SPLINE_SURFACE ( (
 ( 1.000000000000000000, 1.000000000000000000, 1.000000000000000000),
 ( 1.000000000000000000, 0.9999971713165207721, 1.000000000000000000),
 ( 1.000000000000000000, 0.9972941864886638585, 1.000000000000000000),
 ( 1.000000000000000000, 0.9873438263595571973, 1.000000000000000000),
 ( 1.000000000000000000, 0.9800842286239372925, 1.000000000000000000),
 ( 1.000000000000000000, 0.9710943484845419027, 1.000000000000000000) ) ) 
 REPRESENTATION_ITEM ( '' )  SURFACE ( )  );
#466 = ORIENTED_EDGE ( 'NONE', *, *, #1834, .F. ) ;
#467 = CARTESIAN_POINT ( 'NONE',  ( -2.462252649281251315, 9.870899395104570928, -2.480035883089300786 ) ) ;
#468 = DIRECTION ( 'NONE',  ( 0.000000000000000000, 1.000000000000000000, 0.000000000000000000 ) ) ;
#469 = CARTESIAN_POINT ( 'NONE',  ( 2.472461737334660903, 3.100000000000000089, 0.000000000000000000 ) ) ;
#470 = ADVANCED_FACE ( 'NONE', ( #1982 ), #2188, .F. ) ;
#471 = ORIENTED_EDGE ( 'NONE', *, *, #2020, .T. ) ;
#472 = DIRECTION ( 'NONE',  ( 0.000000000000000000, 0.000000000000000000, -1.000000000000000000 ) ) ;
#473 = CIRCLE ( 'NONE', #1443, 1.949999999999999956 ) ;
#474 = CARTESIAN_POINT ( 'NONE',  ( -3.064693414196530963, 9.833339162961905799, -1.706881779011332645 ) ) ;
#475 = EDGE_CURVE ( 'NONE', #1823, #1467, #1773, .T. ) ;
#476 = VERTEX_POINT ( 'NONE', #1003 ) ;
#477 = CARTESIAN_POINT ( 'NONE',  ( 0.9247802624251936221, 9.940741915392091954, -3.276316751021238094 ) ) ;
#478 = CARTESIAN_POINT ( 'NONE',  ( 0.000000000000000000, 10.00000000000000000, 0.000000000000000000 ) ) ;
#479 = AXIS2_PLACEMENT_3D ( 'NONE', #1592, #1356, #402 ) ;
#480 = ORIENTED_EDGE ( 'NONE', *, *, #935, .F. ) ;
#481 = B_SPLINE_CURVE_WITH_KNOTS ( 'NONE', 3,
 ( #94, #1267, #281, #120, #1063, #1280 ),
 .UNSPECIFIED., .F., .F.,
 ( 4, 2, 4 ),
 ( -3.579676697321148421E-05, 0.002780507572604338281, 0.005596811912181887463 ),
 .UNSPECIFIED. ) ;
#482 = ORIENTED_EDGE ( 'NONE', *, *, #213, .T. ) ;
#483 = PRESENTATION_STYLE_ASSIGNMENT (( #1602 ) ) ;
#484 = AXIS2_PLACEMENT_3D ( 'NONE', #1409, #405, #1229 ) ;
#485 = CARTESIAN_POINT ( 'NONE',  ( 0.000000000000000000, 14.00000000000000711, -2.857081042999999987 ) ) ;
#486 = VECTOR ( 'NONE', #1386, 100.0000000000000142 ) ;
#487 = CARTESIAN_POINT ( 'NONE',  ( -2.642045207455564260, 16.00000000000000000, 3.464643176003995961 ) ) ;
#488 = EDGE_CURVE ( 'NONE', #2138, #1362, #1646, .T. ) ;
#489 = CARTESIAN_POINT ( 'NONE',  ( 0.000000000000000000, 1.300000000000000044, 0.000000000000000000 ) ) ;
#490 = CARTESIAN_POINT ( 'NONE',  ( 0.000000000000000000, 22.00000000000000000, 0.000000000000000000 ) ) ;
#491 = VECTOR ( 'NONE', #190, 100.0000000000000142 ) ;
#492 = AXIS2_PLACEMENT_3D ( 'NONE', #332, #2262, #1324 ) ;
#493 = CARTESIAN_POINT ( 'NONE',  ( 0.7064481455028520651, 10.00000000001761613, -3.286009477460495098 ) ) ;
#494 = DIRECTION ( 'NONE',  ( 0.000000000000000000, 0.000000000000000000, 1.000000000000000000 ) ) ;
#495 = VERTEX_POINT ( 'NONE', #1731 ) ;
#496 = CARTESIAN_POINT ( 'NONE',  ( -2.182034063744627606, 9.987804755510797605, -2.576385671152931600 ) ) ;
#497 = VECTOR ( 'NONE', #2122, 100.0000000000000000 ) ;
#498 = DIRECTION ( 'NONE',  ( 0.3090169943749447867, 0.000000000000000000, -0.9510565162951545304 ) ) ;
#499 = CARTESIAN_POINT ( 'NONE',  ( 3.863760651309899072E-16, 16.00000000000000000, 3.154999999999999361 ) ) ;
#500 = VECTOR ( 'NONE', #2236, 100.0000000000000000 ) ;
#501 = DIRECTION ( 'NONE',  ( 0.000000000000000000, 1.000000000000000000, 0.000000000000000000 ) ) ;
#502 = CARTESIAN_POINT ( 'NONE',  ( 3.357081042950702532, 10.00000000006541967, 0.1744222696308137255 ) ) ;
#503 = LINE ( 'NONE', #1439, #349 ) ;
#504 = CARTESIAN_POINT ( 'NONE',  ( 3.248068353805019015, 9.997514792513998216, 0.8689030543746298907 ) ) ;
#505 = EDGE_CURVE ( 'NONE', #1048, #387, #1218, .T. ) ;
#506 = VERTEX_POINT ( 'NONE', #447 ) ;
#507 = EDGE_LOOP ( 'NONE', ( #1603, #181, #2478, #711 ) ) ;
#508 = CARTESIAN_POINT ( 'NONE',  ( -2.643690277196507399, 9.970376588392134920, -2.110657791723695276 ) ) ;
#509 = EDGE_CURVE ( 'NONE', #2018, #532, #900, .T. ) ;
#510 = VECTOR ( 'NONE', #37, 100.0000000000000000 ) ;
#511 = CYLINDRICAL_SURFACE ( 'NONE', #2166, 0.9999999999999998890 ) ;
#512 = CARTESIAN_POINT ( 'NONE',  ( 3.129261189104422414, 0.000000000000000000, -8.821858650853277695 ) ) ;
#513 = CARTESIAN_POINT ( 'NONE',  ( 3.357081043000000875, 10.00000000000000000, 0.000000000000000000 ) ) ;
#514 = LINE ( 'NONE', #85, #857 ) ;
#515 = DIRECTION ( 'NONE',  ( -0.9510565162951500895, 0.000000000000000000, 0.3090169943749581649 ) ) ;
#516 = FACE_OUTER_BOUND ( 'NONE', #1684, .T. ) ;
#517 = ORIENTED_EDGE ( 'NONE', *, *, #2254, .T. ) ;
#518 = EDGE_LOOP ( 'NONE', ( #2092, #1830, #252, #1159, #241, #1265, #981 ) ) ;
#519 = EDGE_CURVE ( 'NONE', #2320, #375, #2325, .T. ) ;
#520 = CARTESIAN_POINT ( 'NONE',  ( 0.1985736100384260794, 9.901912455097642507, 3.543041482661817732 ) ) ;
#521 = ADVANCED_FACE ( 'NONE', ( #1953 ), #1471, .F. ) ;
#522 = CARTESIAN_POINT ( 'NONE',  ( -3.133064589497941199, 9.805385467609696093, -1.648614202098411585 ) ) ;
#523 = DIRECTION ( 'NONE',  ( 0.000000000000000000, 1.000000000000000000, 0.000000000000000000 ) ) ;
#524 = VECTOR ( 'NONE', #1993, 100.0000000000000000 ) ;
#525 = CARTESIAN_POINT ( 'NONE',  ( -2.715935615280957283, 10.00000000000000000, 1.973242727826057807 ) ) ;
#526 = CARTESIAN_POINT ( 'NONE',  ( 1.359939354388093768, 10.00000000001757172, -3.073677312378685578 ) ) ;
#527 = ORIENTED_EDGE ( 'NONE', *, *, #856, .F. ) ;
#528 = VECTOR ( 'NONE', #1649, 100.0000000000000000 ) ;
#529 = CARTESIAN_POINT ( 'NONE',  ( 1.527578083870288816, 0.000000000000000000, -3.892384926102396836 ) ) ;
#530 = CARTESIAN_POINT ( 'NONE',  ( -3.111254663332623238, 9.941982169939922898, 1.444995391433284038 ) ) ;
#531 = ORIENTED_EDGE ( 'NONE', *, *, #320, .F. ) ;
#532 = VERTEX_POINT ( 'NONE', #1042 ) ;
#533 = EDGE_CURVE ( 'NONE', #116, #2213, #776, .T. ) ;
#534 = CARTESIAN_POINT ( 'NONE',  ( 0.9247802624193791621, 9.940741915398593420, 3.276316751017978923 ) ) ;
#535 = EDGE_CURVE ( 'NONE', #462, #1571, #2434, .T. ) ;
#536 = CARTESIAN_POINT ( 'NONE',  ( -2.335356516853972941, 9.943408935941576487, 2.511684166336316970 ) ) ;
#537 = CARTESIAN_POINT ( 'NONE',  ( 3.442575526393381935, 9.886544988535700185, -0.2688861301688929561 ) ) ;
#538 = B_SPLINE_CURVE_WITH_KNOTS ( 'NONE', 3,
 ( #660, #1217, #1942, #841, #1954, #1608, #2355, #1969, #826, #810 ),
 .UNSPECIFIED., .F., .F.,
 ( 4, 2, 2, 2, 4 ),
 ( 0.000000000000000000, 0.001482210797659544834, 0.002964421595319089667, 0.004446632392978634718, 0.005928843190638179335 ),
 .UNSPECIFIED. ) ;
#539 = CARTESIAN_POINT ( 'NONE',  ( 3.215961899580620731, 16.00000000000000000, 0.9631106840419632054 ) ) ;
#540 = CARTESIAN_POINT ( 'NONE',  ( 0.000000000000000000, 16.00000000000000000, -2.857081042999999987 ) ) ;
#541 = AXIS2_PLACEMENT_3D ( 'NONE', #417, #793, #1951 ) ;
#542 = ADVANCED_FACE ( 'NONE', ( #299, #1291 ), #2057, .F. ) ;
#543 = DIRECTION ( 'NONE',  ( -0.000000000000000000, -1.000000000000000000, -0.000000000000000000 ) ) ;
#544 = CARTESIAN_POINT ( 'NONE',  ( 0.3228375292943589381, 9.974208040145732923, -3.379706561310306778 ) ) ;
#545 = ORIENTED_EDGE ( 'NONE', *, *, #134, .F. ) ;
#546 = ORIENTED_EDGE ( 'NONE', *, *, #303, .T. ) ;
#547 = CARTESIAN_POINT ( 'NONE',  ( -2.715935615280985260, 10.00000000000000000, -1.973242727826018950 ) ) ;
#548 = AXIS2_PLACEMENT_3D ( 'NONE', #1573, #52, #2396 ) ;
#549 = ORIENTED_EDGE ( 'NONE', *, *, #1450, .F. ) ;
#550 = DIRECTION ( 'NONE',  ( 0.000000000000000000, 1.000000000000000000, 0.000000000000000000 ) ) ;
#551 = CARTESIAN_POINT ( 'NONE',  ( 3.357081043000000875, 10.00000000000000000, 0.000000000000000000 ) ) ;
#552 = CARTESIAN_POINT ( 'NONE',  ( -3.165949027307493058, 9.790271604655192306, -1.622728972183256069 ) ) ;
#553 = CARTESIAN_POINT ( 'NONE',  ( 1.921898106613630475, 9.901912455097640731, -2.983099410723867528 ) ) ;
#554 = EDGE_CURVE ( 'NONE', #51, #2088, #1850, .T. ) ;
#555 = CIRCLE ( 'NONE', #427, 1.949999999999999956 ) ;
#556 = ADVANCED_FACE ( 'NONE', ( #1079 ), #1606, .F. ) ;
#557 = CARTESIAN_POINT ( 'NONE',  ( -3.229830459748043836, 0.000000000000000000, 2.655626181629053839 ) ) ;
#558 = DIRECTION ( 'NONE',  ( 0.000000000000000000, 1.000000000000000000, 0.000000000000000000 ) ) ;
#559 = EDGE_LOOP ( 'NONE', ( #263, #1724, #347, #560 ) ) ;
#560 = ORIENTED_EDGE ( 'NONE', *, *, #1041, .T. ) ;
#561 = AXIS2_PLACEMENT_3D ( 'NONE', #662, #2203, #1105 ) ;
#562 = VERTEX_POINT ( 'NONE', #706 ) ;
#563 = DIRECTION ( 'NONE',  ( 0.000000000000000000, 0.000000000000000000, -1.000000000000000000 ) ) ;
#564 = CARTESIAN_POINT ( 'NONE',  ( 1.527578083870288816, 8.916010612725225215, -3.892384926102396836 ) ) ;
#565 = CARTESIAN_POINT ( 'NONE',  ( 2.653732930956844704, 2.037731070277506440, -8.976367148040749200 ) ) ;
#566 = CARTESIAN_POINT ( 'NONE',  ( 3.478989400083916425E-16, 22.00000000000000000, 2.840810430000000331 ) ) ;
#567 = EDGE_CURVE ( 'NONE', #2344, #415, #2026, .T. ) ;
#568 = ADVANCED_FACE ( 'NONE', ( #460, #2250, #2406, #878 ), #865, .F. ) ;
#569 = DIRECTION ( 'NONE',  ( -0.000000000000000000, -1.000000000000000000, -0.000000000000000000 ) ) ;
#570 = AXIS2_PLACEMENT_3D ( 'NONE', #284, #501, #74 ) ;
#571 = CARTESIAN_POINT ( 'NONE',  ( 0.07781418826114823439, 10.00000000000000000, -3.356179089586136755 ) ) ;
#572 = ORIENTED_EDGE ( 'NONE', *, *, #2127, .F. ) ;
#573 = VERTEX_POINT ( 'NONE', #670 ) ;
#574 = PRODUCT_DEFINITION_FORMATION_WITH_SPECIFIED_SOURCE ( 'ANY', '', #2255, .NOT_KNOWN. ) ;
#575 = ORIENTED_EDGE ( 'NONE', *, *, #533, .T. ) ;
#576 = CARTESIAN_POINT ( 'NONE',  ( 3.379403884728142682, 9.970376588387884098, -0.1536358662488988003 ) ) ;
#577 = CARTESIAN_POINT ( 'NONE',  ( -2.502996465102044876, 10.00000000001743672, 2.243197709506029369 ) ) ;
#578 = CARTESIAN_POINT ( 'NONE',  ( -7.423091268457489456, 2.037731070277506440, 5.702208490174675681 ) ) ;
#579 = CARTESIAN_POINT ( 'NONE',  ( 3.863760651309899072E-16, 22.00000000000000000, 3.154999999999999361 ) ) ;
#580 = DIRECTION ( 'NONE',  ( 0.4868785812001550362, 0.7986355100472940505, -0.3537379952168305808 ) ) ;
#581 = AXIS2_PLACEMENT_3D ( 'NONE', #741, #1505, #2286 ) ;
#582 = VERTEX_POINT ( 'NONE', #659 ) ;
#583 = ORIENTED_EDGE ( 'NONE', *, *, #596, .F. ) ;
#584 = EDGE_CURVE ( 'NONE', #1614, #624, #1840, .T. ) ;
#585 = ORIENTED_EDGE ( 'NONE', *, *, #193, .T. ) ;
#586 = EDGE_CURVE ( 'NONE', #2139, #58, #2145, .T. ) ;
#587 = FACE_OUTER_BOUND ( 'NONE', #833, .T. ) ;
#588 = DIRECTION ( 'NONE',  ( 0.000000000000000000, 0.000000000000000000, -1.000000000000000000 ) ) ;
#589 = PLANE ( 'NONE',  #2512 ) ;
#590 = CARTESIAN_POINT ( 'NONE',  ( 0.000000000000000000, 16.00000000000000000, -2.857081042999999987 ) ) ;
#591 = CARTESIAN_POINT ( 'NONE',  ( 1.037395093781010136, 10.00000000000000000, 3.192773801676069390 ) ) ;
#592 = ORIENTED_EDGE ( 'NONE', *, *, #718, .F. ) ;
#593 = VERTEX_POINT ( 'NONE', #2021 ) ;
#594 = CARTESIAN_POINT ( 'NONE',  ( 0.000000000000000000, 22.00000000000000000, -3.154999999999999361 ) ) ;
#595 = ORIENTED_EDGE ( 'NONE', *, *, #2009, .T. ) ;
#596 = EDGE_CURVE ( 'NONE', #1497, #2128, #2238, .T. ) ;
#597 = ORIENTED_EDGE ( 'NONE', *, *, #1551, .F. ) ;
#598 = EDGE_LOOP ( 'NONE', ( #2459, #88, #812, #1057 ) ) ;
#599 = EDGE_CURVE ( 'NONE', #2062, #1711, #97, .T. ) ;
#600 = DIRECTION ( 'NONE',  ( -0.000000000000000000, -1.000000000000000000, -0.000000000000000000 ) ) ;
#601 = ORIENTED_EDGE ( 'NONE', *, *, #2127, .T. ) ;
#602 = AXIS2_PLACEMENT_3D ( 'NONE', #836, #1214, #2143 ) ;
#603 = DIRECTION ( 'NONE',  ( 0.000000000000000000, 1.000000000000000000, 0.000000000000000000 ) ) ;
#604 = CARTESIAN_POINT ( 'NONE',  ( -2.536095482391627520, 9.805385467609646355, -2.470271688199436433 ) ) ;
#605 = FACE_BOUND ( 'NONE', #1892, .T. ) ;
#606 = CARTESIAN_POINT ( 'NONE',  ( 9.357081043000000875, 0.000000000000000000, 0.2500000000000000000 ) ) ;
#607 = EDGE_LOOP ( 'NONE', ( #436, #739, #1537 ) ) ;
#608 = LINE ( 'NONE', #2136, #893 ) ;
#609 = AXIS2_PLACEMENT_3D ( 'NONE', #1139, #2276, #1898 ) ;
#610 = DIRECTION ( 'NONE',  ( -0.000000000000000000, 1.000000000000000000, -0.000000000000000000 ) ) ;
#611 = APPLICATION_PROTOCOL_DEFINITION ( 'draft international standard', 'automotive_design', 1998, #2199 ) ;
#612 = ORIENTED_EDGE ( 'NONE', *, *, #1253, .T. ) ;
#613 = ORIENTED_EDGE ( 'NONE', *, *, #2223, .F. ) ;
#614 = CARTESIAN_POINT ( 'NONE',  ( 1.565671382664970190, 9.805385467609646355, -3.175326066852171003 ) ) ;
#615 = VECTOR ( 'NONE', #1829, 100.0000000000000142 ) ;
#616 = ORIENTED_EDGE ( 'NONE', *, *, #2162, .F. ) ;
#617 = EDGE_CURVE ( 'NONE', #2078, #1621, #941, .T. ) ;
#618 = DIRECTION ( 'NONE',  ( 0.000000000000000000, -1.000000000000000000, -0.000000000000000000 ) ) ;
#619 = CARTESIAN_POINT ( 'NONE',  ( -3.229830459748082916, 0.000000000000000000, -2.655626181629007210 ) ) ;
#620 = PLANE ( 'NONE',  #1464 ) ;
#621 = DIRECTION ( 'NONE',  ( -0.1859710696241413386, 0.7986355100472940505, -0.5723600993730706410 ) ) ;
#622 = ADVANCED_FACE ( 'NONE', ( #1270 ), #110, .F. ) ;
#623 = VECTOR ( 'NONE', #1534, 100.0000000000000000 ) ;
#624 = VERTEX_POINT ( 'NONE', #2444 ) ;
#625 = CARTESIAN_POINT ( 'NONE',  ( 0.000000000000000000, 10.00000000000000000, -1.949999999999999956 ) ) ;
#626 = CARTESIAN_POINT ( 'NONE',  ( -2.715935615280956839, 10.00000000000000000, 1.973242727826058251 ) ) ;
#627 = CIRCLE ( 'NONE', #745, 2.840810430000000331 ) ;
#628 = ORIENTED_EDGE ( 'NONE', *, *, #920, .F. ) ;
#629 = LINE ( 'NONE', #834, #2118 ) ;
#630 = ORIENTED_EDGE ( 'NONE', *, *, #2054, .T. ) ;
#631 = DIRECTION ( 'NONE',  ( 0.000000000000000000, -0.000000000000000000, 1.000000000000000000 ) ) ;
#632 = CARTESIAN_POINT ( 'NONE',  ( 1.037395093780965061, 10.00000000000000000, -3.192773801676085377 ) ) ;
#633 = CARTESIAN_POINT ( 'NONE',  ( 0.07781418826114824827, 16.00000000000000000, -3.356179089586137199 ) ) ;
#634 = DIRECTION ( 'NONE',  ( 0.000000000000000000, 0.000000000000000000, 1.000000000000000000 ) ) ;
#635 = ADVANCED_FACE ( 'NONE', ( #2465 ), #2367, .T. ) ;
#636 = EDGE_CURVE ( 'NONE', #1947, #91, #1113, .T. ) ;
#637 = VECTOR ( 'NONE', #1390, 100.0000000000000000 ) ;
#638 = ORIENTED_EDGE ( 'NONE', *, *, #270, .F. ) ;
#639 = ORIENTED_EDGE ( 'NONE', *, *, #2223, .T. ) ;
#640 = DIRECTION ( 'NONE',  ( -0.000000000000000000, -1.000000000000000000, -0.000000000000000000 ) ) ;
#641 = CONICAL_SURFACE ( 'NONE', #2502, 1.857081042999982445, 0.7853981633974531640 ) ;
#642 = ORIENTED_EDGE ( 'NONE', *, *, #1169, .T. ) ;
#643 = CARTESIAN_POINT ( 'NONE',  ( -2.862881928354102712, 10.00000000000000000, -1.770988479232280977 ) ) ;
#644 = FACE_OUTER_BOUND ( 'NONE', #2421, .T. ) ;
#645 = CARTESIAN_POINT ( 'NONE',  ( 0.000000000000000000, 10.00000000000000000, 0.000000000000000000 ) ) ;
#646 = ORIENTED_EDGE ( 'NONE', *, *, #2009, .F. ) ;
#647 = DIRECTION ( 'NONE',  ( 0.000000000000000000, 1.000000000000000000, 0.000000000000000000 ) ) ;
#648 = DIRECTION ( 'NONE',  ( 0.3090169943749447312, 0.000000000000000000, -0.9510565162951545304 ) ) ;
#649 = ADVANCED_FACE ( 'NONE', ( #757, #730 ), #1719, .F. ) ;
#650 = ORIENTED_EDGE ( 'NONE', *, *, #1402, .F. ) ;
#651 = ORIENTED_EDGE ( 'NONE', *, *, #1416, .T. ) ;
#652 = CARTESIAN_POINT ( 'NONE',  ( 0.7996309647071764282, 10.00000000000000000, -3.270028050269820685 ) ) ;
#653 = CARTESIAN_POINT ( 'NONE',  ( 2.653732930956972158, 2.037731070277506440, 8.976367148040708344 ) ) ;
#654 = ORIENTED_EDGE ( 'NONE', *, *, #92, .T. ) ;
#655 = SURFACE_SIDE_STYLE ('',( #1432 ) ) ;
#656 = ORIENTED_EDGE ( 'NONE', *, *, #1638, .F. ) ;
#657 = DIRECTION ( 'NONE',  ( 0.000000000000000000, 1.000000000000000000, 0.000000000000000000 ) ) ;
#658 = CARTESIAN_POINT ( 'NONE',  ( 0.07781418826119625154, 10.00000000000000000, 3.356179089586135866 ) ) ;
#659 = CARTESIAN_POINT ( 'NONE',  ( 1.527578083870288816, 0.000000000000000000, -3.892384926102396836 ) ) ;
#660 = CARTESIAN_POINT ( 'NONE',  ( 1.909759572204373201, 10.00000000000000000, 2.760943951920020734 ) ) ;
#661 = ORIENTED_EDGE ( 'NONE', *, *, #1758, .T. ) ;
#662 = CARTESIAN_POINT ( 'NONE',  ( 0.2377641290737886326, 0.000000000000000000, 0.07725424859373618280 ) ) ;
#663 = DIRECTION ( 'NONE',  ( 0.000000000000000000, 0.000000000000000000, -1.000000000000000000 ) ) ;
#664 = AXIS2_PLACEMENT_3D ( 'NONE', #1810, #2440, #668 ) ;
#665 = ORIENTED_EDGE ( 'NONE', *, *, #1276, .F. ) ;
#666 = AXIS2_PLACEMENT_3D ( 'NONE', #1922, #1392, #1170 ) ;
#667 = ADVANCED_FACE ( 'NONE', ( #1912 ), #979, .T. ) ;
#668 = DIRECTION ( 'NONE',  ( 0.000000000000000000, 0.000000000000000000, 1.000000000000000000 ) ) ;
#669 = CARTESIAN_POINT ( 'NONE',  ( 3.503733612091573857, 9.805385467609697869, -0.5078122535211331279 ) ) ;
#670 = CARTESIAN_POINT ( 'NONE',  ( 4.173925636049350629, 8.916010612725225215, 0.2500000000000000000 ) ) ;
#671 = DIRECTION ( 'NONE',  ( -0.000000000000000000, -1.000000000000000000, -0.000000000000000000 ) ) ;
#672 = CIRCLE ( 'NONE', #682, 3.154999999999999361 ) ;
#673 = ORIENTED_EDGE ( 'NONE', *, *, #1238, .T. ) ;
#674 = CARTESIAN_POINT ( 'NONE',  ( 0.3092575698005983753, 9.713812937599831443, -3.656115655246789498 ) ) ;
#675 = DIRECTION ( 'NONE',  ( 0.000000000000000000, 1.000000000000000000, 0.000000000000000000 ) ) ;
#676 = ORIENTED_EDGE ( 'NONE', *, *, #1329, .F. ) ;
#677 = VECTOR ( 'NONE', #580, 100.0000000000000142 ) ;
#678 = EDGE_CURVE ( 'NONE', #593, #1701, #716, .T. ) ;
#679 = CARTESIAN_POINT ( 'NONE',  ( 3.365674021448153308, 9.943408935941578264, -0.6593070556166406027 ) ) ;
#680 = LINE ( 'NONE', #1445, #500 ) ;
#681 = DIRECTION ( 'NONE',  ( 0.000000000000000000, 0.000000000000000000, 1.000000000000000000 ) ) ;
#682 = AXIS2_PLACEMENT_3D ( 'NONE', #1779, #995, #1019 ) ;
#683 = CARTESIAN_POINT ( 'NONE',  ( 3.546794096008851316, 9.748242275410804680, 0.6912993790756819523 ) ) ;
#684 = ORIENTED_EDGE ( 'NONE', *, *, #2042, .T. ) ;
#685 = CARTESIAN_POINT ( 'NONE',  ( 3.482668991743611553, 9.833339162961863167, 0.4204852250535898728 ) ) ;
#686 = CARTESIAN_POINT ( 'NONE',  ( 3.279664141595764359, 9.987804755510801158, 0.8017723493579397287 ) ) ;
#687 = ORIENTED_EDGE ( 'NONE', *, *, #2305, .T. ) ;
#688 = CARTESIAN_POINT ( 'NONE',  ( -2.400585032697665433, 9.909437148577239896, -2.494003590310708507 ) ) ;
#689 = AXIS2_PLACEMENT_3D ( 'NONE', #1030, #2146, #840 ) ;
#690 = DIRECTION ( 'NONE',  ( -0.000000000000000000, -1.000000000000000000, -0.000000000000000000 ) ) ;
#691 = AXIS2_PLACEMENT_3D ( 'NONE', #211, #1016, #2338 ) ;
#692 = CARTESIAN_POINT ( 'NONE',  ( 0.000000000000000000, 0.000000000000000000, -0.2500000000000000000 ) ) ;
#693 = EDGE_CURVE ( 'NONE', #1073, #2515, #167, .T. ) ;
#694 = CARTESIAN_POINT ( 'NONE',  ( 1.909759572204334122, 16.00000000000000000, -2.760943951920048267 ) ) ;
#695 = CARTESIAN_POINT ( 'NONE',  ( 3.429833113724836124, 9.903454741279608342, 0.7612987385082485847 ) ) ;
#696 = AXIS2_PLACEMENT_3D ( 'NONE', #1038, #294, #455 ) ;
#697 = EDGE_CURVE ( 'NONE', #1671, #2218, #1312, .T. ) ;
#698 = CARTESIAN_POINT ( 'NONE',  ( 0.1985736100383748981, 9.901912455097644283, -3.543041482661820396 ) ) ;
#699 = DIRECTION ( 'NONE',  ( 0.8090169943749423442, 0.000000000000000000, -0.5877852522924802425 ) ) ;
#700 = VERTEX_POINT ( 'NONE', #1882 ) ;
#701 = VERTEX_POINT ( 'NONE', #355 ) ;
#702 = CARTESIAN_POINT ( 'NONE',  ( 0.000000000000000000, 4.799999999999999822, 0.000000000000000000 ) ) ;
#703 = VECTOR ( 'NONE', #569, 100.0000000000000000 ) ;
#704 = DIRECTION ( 'NONE',  ( 0.000000000000000000, 0.000000000000000000, 1.000000000000000000 ) ) ;
#705 = DIRECTION ( 'NONE',  ( 0.000000000000000000, -1.000000000000000000, 0.000000000000000000 ) ) ;
#706 = CARTESIAN_POINT ( 'NONE',  ( 3.498915154214531049E-16, 16.00000000000000000, 2.857081042999999987 ) ) ;
#707 = DIRECTION ( 'NONE',  ( 0.000000000000000000, 0.000000000000000000, -1.000000000000000000 ) ) ;
#708 = ADVANCED_FACE ( 'NONE', ( #1138 ), #950, .F. ) ;
#709 = CARTESIAN_POINT ( 'NONE',  ( -2.035665573617893465, 10.00000000000000000, -2.669467887361992808 ) ) ;
#710 = DIRECTION ( 'NONE',  ( 0.000000000000000000, 0.000000000000000000, 1.000000000000000000 ) ) ;
#711 = ORIENTED_EDGE ( 'NONE', *, *, #1758, .F. ) ;
#712 = ORIENTED_EDGE ( 'NONE', *, *, #1460, .T. ) ;
#713 = CARTESIAN_POINT ( 'NONE',  ( -2.536095482391654610, 9.805385467609696093, 2.470271688199321414 ) ) ;
#714 = DIRECTION ( 'NONE',  ( -0.000000000000000000, -1.000000000000000000, -0.000000000000000000 ) ) ;
#715 = DIRECTION ( 'NONE',  ( 0.000000000000000000, 1.000000000000000000, -0.000000000000000000 ) ) ;
#716 = LINE ( 'NONE', #539, #1268 ) ;
#717 = FACE_OUTER_BOUND ( 'NONE', #1316, .T. ) ;
#718 = EDGE_CURVE ( 'NONE', #1151, #724, #1822, .T. ) ;
#719 = CARTESIAN_POINT ( 'NONE',  ( 1.565671382664852063, 9.805385467609697869, 3.175326066852160345 ) ) ;
#720 = CARTESIAN_POINT ( 'NONE',  ( -3.120871997391468256, 9.983559442420887109, 1.303455894931522252 ) ) ;
#721 = ADVANCED_FACE ( 'NONE', ( #1963 ), #1784, .F. ) ;
#722 = ORIENTED_EDGE ( 'NONE', *, *, #930, .T. ) ;
#723 = VECTOR ( 'NONE', #1729, 100.0000000000000000 ) ;
#724 = VERTEX_POINT ( 'NONE', #1382 ) ;
#725 = CARTESIAN_POINT ( 'NONE',  ( -2.327313105790753678, 9.903454741279601237, -2.631908939322664231 ) ) ;
#726 = LINE ( 'NONE', #1309, #1946 ) ;
#727 = EDGE_CURVE ( 'NONE', #624, #2269, #2170, .T. ) ;
#728 = DIRECTION ( 'NONE',  ( 0.000000000000000000, 1.000000000000000000, 0.000000000000000000 ) ) ;
#729 = CIRCLE ( 'NONE', #160, 1.000000000000000222 ) ;
#730 = FACE_BOUND ( 'NONE', #429, .T. ) ;
#731 = FACE_OUTER_BOUND ( 'NONE', #1985, .T. ) ;
#732 = LINE ( 'NONE', #529, #497 ) ;
#733 = CARTESIAN_POINT ( 'NONE',  ( 2.653732930956972158, 0.000000000000000000, 8.976367148040708344 ) ) ;
#734 = AXIS2_PLACEMENT_3D ( 'NONE', #849, #457, #2029 ) ;
#735 = B_SPLINE_CURVE_WITH_KNOTS ( 'NONE', 3,
 ( #713, #1318, #750, #338, #2473, #2258 ),
 .UNSPECIFIED., .F., .F.,
 ( 4, 2, 4 ),
 ( 0.000000000000000000, 0.002816304339577624209, 0.005632608679155248418 ),
 .UNSPECIFIED. ) ;
#736 = EDGE_LOOP ( 'NONE', ( #531, #1249, #933, #1427 ) ) ;
#737 = EDGE_LOOP ( 'NONE', ( #1400, #575, #200, #1286, #858, #188, #83 ) ) ;
#738 = CARTESIAN_POINT ( 'NONE',  ( -2.035665573617854829, 0.000000000000000000, 2.669467887362022562 ) ) ;
#739 = ORIENTED_EDGE ( 'NONE', *, *, #567, .F. ) ;
#740 = CARTESIAN_POINT ( 'NONE',  ( -2.500631713677240242, 9.840512025481530145, 2.474050332892078874 ) ) ;
#741 = CARTESIAN_POINT ( 'NONE',  ( 0.000000000000000000, 22.00000000000000000, 0.000000000000000000 ) ) ;
#742 = AXIS2_PLACEMENT_3D ( 'NONE', #130, #2492, #1469 ) ;
#743 = EDGE_CURVE ( 'NONE', #2412, #1546, #1679, .T. ) ;
#744 = CARTESIAN_POINT ( 'NONE',  ( -3.127682789622342252, 9.912984974837904417, -1.518076600824568523 ) ) ;
#745 = AXIS2_PLACEMENT_3D ( 'NONE', #850, #1605, #1470 ) ;
#746 = DIRECTION ( 'NONE',  ( -0.000000000000000000, -1.000000000000000000, -0.000000000000000000 ) ) ;
#747 = CARTESIAN_POINT ( 'NONE',  ( 0.2744328254692578462, 9.984741602501079782, -3.369844596348642973 ) ) ;
#748 = ORIENTED_EDGE ( 'NONE', *, *, #1657, .T. ) ;
#749 = ORIENTED_EDGE ( 'NONE', *, *, #2398, .F. ) ;
#750 = CARTESIAN_POINT ( 'NONE',  ( -2.602375399631680519, 9.863678300712273028, 2.304312471752671510 ) ) ;
#751 = VERTEX_POINT ( 'NONE', #1369 ) ;
#752 = EDGE_CURVE ( 'NONE', #2256, #1955, #1363, .T. ) ;
#753 = CARTESIAN_POINT ( 'NONE',  ( 0.000000000000000000, 0.000000000000000000, 0.000000000000000000 ) ) ;
#754 = CARTESIAN_POINT ( 'NONE',  ( 3.401735212654215079, 9.940741915396616335, -0.1329192603031667530 ) ) ;
#755 = AXIS2_PLACEMENT_3D ( 'NONE', #438, #1574, #1378 ) ;
#756 = EDGE_CURVE ( 'NONE', #1295, #1903, #2015, .T. ) ;
#757 = FACE_OUTER_BOUND ( 'NONE', #786, .T. ) ;
#758 = CARTESIAN_POINT ( 'NONE',  ( 1.203280529884198868, 10.00000000006598988, -3.138874356115674225 ) ) ;
#759 = AXIS2_PLACEMENT_3D ( 'NONE', #53, #830, #1588 ) ;
#760 = CARTESIAN_POINT ( 'NONE',  ( -2.472461737334660903, 1.300000000000000044, -0.2950000000000000955 ) ) ;
#761 = CARTESIAN_POINT ( 'NONE',  ( 0.5340739673878629468, 9.871130500805429975, -3.453542623068519557 ) ) ;
#762 =( BOUNDED_SURFACE ( )  B_SPLINE_SURFACE ( 3, 2, ( 
 ( #100, #1842, #289 ),
 ( #477, #2024, #1070 ),
 ( #2012, #112, #493 ),
 ( #2435, #918, #1669 ),
 ( #869, #2048, #1832 ),
 ( #674, #698, #1658 ) ),
 .UNSPECIFIED., .F., .F., .F. ) 
 B_SPLINE_SURFACE_WITH_KNOTS ( ( 4, 2, 4 ),
 ( 3, 3 ),
 ( -3.579676697388211746E-05, 0.004522367639277591160, 0.009080532045529063692 ),
 ( 0.000000000000000000, 1.000000000000000000 ),
 .UNSPECIFIED. ) 
 GEOMETRIC_REPRESENTATION_ITEM ( )  RATIONAL_B_SPLINE_SURFACE ( (
 ( 1.000000000000000000, 1.000000000000000000, 1.000000000000000000),
 ( 1.000000000000000000, 0.9999971713165213272, 1.000000000000000000),
 ( 1.000000000000000000, 0.9972941864886638585, 1.000000000000000000),
 ( 1.000000000000000000, 0.9873438263595571973, 1.000000000000000000),
 ( 1.000000000000000000, 0.9800842286239369594, 1.000000000000000000),
 ( 1.000000000000000000, 0.9710943484845421247, 1.000000000000000000) ) ) 
 REPRESENTATION_ITEM ( '' )  SURFACE ( )  );
#763 = ORIENTED_EDGE ( 'NONE', *, *, #1446, .F. ) ;
#764 = ORIENTED_EDGE ( 'NONE', *, *, #2033, .F. ) ;
#765 = CARTESIAN_POINT ( 'NONE',  ( -3.125699386938415980, 9.840512025481524816, -1.613718488344415780 ) ) ;
#766 = ORIENTED_EDGE ( 'NONE', *, *, #258, .F. ) ;
#767 = CARTESIAN_POINT ( 'NONE',  ( 1.527578083870343661, 8.916010612725225215, 3.892384926102374187 ) ) ;
#768 = CARTESIAN_POINT ( 'NONE',  ( -3.308270069453327356, 9.901912455097642507, -1.283714755709153277 ) ) ;
#769 = CARTESIAN_POINT ( 'NONE',  ( 4.173925636049350629, 8.916010612725225215, -0.2500000000000000000 ) ) ;
#770 = AXIS2_PLACEMENT_3D ( 'NONE', #2369, #1188, #448 ) ;
#771 = CARTESIAN_POINT ( 'NONE',  ( 1.211305901837896215, 9.928689621219511707, 3.192768365142521159 ) ) ;
#772 = DIRECTION ( 'NONE',  ( 0.000000000000000000, 1.000000000000000000, 0.000000000000000000 ) ) ;
#773 = ADVANCED_FACE ( 'NONE', ( #2130, #1172 ), #806, .F. ) ;
#774 = ORIENTED_EDGE ( 'NONE', *, *, #535, .F. ) ;
#775 = ORIENTED_EDGE ( 'NONE', *, *, #2085, .T. ) ;
#776 = B_SPLINE_CURVE_WITH_KNOTS ( 'NONE', 3,
 ( #1244, #2225, #2046, #1281, #311, #513 ),
 .UNSPECIFIED., .F., .F.,
 ( 4, 2, 4 ),
 ( 0.000000000000000000, 0.002816304339577623342, 0.005632608679155246684 ),
 .UNSPECIFIED. ) ;
#777 = ORIENTED_EDGE ( 'NONE', *, *, #377, .T. ) ;
#778 = FACE_OUTER_BOUND ( 'NONE', #1399, .T. ) ;
#779 = CARTESIAN_POINT ( 'NONE',  ( -2.536095482391654610, 9.805385467609696093, 2.470271688199321414 ) ) ;
#780 = CARTESIAN_POINT ( 'NONE',  ( 0.8966950990432330793, 9.928689621219504602, -3.294991611618156568 ) ) ;
#781 = CARTESIAN_POINT ( 'NONE',  ( 0.000000000000000000, 10.00000000000000000, 0.000000000000000000 ) ) ;
#782 = CARTESIAN_POINT ( 'NONE',  ( 1.789813359265030046, 9.999999999966359354, 2.844204194458716195 ) ) ;
#783 = EDGE_CURVE ( 'NONE', #2345, #573, #390, .T. ) ;
#784 = ADVANCED_FACE ( 'NONE', ( #644 ), #2120, .T. ) ;
#785 = ORIENTED_EDGE ( 'NONE', *, *, #915, .F. ) ;
#786 = EDGE_LOOP ( 'NONE', ( #572, #616 ) ) ;
#787 = LINE ( 'NONE', #1021, #491 ) ;
#788 = EDGE_LOOP ( 'NONE', ( #549, #774 ) ) ;
#789 = EDGE_LOOP ( 'NONE', ( #785, #2010, #898, #204, #946 ) ) ;
#790 = CARTESIAN_POINT ( 'NONE',  ( 1.527578083870288816, 8.916010612725225215, -3.892384926102396836 ) ) ;
#791 = EDGE_LOOP ( 'NONE', ( #1527, #1672, #908, #230 ) ) ;
#792 = DIRECTION ( 'NONE',  ( 0.000000000000000000, 1.000000000000000000, 0.000000000000000000 ) ) ;
#793 = DIRECTION ( 'NONE',  ( -0.000000000000000000, -1.000000000000000000, -0.000000000000000000 ) ) ;
#794 = CARTESIAN_POINT ( 'NONE',  ( -3.229830459748082916, 8.916010612725225215, -2.655626181629007654 ) ) ;
#795 = DIRECTION ( 'NONE',  ( 0.000000000000000000, 0.000000000000000000, -1.000000000000000000 ) ) ;
#796 = VERTEX_POINT ( 'NONE', #1950 ) ;
#797 = CARTESIAN_POINT ( 'NONE',  ( 0.5700509502531708739, 9.839139663380743528, 3.472078171270037039 ) ) ;
#798 = DIRECTION ( 'NONE',  ( 0.000000000000000000, 0.000000000000000000, 1.000000000000000000 ) ) ;
#799 = ADVANCED_FACE ( 'NONE', ( #1979, #2 ), #1580, .T. ) ;
#800 = ORIENTED_EDGE ( 'NONE', *, *, #1285, .F. ) ;
#801 = AXIS2_PLACEMENT_3D ( 'NONE', #437, #813, #2371 ) ;
#802 = PLANE ( 'NONE',  #1491 ) ;
#803 = ORIENTED_EDGE ( 'NONE', *, *, #1533, .F. ) ;
#804 = EDGE_CURVE ( 'NONE', #1701, #2213, #353, .T. ) ;
#805 = VECTOR ( 'NONE', #1741, 100.0000000000000000 ) ;
#806 = PLANE ( 'NONE',  #932 ) ;
#807 = DIRECTION ( 'NONE',  ( 0.000000000000000000, 0.7837913571415346947, 0.6210242414513552633 ) ) ;
#808 = APPLICATION_CONTEXT ( 'automotive_design' ) ;
#809 = CARTESIAN_POINT ( 'NONE',  ( 0.000000000000000000, 16.00000000000000000, 0.000000000000000000 ) ) ;
#810 = CARTESIAN_POINT ( 'NONE',  ( 1.565671382664852063, 9.805385467609697869, 3.175326066852160345 ) ) ;
#811 = CIRCLE ( 'NONE', #1453, 3.357081043000000875 ) ;
#812 = ORIENTED_EDGE ( 'NONE', *, *, #453, .T. ) ;
#813 = DIRECTION ( 'NONE',  ( -0.000000000000000000, -1.000000000000000000, -0.000000000000000000 ) ) ;
#814 = CARTESIAN_POINT ( 'NONE',  ( 0.000000000000000000, 0.000000000000000000, 0.000000000000000000 ) ) ;
#815 = CARTESIAN_POINT ( 'NONE',  ( -3.127682789621781811, 9.912984974834730068, 1.518076600826744560 ) ) ;
#816 = ORIENTED_EDGE ( 'NONE', *, *, #2085, .F. ) ;
#817 = VECTOR ( 'NONE', #1477, 100.0000000000000000 ) ;
#818 = DIRECTION ( 'NONE',  ( -0.8090169943749506709, 0.000000000000000000, -0.5877852522924684742 ) ) ;
#819 = AXIS2_PLACEMENT_3D ( 'NONE', #1054, #1425, #1642 ) ;
#820 = EDGE_CURVE ( 'NONE', #1835, #2040, #1001, .T. ) ;
#821 = ADVANCED_FACE ( 'NONE', ( #17 ), #29, .T. ) ;
#822 = CARTESIAN_POINT ( 'NONE',  ( 3.498915154214531049E-16, 16.00000000000000000, 2.857081042999999987 ) ) ;
#823 = CARTESIAN_POINT ( 'NONE',  ( -3.229830459748082916, 8.916010612725225215, -2.655626181629007654 ) ) ;
#824 = EDGE_CURVE ( 'NONE', #1526, #2345, #2157, .T. ) ;
#825 = DIRECTION ( 'NONE',  ( 0.000000000000000000, 1.000000000000000000, 0.000000000000000000 ) ) ;
#826 = CARTESIAN_POINT ( 'NONE',  ( 1.580223994540000287, 9.840512025481530145, 3.142765683949698907 ) ) ;
#827 = AXIS2_PLACEMENT_3D ( 'NONE', #1247, #2264, #1885 ) ;
#828 = ORIENTED_EDGE ( 'NONE', *, *, #87, .F. ) ;
#829 = CARTESIAN_POINT ( 'NONE',  ( 0.5369462401892133308, 9.868537451434058028, 3.455040489959310790 ) ) ;
#830 = DIRECTION ( 'NONE',  ( -0.000000000000000000, -1.000000000000000000, -0.000000000000000000 ) ) ;
#831 = CIRCLE ( 'NONE', #411, 0.2950000000000000955 ) ;
#832 = VERTEX_POINT ( 'NONE', #779 ) ;
#833 = EDGE_LOOP ( 'NONE', ( #2511, #881, #449, #384, #2333 ) ) ;
#834 = CARTESIAN_POINT ( 'NONE',  ( -2.862881928354076955, 0.000000000000000000, 1.770988479232322721 ) ) ;
#835 = ORIENTED_EDGE ( 'NONE', *, *, #2064, .F. ) ;
#836 = CARTESIAN_POINT ( 'NONE',  ( 0.000000000000000000, 0.000000000000000000, 0.000000000000000000 ) ) ;
#837 = CARTESIAN_POINT ( 'NONE',  ( 4.111238553788208762E-16, 16.00000000000000000, 3.357081043000000875 ) ) ;
#838 = EDGE_CURVE ( 'NONE', #562, #287, #46, .T. ) ;
#839 = VERTEX_POINT ( 'NONE', #1457 ) ;
#840 = DIRECTION ( 'NONE',  ( 0.000000000000000000, 0.000000000000000000, 1.000000000000000000 ) ) ;
#841 = CARTESIAN_POINT ( 'NONE',  ( 1.758724136632273893, 9.984741602501078006, 2.887569114404403336 ) ) ;
#842 = VECTOR ( 'NONE', #2151, 100.0000000000000000 ) ;
#843 = ORIENTED_EDGE ( 'NONE', *, *, #1435, .T. ) ;
#844 = CARTESIAN_POINT ( 'NONE',  ( 0.1009933094276399546, 9.999813094072873554, 3.355910417664811352 ) ) ;
#845 = CARTESIAN_POINT ( 'NONE',  ( 1.830084232108956321, 9.997514792513999993, -2.820590762992282396 ) ) ;
#846 = EDGE_LOOP ( 'NONE', ( #2113, #1611, #2001, #2399 ) ) ;
#847 = ORIENTED_EDGE ( 'NONE', *, *, #475, .F. ) ;
#848 =( BOUNDED_CURVE ( )  B_SPLINE_CURVE ( 3, ( #1709, #197, #2467, #1721 ),
 .UNSPECIFIED., .F., .F. ) 
 B_SPLINE_CURVE_WITH_KNOTS ( ( 4, 4 ),
 ( 1.570796326794896558, 2.199114857512864507 ),
 .UNSPECIFIED. ) 
 CURVE ( )  GEOMETRIC_REPRESENTATION_ITEM ( )  RATIONAL_B_SPLINE_CURVE ( ( 1.000000000000000000, 0.9673710108634346883, 0.9673710108634346883, 1.000000000000000000 ) ) 
 REPRESENTATION_ITEM ( '' )  );
#849 = CARTESIAN_POINT ( 'NONE',  ( 0.000000000000000000, 1.300000000000000044, 0.000000000000000000 ) ) ;
#850 = CARTESIAN_POINT ( 'NONE',  ( 0.000000000000000000, 16.00000000000000000, 0.000000000000000000 ) ) ;
#851 = DIRECTION ( 'NONE',  ( 0.000000000000000000, 1.000000000000000000, 0.000000000000000000 ) ) ;
#852 = FACE_OUTER_BOUND ( 'NONE', #1330, .T. ) ;
#853 = ORIENTED_EDGE ( 'NONE', *, *, #1488, .T. ) ;
#854 = DIRECTION ( 'NONE',  ( 0.000000000000000000, 1.000000000000000000, 0.000000000000000000 ) ) ;
#855 = DIRECTION ( 'NONE',  ( -0.000000000000000000, -1.000000000000000000, -0.000000000000000000 ) ) ;
#856 = EDGE_CURVE ( 'NONE', #2515, #1073, #2220, .T. ) ;
#857 = VECTOR ( 'NONE', #1292, 100.0000000000000000 ) ;
#858 = ORIENTED_EDGE ( 'NONE', *, *, #783, .F. ) ;
#859 = CARTESIAN_POINT ( 'NONE',  ( -2.075400039630598048, 9.999999999999985789, -2.639167435001771089 ) ) ;
#860 = AXIS2_PLACEMENT_3D ( 'NONE', #702, #118, #103 ) ;
#861 = CARTESIAN_POINT ( 'NONE',  ( 3.247989209330136351, 9.997512442031299074, -0.8691472681374480258 ) ) ;
#862 = VECTOR ( 'NONE', #1124, 100.0000000000000000 ) ;
#863 = CARTESIAN_POINT ( 'NONE',  ( 3.215961899580620731, 16.00000000000000000, -0.9631106840419632054 ) ) ;
#864 = ADVANCED_BREP_SHAPE_REPRESENTATION ( 'finalfinalFinCan', ( #2350, #1895 ), #1266 ) ;
#865 = PLANE ( 'NONE',  #286 ) ;
#866 = CARTESIAN_POINT ( 'NONE',  ( 3.430995309725811016, 9.901912455097642507, 0.9060053041266538099 ) ) ;
#867 = EDGE_LOOP ( 'NONE', ( #150, #1455, #1260, #1350 ) ) ;
#868 = ORIENTED_EDGE ( 'NONE', *, *, #459, .F. ) ;
#869 = CARTESIAN_POINT ( 'NONE',  ( 0.4385548720329238703, 9.748242275413881330, -3.586824893299785266 ) ) ;
#870 = CARTESIAN_POINT ( 'NONE',  ( -3.151331269024691739, 9.999999999999989342, 1.158275143193425283 ) ) ;
#871 = AXIS2_PLACEMENT_3D ( 'NONE', #1227, #1795, #2259 ) ;
#872 = EDGE_CURVE ( 'NONE', #982, #2232, #1765, .T. ) ;
#873 = ORIENTED_EDGE ( 'NONE', *, *, #2162, .T. ) ;
#874 = LINE ( 'NONE', #306, #528 ) ;
#875 = CIRCLE ( 'NONE', #1663, 2.857081042999999987 ) ;
#876 = CARTESIAN_POINT ( 'NONE',  ( 0.000000000000000000, 4.799999999999999822, -1.949999999999999956 ) ) ;
#877 = CARTESIAN_POINT ( 'NONE',  ( 9.357081043000000875, 2.037731070277506440, -0.2500000000000000000 ) ) ;
#878 = FACE_OUTER_BOUND ( 'NONE', #274, .T. ) ;
#879 = CARTESIAN_POINT ( 'NONE',  ( 3.379403884726159824, 9.970376588391939521, 0.1536358662497784300 ) ) ;
#880 = CIRCLE ( 'NONE', #548, 3.357081043000000875 ) ;
#881 = ORIENTED_EDGE ( 'NONE', *, *, #1329, .T. ) ;
#882 = CARTESIAN_POINT ( 'NONE',  ( 3.384618814573883583, 9.963456142833912565, 0.08196995390778982760 ) ) ;
#883 = CARTESIAN_POINT ( 'NONE',  ( 3.314703018322314509, 9.972869472713545846, 0.7378289034817999692 ) ) ;
#884 = AXIS2_PLACEMENT_3D ( 'NONE', #1148, #1893, #153 ) ;
#885 = EDGE_CURVE ( 'NONE', #1026, #2040, #2388, .T. ) ;
#886 = ORIENTED_EDGE ( 'NONE', *, *, #976, .F. ) ;
#887 = CARTESIAN_POINT ( 'NONE',  ( 1.200444630848440664, 0.000000000000000000, 2.885571683277608379 ) ) ;
#888 = VECTOR ( 'NONE', #1900, 100.0000000000000000 ) ;
#889 = DIRECTION ( 'NONE',  ( 0.000000000000000000, 1.000000000000000000, 0.000000000000000000 ) ) ;
#890 = LINE ( 'NONE', #1269, #2036 ) ;
#891 = EDGE_CURVE ( 'NONE', #1598, #443, #2134, .T. ) ;
#892 = DIRECTION ( 'NONE',  ( -0.000000000000000000, -1.000000000000000000, -0.000000000000000000 ) ) ;
#893 = VECTOR ( 'NONE', #1389, 100.0000000000000000 ) ;
#894 = CARTESIAN_POINT ( 'NONE',  ( -2.571295841626981993, 9.770519814561200889, 2.466521109639022047 ) ) ;
#895 = LINE ( 'NONE', #301, #2095 ) ;
#896 = CARTESIAN_POINT ( 'NONE',  ( -3.111437822685180432, 9.950967394495528140, 1.421918886100774770 ) ) ;
#897 = ORIENTED_EDGE ( 'NONE', *, *, #1847, .F. ) ;
#898 = ORIENTED_EDGE ( 'NONE', *, *, #1460, .F. ) ;
#899 = CARTESIAN_POINT ( 'NONE',  ( -2.536095482391627520, 9.805385467609646355, -2.470271688199436433 ) ) ;
#900 = CIRCLE ( 'NONE', #2104, 3.357081043000000875 ) ;
#901 = CARTESIAN_POINT ( 'NONE',  ( -7.716983894603808736, 0.000000000000000000, -5.297699992987093154 ) ) ;
#902 = CYLINDRICAL_SURFACE ( 'NONE', #1949, 1.000000000000000222 ) ;
#903 = DIRECTION ( 'NONE',  ( -0.000000000000000000, -1.000000000000000000, -0.000000000000000000 ) ) ;
#904 = PLANE ( 'NONE',  #1609 ) ;
#905 = AXIS2_PLACEMENT_3D ( 'NONE', #180, #1514, #317 ) ;
#906 = LINE ( 'NONE', #2252, #1326 ) ;
#907 = CARTESIAN_POINT ( 'NONE',  ( 2.472461737334660903, 3.100000000000000089, -0.2950000000000000955 ) ) ;
#908 = ORIENTED_EDGE ( 'NONE', *, *, #1459, .F. ) ;
#909 = EDGE_LOOP ( 'NONE', ( #1242, #1375, #897, #1296, #1018 ) ) ;
#910 = CARTESIAN_POINT ( 'NONE',  ( 0.2237918556063839826, 9.999999999966663111, 3.353035425721054175 ) ) ;
#911 = PLANE ( 'NONE',  #742 ) ;
#912 = FACE_OUTER_BOUND ( 'NONE', #2297, .T. ) ;
#913 = EDGE_CURVE ( 'NONE', #2125, #1845, #34, .T. ) ;
#914 = VECTOR ( 'NONE', #1751, 100.0000000000000000 ) ;
#915 = EDGE_CURVE ( 'NONE', #2245, #982, #1992, .T. ) ;
#916 = CARTESIAN_POINT ( 'NONE',  ( -2.830189578353198065, 9.940741915394662342, -1.891955849739038520 ) ) ;
#917 = CARTESIAN_POINT ( 'NONE',  ( 3.401735212652071016, 9.940741915399460282, 0.1329192603051070065 ) ) ;
#918 = CARTESIAN_POINT ( 'NONE',  ( 0.4772695084431347046, 9.912984974834726515, -3.443714566391911980 ) ) ;
#919 = DIRECTION ( 'NONE',  ( 0.000000000000000000, 1.000000000000000000, 0.000000000000000000 ) ) ;
#920 = EDGE_CURVE ( 'NONE', #582, #51, #1187, .T. ) ;
#921 = ORIENTED_EDGE ( 'NONE', *, *, #1501, .F. ) ;
#922 = ORIENTED_EDGE ( 'NONE', *, *, #1847, .T. ) ;
#923 = CARTESIAN_POINT ( 'NONE',  ( -2.521639015939933781, 9.790271604653092652, -2.509545623010844828 ) ) ;
#924 = DIRECTION ( 'NONE',  ( -0.6461096999395609108, 0.6018150231520467131, 0.4694261747628825088 ) ) ;
#925 = CARTESIAN_POINT ( 'NONE',  ( 0.000000000000000000, 16.00000000000000000, 0.000000000000000000 ) ) ;
#926 = CARTESIAN_POINT ( 'NONE',  ( -2.272259525433792948, 9.999999999982565058, 2.476643679982761803 ) ) ;
#927 = CARTESIAN_POINT ( 'NONE',  ( 1.341895239144475171, 9.946472080082292777, -3.136247677368305009 ) ) ;
#928 = DIRECTION ( 'NONE',  ( 0.000000000000000000, 1.000000000000000000, 0.000000000000000000 ) ) ;
#929 = FACE_OUTER_BOUND ( 'NONE', #1974, .T. ) ;
#930 = EDGE_CURVE ( 'NONE', #1546, #1845, #268, .T. ) ;
#931 = ORIENTED_EDGE ( 'NONE', *, *, #1276, .T. ) ;
#932 = AXIS2_PLACEMENT_3D ( 'NONE', #416, #792, #2376 ) ;
#933 = ORIENTED_EDGE ( 'NONE', *, *, #119, .F. ) ;
#934 = CARTESIAN_POINT ( 'NONE',  ( -2.399205492437498588, 9.713812937599833219, -2.776082659806326181 ) ) ;
#935 = EDGE_CURVE ( 'NONE', #751, #116, #28, .T. ) ;
#936 = CARTESIAN_POINT ( 'NONE',  ( -2.035665573617854829, 10.00000000000000000, 2.669467887362022562 ) ) ;
#937 = CARTESIAN_POINT ( 'NONE',  ( 3.357081042950702532, 10.00000000006541967, -0.1744222696313826593 ) ) ;
#938 = CARTESIAN_POINT ( 'NONE',  ( -2.943149407130343231, 9.886544988537753653, -1.805961675456667637 ) ) ;
#939 = CYLINDRICAL_SURFACE ( 'NONE', #609, 2.857081042999999987 ) ;
#940 = DIRECTION ( 'NONE',  ( 0.000000000000000000, 0.000000000000000000, -1.000000000000000000 ) ) ;
#941 = CIRCLE ( 'NONE', #1492, 3.357081043000000875 ) ;
#942 = ORIENTED_EDGE ( 'NONE', *, *, #1204, .T. ) ;
#943 = ORIENTED_EDGE ( 'NONE', *, *, #1226, .T. ) ;
#944 = EDGE_CURVE ( 'NONE', #2101, #1107, #2482, .T. ) ;
#945 = CARTESIAN_POINT ( 'NONE',  ( -3.151346853594568564, 9.999999999999992895, -1.158230710728040069 ) ) ;
#946 = ORIENTED_EDGE ( 'NONE', *, *, #872, .F. ) ;
#947 = LINE ( 'NONE', #1704, #1828 ) ;
#948 = AXIS2_PLACEMENT_3D ( 'NONE', #1314, #344, #2074 ) ;
#949 = DIRECTION ( 'NONE',  ( 0.000000000000000000, 0.000000000000000000, 1.000000000000000000 ) ) ;
#950 = CYLINDRICAL_SURFACE ( 'NONE', #86, 2.857081042999999987 ) ;
#951 = CARTESIAN_POINT ( 'NONE',  ( 1.638045492003194381, 9.912984974836849261, -3.066555586421745527 ) ) ;
#952 = VECTOR ( 'NONE', #1849, 100.0000000000000000 ) ;
#953 = CARTESIAN_POINT ( 'NONE',  ( -3.167870086428233201, 16.00000000000000000, 1.111122065653975755 ) ) ;
#954 = CARTESIAN_POINT ( 'NONE',  ( 0.4555055658108896344, 9.923048358812545544, -3.419882879021900024 ) ) ;
#955 = ORIENTED_EDGE ( 'NONE', *, *, #1488, .F. ) ;
#956 = ORIENTED_EDGE ( 'NONE', *, *, #1415, .F. ) ;
#957 = CARTESIAN_POINT ( 'NONE',  ( 0.8981768395051538123, 9.970376588392257489, 3.261480179380515043 ) ) ;
#958 = VERTEX_POINT ( 'NONE', #485 ) ;
#959 = FACE_OUTER_BOUND ( 'NONE', #1647, .T. ) ;
#960 = DIRECTION ( 'NONE',  ( 0.000000000000000000, 0.000000000000000000, 1.000000000000000000 ) ) ;
#961 = VECTOR ( 'NONE', #228, 100.0000000000000000 ) ;
#962 = CARTESIAN_POINT ( 'NONE',  ( -3.119770704414072782, 9.999999999967181807, -1.248983631858126886 ) ) ;
#963 = CARTESIAN_POINT ( 'NONE',  ( 0.000000000000000000, 0.000000000000000000, -2.857081042999999987 ) ) ;
#964 = EDGE_CURVE ( 'NONE', #1614, #1671, #2428, .T. ) ;
#965 = DIRECTION ( 'NONE',  ( 0.000000000000000000, 0.000000000000000000, 1.000000000000000000 ) ) ;
#966 = CARTESIAN_POINT ( 'NONE',  ( 1.914227444778296761, 10.00000000000000000, 2.757848150085048911 ) ) ;
#967 = ORIENTED_EDGE ( 'NONE', *, *, #838, .F. ) ;
#968 = ORIENTED_EDGE ( 'NONE', *, *, #617, .F. ) ;
#969 = ORIENTED_EDGE ( 'NONE', *, *, #1869, .F. ) ;
#970 = DIRECTION ( 'NONE',  ( -0.000000000000000000, -1.000000000000000000, -0.000000000000000000 ) ) ;
#971 = EDGE_LOOP ( 'NONE', ( #712, #1502, #1144, #271, #2183, #1008, #366 ) ) ;
#972 = CARTESIAN_POINT ( 'NONE',  ( 2.388061258337338643E-16, 13.00000000000000000, 1.949999999999999956 ) ) ;
#973 = DIRECTION ( 'NONE',  ( 0.000000000000000000, 0.000000000000000000, 1.000000000000000000 ) ) ;
#974 = CARTESIAN_POINT ( 'NONE',  ( 1.914227444778257681, 10.00000000000000000, -2.757848150085075556 ) ) ;
#975 = EDGE_CURVE ( 'NONE', #839, #1921, #2209, .T. ) ;
#976 = EDGE_CURVE ( 'NONE', #1151, #1423, #481, .T. ) ;
#977 = LINE ( 'NONE', #557, #1902 ) ;
#978 = CARTESIAN_POINT ( 'NONE',  ( 1.607490408099634172, 9.790271604655140791, 3.173713463521902423 ) ) ;
#979 =( BOUNDED_SURFACE ( )  B_SPLINE_SURFACE ( 3, 2, ( 
 ( #2096, #1102, #1506 ),
 ( #916, #2288, #1493 ),
 ( #938, #1337, #2454 ),
 ( #552, #744, #1871 ),
 ( #2479, #156, #962 ),
 ( #1666, #768, #342 ) ),
 .UNSPECIFIED., .F., .F., .F. ) 
 B_SPLINE_SURFACE_WITH_KNOTS ( ( 4, 2, 4 ),
 ( 3, 3 ),
 ( -3.579676697401610452E-05, 0.004522367639277429831, 0.009080532045528876342 ),
 ( 0.000000000000000000, 1.000000000000000000 ),
 .UNSPECIFIED. ) 
 GEOMETRIC_REPRESENTATION_ITEM ( )  RATIONAL_B_SPLINE_SURFACE ( (
 ( 1.000000000000000000, 1.000000000000000000, 1.000000000000000000),
 ( 1.000000000000000000, 0.9999971713163950948, 1.000000000000000000),
 ( 1.000000000000000000, 0.9972941864888327235, 1.000000000000000000),
 ( 1.000000000000000000, 0.9873438263593885544, 1.000000000000000000),
 ( 1.000000000000000000, 0.9800842286240636358, 1.000000000000000000),
 ( 1.000000000000000000, 0.9710943484845424578, 1.000000000000000000) ) ) 
 REPRESENTATION_ITEM ( '' )  SURFACE ( )  );
#980 = CIRCLE ( 'NONE', #905, 0.2950000000000000955 ) ;
#981 = ORIENTED_EDGE ( 'NONE', *, *, #104, .T. ) ;
#982 = VERTEX_POINT ( 'NONE', #1406 ) ;
#983 = CARTESIAN_POINT ( 'NONE',  ( -2.830189578351615332, 9.940741915401428486, 1.891955849732547490 ) ) ;
#984 = ORIENTED_EDGE ( 'NONE', *, *, #258, .T. ) ;
#985 = CYLINDRICAL_SURFACE ( 'NONE', #1984, 1.949999999999999956 ) ;
#986 = ORIENTED_EDGE ( 'NONE', *, *, #1597, .F. ) ;
#987 = CARTESIAN_POINT ( 'NONE',  ( 0.000000000000000000, 22.00000000000000000, 0.000000000000000000 ) ) ;
#988 = DIRECTION ( 'NONE',  ( 0.000000000000000000, -1.000000000000000000, 0.000000000000000000 ) ) ;
#989 = CIRCLE ( 'NONE', #2402, 1.949999999999999956 ) ;
#990 = EDGE_CURVE ( 'NONE', #700, #409, #989, .T. ) ;
#991 = DIRECTION ( 'NONE',  ( 0.8090169943749423442, 0.000000000000000000, -0.5877852522924802425 ) ) ;
#992 = DIRECTION ( 'NONE',  ( -0.000000000000000000, 1.000000000000000000, -0.000000000000000000 ) ) ;
#993 = AXIS2_PLACEMENT_3D ( 'NONE', #469, #705, #1101 ) ;
#994 = ORIENTED_EDGE ( 'NONE', *, *, #756, .T. ) ;
#995 = DIRECTION ( 'NONE',  ( 0.000000000000000000, 1.000000000000000000, 0.000000000000000000 ) ) ;
#996 = ORIENTED_EDGE ( 'NONE', *, *, #743, .T. ) ;
#997 = ADVANCED_FACE ( 'NONE', ( #1077 ), #107, .T. ) ;
#998 = EDGE_LOOP ( 'NONE', ( #1966, #1341, #749 ) ) ;
#999 = CYLINDRICAL_SURFACE ( 'NONE', #666, 2.840810430000000331 ) ;
#1000 = VERTEX_POINT ( 'NONE', #1848 ) ;
#1001 = LINE ( 'NONE', #1752, #805 ) ;
#1002 = CARTESIAN_POINT ( 'NONE',  ( -2.715935615280986593, 10.00000000000000000, -1.973242727826019394 ) ) ;
#1003 = CARTESIAN_POINT ( 'NONE',  ( 3.503733612091612049, 9.805385467609648131, 0.5078122535212917787 ) ) ;
#1004 = LINE ( 'NONE', #1756, #1728 ) ;
#1005 = VERTEX_POINT ( 'NONE', #901 ) ;
#1006 = CARTESIAN_POINT ( 'NONE',  ( -7.716983894603808736, 2.037731070277506440, -5.297699992987093154 ) ) ;
#1007 = CARTESIAN_POINT ( 'NONE',  ( 0.000000000000000000, 16.00000000000000000, -2.857081042999999987 ) ) ;
#1008 = ORIENTED_EDGE ( 'NONE', *, *, #213, .F. ) ;
#1009 = VECTOR ( 'NONE', #2446, 100.0000000000000000 ) ;
#1010 = EDGE_CURVE ( 'NONE', #1932, #1888, #212, .T. ) ;
#1011 = CYLINDRICAL_SURFACE ( 'NONE', #1996, 1.000000000000000000 ) ;
#1012 = ORIENTED_EDGE ( 'NONE', *, *, #1088, .T. ) ;
#1013 = DIRECTION ( 'NONE',  ( -0.6018150231520466020, 0.7986355100472940505, -0.000000000000000000 ) ) ;
#1014 = CARTESIAN_POINT ( 'NONE',  ( 2.472461737334660903, 3.100000000000000089, 0.2950000000000000955 ) ) ;
#1015 = CARTESIAN_POINT ( 'NONE',  ( 2.472461737334660903, 3.100000000000000089, 0.000000000000000000 ) ) ;
#1016 = DIRECTION ( 'NONE',  ( 0.9510565162951500895, 0.000000000000000000, -0.3090169943749582204 ) ) ;
#1017 = VECTOR ( 'NONE', #1216, 100.0000000000000000 ) ;
#1018 = ORIENTED_EDGE ( 'NONE', *, *, #1703, .F. ) ;
#1019 = DIRECTION ( 'NONE',  ( 0.000000000000000000, 0.000000000000000000, 1.000000000000000000 ) ) ;
#1020 = DIRECTION ( 'NONE',  ( -0.000000000000000000, -1.000000000000000000, -0.000000000000000000 ) ) ;
#1021 = CARTESIAN_POINT ( 'NONE',  ( 0.7996309647072226134, 10.00000000000000000, 3.270028050269809139 ) ) ;
#1022 = ADVANCED_FACE ( 'NONE', ( #170 ), #352, .F. ) ;
#1023 = ADVANCED_FACE ( 'NONE', ( #1478 ), #2093, .F. ) ;
#1024 = ORIENTED_EDGE ( 'NONE', *, *, #554, .F. ) ;
#1025 = FACE_OUTER_BOUND ( 'NONE', #398, .T. ) ;
#1026 = VERTEX_POINT ( 'NONE', #1674 ) ;
#1027 = DIRECTION ( 'NONE',  ( -0.000000000000000000, -1.000000000000000000, -0.000000000000000000 ) ) ;
#1028 = CARTESIAN_POINT ( 'NONE',  ( 1.476109117524480929, 9.833339162961863167, -3.182277958271705121 ) ) ;
#1029 = ORIENTED_EDGE ( 'NONE', *, *, #913, .T. ) ;
#1030 = CARTESIAN_POINT ( 'NONE',  ( 0.000000000000000000, 0.000000000000000000, 0.000000000000000000 ) ) ;
#1031 = CARTESIAN_POINT ( 'NONE',  ( 2.472461737334660903, 3.100000000000000089, 0.000000000000000000 ) ) ;
#1032 = CIRCLE ( 'NONE', #1579, 1.949999999999999956 ) ;
#1033 = ORIENTED_EDGE ( 'NONE', *, *, #2366, .F. ) ;
#1034 = ORIENTED_EDGE ( 'NONE', *, *, #891, .T. ) ;
#1035 = CARTESIAN_POINT ( 'NONE',  ( 0.000000000000000000, 5.800000000000007816, 0.000000000000000000 ) ) ;
#1036 = AXIS2_PLACEMENT_3D ( 'NONE', #643, #1197, #231 ) ;
#1037 = ORIENTED_EDGE ( 'NONE', *, *, #693, .T. ) ;
#1038 = CARTESIAN_POINT ( 'NONE',  ( 0.000000000000000000, 16.00000000000000000, 0.000000000000000000 ) ) ;
#1039 = CARTESIAN_POINT ( 'NONE',  ( 0.000000000000000000, 13.09291895700001618, 0.000000000000000000 ) ) ;
#1040 = CYLINDRICAL_SURFACE ( 'NONE', #2347, 1.949999999999999956 ) ;
#1041 = EDGE_CURVE ( 'NONE', #1986, #2345, #726, .T. ) ;
#1042 = CARTESIAN_POINT ( 'NONE',  ( -3.167870086428232312, 0.000000000000000000, 1.111122065653975532 ) ) ;
#1043 = CARTESIAN_POINT ( 'NONE',  ( 1.275159222854797658, 10.00000000000000000, 3.115519553082330084 ) ) ;
#1044 = EDGE_CURVE ( 'NONE', #1598, #51, #1109, .T. ) ;
#1045 = ORIENTED_EDGE ( 'NONE', *, *, #2175, .T. ) ;
#1046 = ORIENTED_EDGE ( 'NONE', *, *, #2067, .T. ) ;
#1047 = CARTESIAN_POINT ( 'NONE',  ( 1.667710915749348599, 9.941982169939922898, -2.997775435696087509 ) ) ;
#1048 = VERTEX_POINT ( 'NONE', #1135 ) ;
#1049 = FILL_AREA_STYLE_COLOUR ( '', #1140 ) ;
#1050 = CARTESIAN_POINT ( 'NONE',  ( 3.314054231273632301, 9.974208040145740028, -0.7373500275053624931 ) ) ;
#1051 = LINE ( 'NONE', #863, #952 ) ;
#1052 = VECTOR ( 'NONE', #2171, 100.0000000000000000 ) ;
#1053 = EDGE_CURVE ( 'NONE', #1546, #701, #947, .T. ) ;
#1054 = CARTESIAN_POINT ( 'NONE',  ( -4.111508338186765421, 16.00000000000000000, 1.442100690066640878 ) ) ;
#1055 = CARTESIAN_POINT ( 'NONE',  ( 3.442575526393381935, 9.886544988535700185, 0.2688861301689590699 ) ) ;
#1056 = ADVANCED_FACE ( 'NONE', ( #1122 ), #911, .T. ) ;
#1057 = ORIENTED_EDGE ( 'NONE', *, *, #1323, .T. ) ;
#1058 = LINE ( 'NONE', #2037, #1127 ) ;
#1059 = CARTESIAN_POINT ( 'NONE',  ( -7.423091268457489456, 2.037731070277506440, 5.702208490174675681 ) ) ;
#1060 = ORIENTED_EDGE ( 'NONE', *, *, #2177, .F. ) ;
#1061 = CARTESIAN_POINT ( 'NONE',  ( 0.000000000000000000, 16.00000000000000000, -2.840810430000000331 ) ) ;
#1062 = VECTOR ( 'NONE', #1224, 100.0000000000000142 ) ;
#1063 = CARTESIAN_POINT ( 'NONE',  ( -3.064693414196506982, 9.833339162961905799, 1.706881779011377054 ) ) ;
#1064 = VECTOR ( 'NONE', #1631, 100.0000000000000000 ) ;
#1065 = CARTESIAN_POINT ( 'NONE',  ( 0.1009933094276399546, 9.999813094072873554, 3.355910417664811352 ) ) ;
#1066 = CARTESIAN_POINT ( 'NONE',  ( -2.862881928354102712, 10.00000000000000000, -1.770988479232280977 ) ) ;
#1067 = CARTESIAN_POINT ( 'NONE',  ( 3.258081677584866220, 9.999999999967243980, 0.8233062267193009820 ) ) ;
#1068 = ADVANCED_FACE ( 'NONE', ( #2452 ), #2247, .T. ) ;
#1069 = ORIENTED_EDGE ( 'NONE', *, *, #377, .F. ) ;
#1070 = CARTESIAN_POINT ( 'NONE',  ( 0.8715096576470172662, 10.00000000006588330, -3.246673247141988572 ) ) ;
#1071 = VECTOR ( 'NONE', #1304, 100.0000000000000000 ) ;
#1072 = CARTESIAN_POINT ( 'NONE',  ( -3.138470898153000732, 9.997514792513996440, 1.206209339351136833 ) ) ;
#1073 = VERTEX_POINT ( 'NONE', #1489 ) ;
#1074 = CARTESIAN_POINT ( 'NONE',  ( -3.523723085894284957, 0.000000000000000000, 2.251117684441582778 ) ) ;
#1075 = AXIS2_PLACEMENT_3D ( 'NONE', #1136, #1123, #131 ) ;
#1076 = ADVANCED_FACE ( 'NONE', ( #959 ), #511, .F. ) ;
#1077 = FACE_OUTER_BOUND ( 'NONE', #1990, .T. ) ;
#1078 =( BOUNDED_SURFACE ( )  B_SPLINE_SURFACE ( 3, 2, ( 
 ( #198, #591, #1915 ),
 ( #1535, #1874, #2292 ),
 ( #187, #1710, #1524 ),
 ( #978, #1328, #1732 ),
 ( #7, #1315, #782 ),
 ( #159, #1359, #966 ) ),
 .UNSPECIFIED., .F., .F., .F. ) 
 B_SPLINE_SURFACE_WITH_KNOTS ( ( 4, 2, 4 ),
 ( 3, 3 ),
 ( -3.579676697362869876E-05, 0.004522367639277775908, 0.009080532045529179919 ),
 ( 0.000000000000000000, 1.000000000000000000 ),
 .UNSPECIFIED. ) 
 GEOMETRIC_REPRESENTATION_ITEM ( )  RATIONAL_B_SPLINE_SURFACE ( (
 ( 1.000000000000000000, 1.000000000000000000, 1.000000000000000000),
 ( 1.000000000000000000, 0.9999971713164573783, 1.000000000000000000),
 ( 1.000000000000000000, 0.9972941864887483465, 1.000000000000000000),
 ( 1.000000000000000000, 0.9873438263594731534, 1.000000000000000000),
 ( 1.000000000000000000, 0.9800842286240001311, 1.000000000000000000),
 ( 1.000000000000000000, 0.9710943484845423468, 1.000000000000000000) ) ) 
 REPRESENTATION_ITEM ( '' )  SURFACE ( )  );
#1079 = FACE_OUTER_BOUND ( 'NONE', #1225, .T. ) ;
#1080 = DIRECTION ( 'NONE',  ( -0.000000000000000000, -1.000000000000000000, -0.000000000000000000 ) ) ;
#1081 = CARTESIAN_POINT ( 'NONE',  ( -2.642045207455614442, 0.000000000000000000, -3.464643176003958658 ) ) ;
#1082 = CARTESIAN_POINT ( 'NONE',  ( 1.037395093781010358, 10.00000000000000000, 3.192773801676070722 ) ) ;
#1083 = AXIS2_PLACEMENT_3D ( 'NONE', #1289, #318, #2068 ) ;
#1084 = ORIENTED_EDGE ( 'NONE', *, *, #1607, .T. ) ;
#1085 = EDGE_LOOP ( 'NONE', ( #2077, #2307, #2168, #2437 ) ) ;
#1086 = CARTESIAN_POINT ( 'NONE',  ( 1.037395093781010136, 10.00000000000000000, 3.192773801676069390 ) ) ;
#1087 = EDGE_CURVE ( 'NONE', #205, #1614, #2249, .T. ) ;
#1088 = EDGE_CURVE ( 'NONE', #2128, #1798, #2187, .T. ) ;
#1089 = AXIS2_PLACEMENT_3D ( 'NONE', #2215, #1670, #1853 ) ;
#1090 = DIRECTION ( 'NONE',  ( 0.8090169943749506709, 0.000000000000000000, 0.5877852522924684742 ) ) ;
#1091 = CYLINDRICAL_SURFACE ( 'NONE', #217, 1.949999999999999956 ) ;
#1092 = DIRECTION ( 'NONE',  ( 0.000000000000000000, 1.000000000000000000, 0.000000000000000000 ) ) ;
#1093 = DIRECTION ( 'NONE',  ( 0.5877852522924684742, 0.000000000000000000, -0.8090169943749506709 ) ) ;
#1094 = CARTESIAN_POINT ( 'NONE',  ( -3.115336021310400660, 9.972869472713540517, 1.351417428041429947 ) ) ;
#1095 = ORIENTED_EDGE ( 'NONE', *, *, #291, .F. ) ;
#1096 = ORIENTED_EDGE ( 'NONE', *, *, #697, .T. ) ;
#1097 = CARTESIAN_POINT ( 'NONE',  ( -3.111742936192072317, 9.923048358812547320, -1.490013464962838707 ) ) ;
#1098 = AXIS2_PLACEMENT_3D ( 'NONE', #64, #992, #795 ) ;
#1099 = EDGE_CURVE ( 'NONE', #1948, #2149, #1594, .T. ) ;
#1100 = DIRECTION ( 'NONE',  ( 0.000000000000000000, 0.000000000000000000, -1.000000000000000000 ) ) ;
#1101 = DIRECTION ( 'NONE',  ( 0.000000000000000000, 0.000000000000000000, -1.000000000000000000 ) ) ;
#1102 = CARTESIAN_POINT ( 'NONE',  ( -2.715935615280984816, 10.00000000000000000, -1.973242727826019616 ) ) ;
#1103 = CARTESIAN_POINT ( 'NONE',  ( 3.357081043000000875, 0.000000000000000000, 0.2500000000000000000 ) ) ;
#1104 =( BOUNDED_CURVE ( )  B_SPLINE_CURVE ( 3, ( #1755, #1582, #2159, #794 ),
 .UNSPECIFIED., .F., .F. ) 
 B_SPLINE_CURVE_WITH_KNOTS ( ( 4, 4 ),
 ( 3.977921496213520758, 4.712388980384689674 ),
 .UNSPECIFIED. ) 
 CURVE ( )  GEOMETRIC_REPRESENTATION_ITEM ( )  RATIONAL_B_SPLINE_CURVE ( ( 1.000000000000000000, 0.9555493991423477107, 0.9555493991423477107, 1.000000000000000000 ) ) 
 REPRESENTATION_ITEM ( '' )  );
#1105 = DIRECTION ( 'NONE',  ( -0.3090169943749447312, 0.000000000000000000, 0.9510565162951545304 ) ) ;
#1106 = CARTESIAN_POINT ( 'NONE',  ( -3.112417395615254545, 9.921149882957831068, 1.490402675810377220 ) ) ;
#1107 = VERTEX_POINT ( 'NONE', #2476 ) ;
#1108 = ORIENTED_EDGE ( 'NONE', *, *, #419, .F. ) ;
#1109 = CIRCLE ( 'NONE', #407, 3.357081043000000875 ) ;
#1110 = CARTESIAN_POINT ( 'NONE',  ( 0.7064481455022076917, 10.00000000001741007, 3.286009477460844597 ) ) ;
#1111 = CARTESIAN_POINT ( 'NONE',  ( -2.116806521613022518, 9.997512442031299074, 2.612275067387116234 ) ) ;
#1112 = CARTESIAN_POINT ( 'NONE',  ( 3.572738462958666705, 9.713812937599833219, -0.8356804438990811379 ) ) ;
#1113 = LINE ( 'NONE', #2506, #2353 ) ;
#1114 = CARTESIAN_POINT ( 'NONE',  ( -3.523723085894284957, 8.916010612725225215, 2.251117684441582778 ) ) ;
#1115 = EDGE_CURVE ( 'NONE', #287, #958, #2290, .T. ) ;
#1116 = CARTESIAN_POINT ( 'NONE',  ( 1.037395093781010358, 10.00000000000000000, 3.192773801676070722 ) ) ;
#1117 = B_SPLINE_CURVE_WITH_KNOTS ( 'NONE', 3,
 ( #571, #2509, #1118, #747, #544, #1156, #954, #761, #1129, #1164 ),
 .UNSPECIFIED., .F., .F.,
 ( 4, 2, 2, 2, 4 ),
 ( 0.000000000000000000, 0.001482210797659547002, 0.002964421595319094004, 0.004446632392978643392, 0.005928843190638193213 ),
 .UNSPECIFIED. ) ;
#1118 = CARTESIAN_POINT ( 'NONE',  ( 0.1770756902471999628, 9.997512442031297297, -3.357602578858802200 ) ) ;
#1119 = EDGE_LOOP ( 'NONE', ( #639, #1601, #264, #1975 ) ) ;
#1120 = ORIENTED_EDGE ( 'NONE', *, *, #1875, .T. ) ;
#1121 = CARTESIAN_POINT ( 'NONE',  ( -2.243196956924528696, 9.901912455097642507, -2.749662131773771279 ) ) ;
#1122 = FACE_OUTER_BOUND ( 'NONE', #846, .T. ) ;
#1123 = DIRECTION ( 'NONE',  ( 0.9510565162951500895, 0.000000000000000000, -0.3090169943749582204 ) ) ;
#1124 = DIRECTION ( 'NONE',  ( 0.000000000000000000, 1.000000000000000000, 0.000000000000000000 ) ) ;
#1125 = LINE ( 'NONE', #1338, #1372 ) ;
#1126 = EDGE_CURVE ( 'NONE', #724, #832, #2420, .T. ) ;
#1127 = VECTOR ( 'NONE', #276, 100.0000000000000142 ) ;
#1128 = DIRECTION ( 'NONE',  ( 0.000000000000000000, 1.000000000000000000, 0.000000000000000000 ) ) ;
#1129 = CARTESIAN_POINT ( 'NONE',  ( 0.5688432539346055528, 9.840512025481524816, -3.471383206963020385 ) ) ;
#1130 = ORIENTED_EDGE ( 'NONE', *, *, #2035, .T. ) ;
#1131 = AXIS2_PLACEMENT_3D ( 'NONE', #1240, #657, #444 ) ;
#1132 = ORIENTED_EDGE ( 'NONE', *, *, #1204, .F. ) ;
#1133 = CARTESIAN_POINT ( 'NONE',  ( 0.3092575698006506113, 9.713812937599833219, 3.656115655246784168 ) ) ;
#1134 = ORIENTED_EDGE ( 'NONE', *, *, #2161, .F. ) ;
#1135 = CARTESIAN_POINT ( 'NONE',  ( 0.1009933094276185134, 0.000000000000000000, 3.355910417664811352 ) ) ;
#1136 = CARTESIAN_POINT ( 'NONE',  ( 0.2377641290737875501, 0.000000000000000000, -0.07725424859373955511 ) ) ;
#1137 = VECTOR ( 'NONE', #2123, 100.0000000000000142 ) ;
#1138 = FACE_OUTER_BOUND ( 'NONE', #138, .T. ) ;
#1139 = CARTESIAN_POINT ( 'NONE',  ( 0.000000000000000000, 16.00000000000000000, 0.000000000000000000 ) ) ;
#1140 = COLOUR_RGB ( '',0.7921568627450980005, 0.8196078431372548767, 0.9333333333333333481 ) ;
#1141 = CARTESIAN_POINT ( 'NONE',  ( 0.000000000000000000, 1.300000000000000044, 0.000000000000000000 ) ) ;
#1142 = DIRECTION ( 'NONE',  ( -0.000000000000000000, -1.000000000000000000, -0.000000000000000000 ) ) ;
#1143 = EDGE_CURVE ( 'NONE', #958, #287, #2373, .T. ) ;
#1144 = ORIENTED_EDGE ( 'NONE', *, *, #1371, .T. ) ;
#1145 = EDGE_LOOP ( 'NONE', ( #2023, #127, #986, #2011, #2003 ) ) ;
#1146 = CARTESIAN_POINT ( 'NONE',  ( -2.568080356712308276, 9.946472080082282119, -2.245372042250791900 ) ) ;
#1147 = ORIENTED_EDGE ( 'NONE', *, *, #2384, .F. ) ;
#1148 = CARTESIAN_POINT ( 'NONE',  ( 0.1009933094275562437, 0.000000000000000000, -4.355910417664814460 ) ) ;
#1149 = VECTOR ( 'NONE', #1495, 100.0000000000000000 ) ;
#1150 = CARTESIAN_POINT ( 'NONE',  ( 3.357081043000000875, 10.00000000000000000, 1.461490507441253841E-16 ) ) ;
#1151 = VERTEX_POINT ( 'NONE', #626 ) ;
#1152 = CARTESIAN_POINT ( 'NONE',  ( -2.643690277196257821, 9.970376588389388672, 2.110657791723234311 ) ) ;
#1153 = CARTESIAN_POINT ( 'NONE',  ( 0.000000000000000000, 13.00000000000000000, 0.000000000000000000 ) ) ;
#1154 = AXIS2_PLACEMENT_3D ( 'NONE', #2131, #1772, #2186 ) ;
#1155 = CARTESIAN_POINT ( 'NONE',  ( 0.000000000000000000, 13.00000000000000000, 0.000000000000000000 ) ) ;
#1156 = CARTESIAN_POINT ( 'NONE',  ( 0.4130121986701640879, 9.943408935941572935, -3.404683294520435055 ) ) ;
#1157 = VERTEX_POINT ( 'NONE', #2397 ) ;
#1158 = EDGE_LOOP ( 'NONE', ( #325, #1688, #2105, #2089 ) ) ;
#1159 = ORIENTED_EDGE ( 'NONE', *, *, #2229, .T. ) ;
#1160 = CARTESIAN_POINT ( 'NONE',  ( 1.450172063310277704, 9.248423588762943126, -3.654153690946598587 ) ) ;
#1161 = CARTESIAN_POINT ( 'NONE',  ( 0.8168655507555380169, 9.558672630023956174, -3.614106705407433395 ) ) ;
#1162 = LINE ( 'NONE', #196, #524 ) ;
#1163 = FACE_OUTER_BOUND ( 'NONE', #1929, .T. ) ;
#1164 = CARTESIAN_POINT ( 'NONE',  ( 0.5997550771332063047, 9.805385467609696093, -3.489171299431919948 ) ) ;
#1165 = ORIENTED_EDGE ( 'NONE', *, *, #1272, .T. ) ;
#1166 = ORIENTED_EDGE ( 'NONE', *, *, #1733, .F. ) ;
#1167 = EDGE_LOOP ( 'NONE', ( #226, #968, #220 ) ) ;
#1168 = ORIENTED_EDGE ( 'NONE', *, *, #1585, .T. ) ;
#1169 = EDGE_CURVE ( 'NONE', #2063, #701, #2497, .T. ) ;
#1170 = DIRECTION ( 'NONE',  ( 0.000000000000000000, 0.000000000000000000, -1.000000000000000000 ) ) ;
#1171 = EDGE_CURVE ( 'NONE', #982, #593, #2045, .T. ) ;
#1172 = FACE_BOUND ( 'NONE', #1349, .T. ) ;
#1173 = CARTESIAN_POINT ( 'NONE',  ( 0.000000000000000000, 16.00000000000000000, -3.357081043000000875 ) ) ;
#1174 = AXIS2_PLACEMENT_3D ( 'NONE', #60, #988, #1407 ) ;
#1175 = DIRECTION ( 'NONE',  ( 0.000000000000000000, 1.000000000000000000, 0.000000000000000000 ) ) ;
#1176 = EDGE_CURVE ( 'NONE', #205, #2256, #1839, .T. ) ;
#1177 = ORIENTED_EDGE ( 'NONE', *, *, #2229, .F. ) ;
#1178 = AXIS2_PLACEMENT_3D ( 'NONE', #122, #903, #1653 ) ;
#1179 = LINE ( 'NONE', #652, #1211 ) ;
#1180 =( LENGTH_UNIT ( ) NAMED_UNIT ( * ) SI_UNIT ( .CENTI., .METRE. ) );
#1181 = ORIENTED_EDGE ( 'NONE', *, *, #1486, .F. ) ;
#1182 = ORIENTED_EDGE ( 'NONE', *, *, #1171, .F. ) ;
#1183 = CARTESIAN_POINT ( 'NONE',  ( -2.667276587025884993, 0.000000000000000000, -1.628872880052328220 ) ) ;
#1184 = ORIENTED_EDGE ( 'NONE', *, *, #1607, .F. ) ;
#1185 = CARTESIAN_POINT ( 'NONE',  ( 3.357081043000000875, 10.00000000000000000, 0.2500000000000000000 ) ) ;
#1186 = DIRECTION ( 'NONE',  ( 0.000000000000000000, 1.000000000000000000, 0.000000000000000000 ) ) ;
#1187 = CIRCLE ( 'NONE', #330, 1.000000000000000222 ) ;
#1188 = DIRECTION ( 'NONE',  ( 0.000000000000000000, 1.000000000000000000, 0.000000000000000000 ) ) ;
#1189 = AXIS2_PLACEMENT_3D ( 'NONE', #925, #523, #154 ) ;
#1190 = EDGE_CURVE ( 'NONE', #2385, #1419, #2358, .T. ) ;
#1191 = EDGE_CURVE ( 'NONE', #1961, #1835, #1613, .T. ) ;
#1192 = ORIENTED_EDGE ( 'NONE', *, *, #885, .T. ) ;
#1193 = DIRECTION ( 'NONE',  ( 0.000000000000000000, 0.000000000000000000, 1.000000000000000000 ) ) ;
#1194 = CARTESIAN_POINT ( 'NONE',  ( 0.000000000000000000, 0.000000000000000000, 0.000000000000000000 ) ) ;
#1195 = ORIENTED_EDGE ( 'NONE', *, *, #824, .T. ) ;
#1196 = ORIENTED_EDGE ( 'NONE', *, *, #1099, .T. ) ;
#1197 = DIRECTION ( 'NONE',  ( -0.6461096999395676832, 0.6018150231520467131, -0.4694261747628730164 ) ) ;
#1198 = CARTESIAN_POINT ( 'NONE',  ( 9.357081043000000875, 2.037731070277506440, 0.2500000000000000000 ) ) ;
#1199 = DIRECTION ( 'NONE',  ( 0.000000000000000000, 0.000000000000000000, -1.000000000000000000 ) ) ;
#1200 = CIRCLE ( 'NONE', #1513, 3.357081043000000875 ) ;
#1201 = DIRECTION ( 'NONE',  ( 0.5877852522924802425, 0.000000000000000000, 0.8090169943749423442 ) ) ;
#1202 = PLANE ( 'NONE',  #691 ) ;
#1203 = VECTOR ( 'NONE', #558, 100.0000000000000000 ) ;
#1204 = EDGE_CURVE ( 'NONE', #495, #2088, #1926, .T. ) ;
#1205 = ORIENTED_EDGE ( 'NONE', *, *, #752, .F. ) ;
#1206 = DIRECTION ( 'NONE',  ( -0.1859710696241333172, 0.7986355100472939395, 0.5723600993730734166 ) ) ;
#1207 = CARTESIAN_POINT ( 'NONE',  ( 1.868663504280116294, 9.999999999999994671, -2.789370320026384409 ) ) ;
#1208 = CARTESIAN_POINT ( 'NONE',  ( -3.275752279159704017, 9.748242275411504565, 1.525480316677801484 ) ) ;
#1209 = B_SPLINE_CURVE_WITH_KNOTS ( 'NONE', 3,
 ( #1065, #2248, #1241, #658 ),
 .UNSPECIFIED., .F., .F.,
 ( 4, 4 ),
 ( 0.005680763558850419198, 0.005909546365513530797 ),
 .UNSPECIFIED. ) ;
#1210 = ORIENTED_EDGE ( 'NONE', *, *, #1226, .F. ) ;
#1211 = VECTOR ( 'NONE', #1206, 99.99999999999998579 ) ;
#1212 = CYLINDRICAL_SURFACE ( 'NONE', #2066, 0.2950000000000000955 ) ;
#1213 = ORIENTED_EDGE ( 'NONE', *, *, #245, .T. ) ;
#1214 = DIRECTION ( 'NONE',  ( 0.000000000000000000, 1.000000000000000000, 0.000000000000000000 ) ) ;
#1215 = DIRECTION ( 'NONE',  ( -0.5877852522924684742, 0.000000000000000000, 0.8090169943749506709 ) ) ;
#1216 = DIRECTION ( 'NONE',  ( -0.000000000000000000, -1.000000000000000000, -0.000000000000000000 ) ) ;
#1217 = CARTESIAN_POINT ( 'NONE',  ( 1.868702229209870502, 9.999999999999992895, 2.789343533787120855 ) ) ;
#1218 = CIRCLE ( 'NONE', #484, 1.000000000000000222 ) ;
#1219 = EDGE_LOOP ( 'NONE', ( #1108, #1723, #2378, #2328 ) ) ;
#1220 = CARTESIAN_POINT ( 'NONE',  ( 1.909759572204334122, 0.000000000000000000, -2.760943951920048267 ) ) ;
#1221 = DIRECTION ( 'NONE',  ( 0.000000000000000000, 1.000000000000000000, 0.000000000000000000 ) ) ;
#1222 =( BOUNDED_CURVE ( )  B_SPLINE_CURVE ( 3, ( #82, #283, #1826, #95 ),
 .UNSPECIFIED., .F., .F. ) 
 B_SPLINE_CURVE_WITH_KNOTS ( ( 4, 4 ),
 ( 3.977921496213599806, 4.712388980384689674 ),
 .UNSPECIFIED. ) 
 CURVE ( )  GEOMETRIC_REPRESENTATION_ITEM ( )  RATIONAL_B_SPLINE_CURVE ( ( 1.000000000000000000, 0.9555493991423571476, 0.9555493991423571476, 1.000000000000000000 ) ) 
 REPRESENTATION_ITEM ( '' )  );
#1223 = ORIENTED_EDGE ( 'NONE', *, *, #727, .F. ) ;
#1224 = DIRECTION ( 'NONE',  ( 0.3090169943749581649, 0.000000000000000000, 0.9510565162951500895 ) ) ;
#1225 = EDGE_LOOP ( 'NONE', ( #816, #1550, #2102, #362, #304 ) ) ;
#1226 = EDGE_CURVE ( 'NONE', #387, #2138, #1600, .T. ) ;
#1227 = CARTESIAN_POINT ( 'NONE',  ( 0.000000000000000000, 16.00000000000000000, 0.000000000000000000 ) ) ;
#1228 = CARTESIAN_POINT ( 'NONE',  ( 1.211305901837899102, 9.928689621219492167, -3.192768365142542475 ) ) ;
#1229 = DIRECTION ( 'NONE',  ( 0.000000000000000000, 0.000000000000000000, 1.000000000000000000 ) ) ;
#1230 = PLANE ( 'NONE',  #1891 ) ;
#1231 = ORIENTED_EDGE ( 'NONE', *, *, #1938, .T. ) ;
#1232 = ORIENTED_EDGE ( 'NONE', *, *, #26, .F. ) ;
#1233 = CARTESIAN_POINT ( 'NONE',  ( 0.000000000000000000, 16.00000000000000000, 0.000000000000000000 ) ) ;
#1234 = VERTEX_POINT ( 'NONE', #653 ) ;
#1235 = CARTESIAN_POINT ( 'NONE',  ( 1.052049825722768395, 0.000000000000000000, 4.046893423289852798 ) ) ;
#1236 = VERTEX_POINT ( 'NONE', #1414 ) ;
#1237 =( BOUNDED_CURVE ( )  B_SPLINE_CURVE ( 3, ( #1583, #2189, #2393, #50 ),
 .UNSPECIFIED., .F., .T. ) 
 B_SPLINE_CURVE_WITH_KNOTS ( ( 4, 4 ),
 ( 3.977921496213519870, 4.712388980384689674 ),
 .UNSPECIFIED. ) 
 CURVE ( )  GEOMETRIC_REPRESENTATION_ITEM ( )  RATIONAL_B_SPLINE_CURVE ( ( 1.000000000000000000, 0.9555493991423477107, 0.9555493991423477107, 1.000000000000000000 ) ) 
 REPRESENTATION_ITEM ( '' )  );
#1238 = EDGE_CURVE ( 'NONE', #1749, #958, #2372, .T. ) ;
#1239 = B_SPLINE_CURVE_WITH_KNOTS ( 'NONE', 3,
 ( #1841, #474, #111, #1472, #2455, #1271 ),
 .UNSPECIFIED., .F., .F.,
 ( 4, 2, 4 ),
 ( 0.000000000000000000, 0.002816304339577614235, 0.005632608679155228469 ),
 .UNSPECIFIED. ) ;
#1240 = CARTESIAN_POINT ( 'NONE',  ( 4.173925636049350629, 0.000000000000000000, -1.250000000000000000 ) ) ;
#1241 = CARTESIAN_POINT ( 'NONE',  ( 0.08555019853414656816, 10.00000000000000000, 3.355999727477111616 ) ) ;
#1242 = ORIENTED_EDGE ( 'NONE', *, *, #404, .F. ) ;
#1243 = B_SPLINE_CURVE_WITH_KNOTS ( 'NONE', 3,
 ( #1002, #2324, #1754, #1394, #1555, #604 ),
 .UNSPECIFIED., .F., .F.,
 ( 4, 2, 4 ),
 ( -3.579676697390409289E-05, 0.002780507572604534738, 0.005596811912182973400 ),
 .UNSPECIFIED. ) ;
#1244 = CARTESIAN_POINT ( 'NONE',  ( 3.503733612091573857, 9.805385467609697869, -0.5078122535211331279 ) ) ;
#1245 = DIRECTION ( 'NONE',  ( 0.000000000000000000, 0.000000000000000000, -1.000000000000000000 ) ) ;
#1246 = ORIENTED_EDGE ( 'NONE', *, *, #419, .T. ) ;
#1247 = CARTESIAN_POINT ( 'NONE',  ( -2.642045207455614442, 16.00000000000000000, -3.464643176003958658 ) ) ;
#1248 = CARTESIAN_POINT ( 'NONE',  ( 1.630116794682799686, 9.909437148577245225, -3.053781531705868524 ) ) ;
#1249 = ORIENTED_EDGE ( 'NONE', *, *, #135, .T. ) ;
#1250 = EDGE_CURVE ( 'NONE', #1812, #1961, #2165, .T. ) ;
#1251 = CARTESIAN_POINT ( 'NONE',  ( 2.478634600165493751, 0.000000000000000000, 3.583367931727416078 ) ) ;
#1252 = DIRECTION ( 'NONE',  ( -0.1859710696241333172, 0.7986355100472939395, 0.5723600993730734166 ) ) ;
#1253 = EDGE_CURVE ( 'NONE', #2232, #2205, #451, .T. ) ;
#1254 =( BOUNDED_CURVE ( )  B_SPLINE_CURVE ( 3, ( #2499, #2087, #2304, #1545 ),
 .UNSPECIFIED., .F., .T. ) 
 B_SPLINE_CURVE_WITH_KNOTS ( ( 4, 4 ),
 ( 1.570796326794896558, 2.305263810965988203 ),
 .UNSPECIFIED. ) 
 CURVE ( )  GEOMETRIC_REPRESENTATION_ITEM ( )  RATIONAL_B_SPLINE_CURVE ( ( 1.000000000000000000, 0.9555493991423570366, 0.9555493991423570366, 1.000000000000000000 ) ) 
 REPRESENTATION_ITEM ( '' )  );
#1255 = ORIENTED_EDGE ( 'NONE', *, *, #475, .T. ) ;
#1256 = AXIS2_PLACEMENT_3D ( 'NONE', #2349, #618, #1393 ) ;
#1257 = CARTESIAN_POINT ( 'NONE',  ( 0.1009933094276185134, 16.00000000000000000, 4.355910417664811796 ) ) ;
#1258 = CARTESIAN_POINT ( 'NONE',  ( -3.229830459748082916, 0.000000000000000000, -2.655626181629007654 ) ) ;
#1259 = ORIENTED_EDGE ( 'NONE', *, *, #166, .F. ) ;
#1260 = ORIENTED_EDGE ( 'NONE', *, *, #944, .T. ) ;
#1261 = ADVANCED_FACE ( 'NONE', ( #425 ), #410, .T. ) ;
#1262 = CARTESIAN_POINT ( 'NONE',  ( 0.000000000000000000, 10.00000000000000000, 0.000000000000000000 ) ) ;
#1263 = CARTESIAN_POINT ( 'NONE',  ( 0.000000000000000000, 4.799999999999999822, 0.000000000000000000 ) ) ;
#1264 = CIRCLE ( 'NONE', #81, 2.857081042999999987 ) ;
#1265 = ORIENTED_EDGE ( 'NONE', *, *, #1770, .F. ) ;
#1266 =( GEOMETRIC_REPRESENTATION_CONTEXT ( 3 ) GLOBAL_UNCERTAINTY_ASSIGNED_CONTEXT ( ( #2514 ) ) GLOBAL_UNIT_ASSIGNED_CONTEXT ( ( #1180, #2319, #240 ) ) REPRESENTATION_CONTEXT ( 'NONE', 'WORKASPACE' ) );
#1267 = CARTESIAN_POINT ( 'NONE',  ( -2.786394870509386834, 9.963456142834562712, 1.923113938098023556 ) ) ;
#1268 = VECTOR ( 'NONE', #1693, 100.0000000000000000 ) ;
#1269 = CARTESIAN_POINT ( 'NONE',  ( 2.388061258337338643E-16, 4.799999999999999822, 1.949999999999999956 ) ) ;
#1270 = FACE_OUTER_BOUND ( 'NONE', #598, .T. ) ;
#1271 = CARTESIAN_POINT ( 'NONE',  ( -2.715935615280986593, 10.00000000000000000, -1.973242727826019394 ) ) ;
#1272 = EDGE_CURVE ( 'NONE', #400, #387, #1200, .T. ) ;
#1273 = CARTESIAN_POINT ( 'NONE',  ( 0.07781418826114823439, 0.000000000000000000, -3.356179089586136755 ) ) ;
#1274 = VECTOR ( 'NONE', #1347, 100.0000000000000000 ) ;
#1275 = CARTESIAN_POINT ( 'NONE',  ( 3.408052617443661614, 9.909437148577243448, 0.6066628094997851273 ) ) ;
#1276 = EDGE_CURVE ( 'NONE', #1948, #1467, #78, .T. ) ;
#1277 = ORIENTED_EDGE ( 'NONE', *, *, #341, .T. ) ;
#1278 = CARTESIAN_POINT ( 'NONE',  ( -2.117014096086442532, 9.997514792513998216, -2.612124014257843463 ) ) ;
#1279 = AXIS2_PLACEMENT_3D ( 'NONE', #2261, #728, #1518 ) ;
#1280 = CARTESIAN_POINT ( 'NONE',  ( -3.133064589497917218, 9.805385467609696093, 1.648614202098457104 ) ) ;
#1281 = CARTESIAN_POINT ( 'NONE',  ( 3.410817267744401526, 9.928689621219511707, -0.1654006872379119586 ) ) ;
#1282 = DIRECTION ( 'NONE',  ( -0.000000000000000000, -1.000000000000000000, -0.000000000000000000 ) ) ;
#1283 = ADVANCED_FACE ( 'NONE', ( #238 ), #1780, .F. ) ;
#1284 = CARTESIAN_POINT ( 'NONE',  ( 1.037395093781010358, 10.00000000000000000, 3.192773801676070722 ) ) ;
#1285 = EDGE_CURVE ( 'NONE', #1423, #1236, #1801, .T. ) ;
#1286 = ORIENTED_EDGE ( 'NONE', *, *, #1563, .T. ) ;
#1287 = ORIENTED_EDGE ( 'NONE', *, *, #2433, .T. ) ;
#1288 = CARTESIAN_POINT ( 'NONE',  ( -3.523723085894284957, 0.000000000000000000, 2.251117684441582778 ) ) ;
#1289 = CARTESIAN_POINT ( 'NONE',  ( 0.000000000000000000, 14.00000000000000711, 0.000000000000000000 ) ) ;
#1290 = CARTESIAN_POINT ( 'NONE',  ( 1.275159222854753693, 10.00000000000000000, -3.115519553082348736 ) ) ;
#1291 = FACE_BOUND ( 'NONE', #337, .T. ) ;
#1292 = DIRECTION ( 'NONE',  ( -0.000000000000000000, -1.000000000000000000, -0.000000000000000000 ) ) ;
#1293 = FACE_OUTER_BOUND ( 'NONE', #2163, .T. ) ;
#1294 = CYLINDRICAL_SURFACE ( 'NONE', #1322, 1.000000000000000222 ) ;
#1295 = VERTEX_POINT ( 'NONE', #907 ) ;
#1296 = ORIENTED_EDGE ( 'NONE', *, *, #145, .F. ) ;
#1297 = CARTESIAN_POINT ( 'NONE',  ( -2.410283778457274373, 9.912984974836843932, -2.505491629556097166 ) ) ;
#1298 = AXIS2_PLACEMENT_3D ( 'NONE', #2484, #2326, #359 ) ;
#1299 = CARTESIAN_POINT ( 'NONE',  ( 0.000000000000000000, 1.300000000000001155, 0.000000000000000000 ) ) ;
#1300 = CARTESIAN_POINT ( 'NONE',  ( -3.523723085894317375, 8.916010612725225215, -2.251117684441532152 ) ) ;
#1301 = EDGE_CURVE ( 'NONE', #2149, #1948, #2172, .T. ) ;
#1302 = DIRECTION ( 'NONE',  ( -0.8090169943749506709, 0.000000000000000000, -0.5877852522924684742 ) ) ;
#1303 = CARTESIAN_POINT ( 'NONE',  ( 0.000000000000000000, 13.00000000000000000, -1.949999999999999956 ) ) ;
#1304 = DIRECTION ( 'NONE',  ( 1.000000000000000000, 0.000000000000000000, 0.000000000000000000 ) ) ;
#1305 = CARTESIAN_POINT ( 'NONE',  ( 3.449732754949297320, 9.870899395104574481, 0.5591153814133545952 ) ) ;
#1306 = EDGE_LOOP ( 'NONE', ( #376, #2425, #2370, #1441 ) ) ;
#1307 = EDGE_LOOP ( 'NONE', ( #1213, #1029 ) ) ;
#1308 = CARTESIAN_POINT ( 'NONE',  ( -2.673933616446164674, 9.940741915398801254, -2.107023730668409200 ) ) ;
#1309 = CARTESIAN_POINT ( 'NONE',  ( 9.357081043000000875, 2.037731070277506440, -0.2500000000000000000 ) ) ;
#1310 = CARTESIAN_POINT ( 'NONE',  ( 0.000000000000000000, 4.799999999999999822, 0.000000000000000000 ) ) ;
#1311 = EDGE_CURVE ( 'NONE', #16, #1576, #555, .T. ) ;
#1312 = LINE ( 'NONE', #565, #862 ) ;
#1313 = DIRECTION ( 'NONE',  ( 0.9510565162951545304, 0.000000000000000000, 0.3090169943749447312 ) ) ;
#1314 = CARTESIAN_POINT ( 'NONE',  ( -2.642045207455564260, 0.000000000000000000, 3.464643176003995961 ) ) ;
#1315 = CARTESIAN_POINT ( 'NONE',  ( 1.783914846119032616, 9.903454741278565621, 3.026710884623726283 ) ) ;
#1316 = EDGE_LOOP ( 'NONE', ( #967, #873, #673, #65 ) ) ;
#1317 = EDGE_LOOP ( 'NONE', ( #2470, #2310, #2318, #1933 ) ) ;
#1318 = CARTESIAN_POINT ( 'NONE',  ( -2.570383386009893023, 9.833339162961905799, 2.387241164915015812 ) ) ;
#1319 = ORIENTED_EDGE ( 'NONE', *, *, #509, .T. ) ;
#1320 = CARTESIAN_POINT ( 'NONE',  ( -3.523723085894317375, 8.916010612725225215, -2.251117684441532152 ) ) ;
#1321 = DIRECTION ( 'NONE',  ( -0.000000000000000000, -1.000000000000000000, -0.000000000000000000 ) ) ;
#1322 = AXIS2_PLACEMENT_3D ( 'NONE', #2060, #324, #137 ) ;
#1323 = EDGE_CURVE ( 'NONE', #701, #2063, #1519, .T. ) ;
#1324 = DIRECTION ( 'NONE',  ( 0.000000000000000000, 0.000000000000000000, 1.000000000000000000 ) ) ;
#1325 = CARTESIAN_POINT ( 'NONE',  ( -2.536095482391627520, 9.805385467609646355, -2.470271688199436433 ) ) ;
#1326 = VECTOR ( 'NONE', #515, 100.0000000000000142 ) ;
#1327 = CARTESIAN_POINT ( 'NONE',  ( 1.123862791988339715, 9.963456142832519902, 3.193633669991329693 ) ) ;
#1328 = CARTESIAN_POINT ( 'NONE',  ( 1.638045492001392489, 9.912984974833667806, 3.066555586416153112 ) ) ;
#1329 = EDGE_CURVE ( 'NONE', #476, #1701, #2052, .T. ) ;
#1330 = EDGE_LOOP ( 'NONE', ( #994, #595 ) ) ;
#1331 = ORIENTED_EDGE ( 'NONE', *, *, #117, .F. ) ;
#1332 = CARTESIAN_POINT ( 'NONE',  ( -2.715935615280984372, 10.00000000000000000, -1.973242727826020060 ) ) ;
#1333 = EDGE_LOOP ( 'NONE', ( #1181, #969 ) ) ;
#1334 = DIRECTION ( 'NONE',  ( 8.659560562354977232E-17, 0.7071067811865441310, -0.7071067811865510144 ) ) ;
#1335 = CARTESIAN_POINT ( 'NONE',  ( 3.214398265626356554, 10.00000000000000000, -0.9683165387455930917 ) ) ;
#1336 = AXIS2_PLACEMENT_3D ( 'NONE', #1015, #2132, #1595 ) ;
#1337 = CARTESIAN_POINT ( 'NONE',  ( -2.929056185433681847, 9.946472080081237621, -1.748531437871605698 ) ) ;
#1338 = CARTESIAN_POINT ( 'NONE',  ( 2.653732930956844704, 2.037731070277506440, -8.976367148040749200 ) ) ;
#1339 = CARTESIAN_POINT ( 'NONE',  ( 0.07781418826119625154, 0.000000000000000000, 3.356179089586135866 ) ) ;
#1340 = LINE ( 'NONE', #2111, #1137 ) ;
#1341 = ORIENTED_EDGE ( 'NONE', *, *, #1989, .F. ) ;
#1342 = ORIENTED_EDGE ( 'NONE', *, *, #872, .T. ) ;
#1343 = DIRECTION ( 'NONE',  ( 0.000000000000000000, 0.000000000000000000, 1.000000000000000000 ) ) ;
#1344 = ORIENTED_EDGE ( 'NONE', *, *, #599, .F. ) ;
#1345 = CARTESIAN_POINT ( 'NONE',  ( 2.388061258337338643E-16, 1.300000000000000044, 1.949999999999999956 ) ) ;
#1346 = CYLINDRICAL_SURFACE ( 'NONE', #1411, 2.857081042999999987 ) ;
#1347 = DIRECTION ( 'NONE',  ( -0.000000000000000000, -1.000000000000000000, -0.000000000000000000 ) ) ;
#1348 = CARTESIAN_POINT ( 'NONE',  ( 2.653732930956972158, 2.037731070277506440, 8.976367148040708344 ) ) ;
#1349 = EDGE_LOOP ( 'NONE', ( #266, #2267 ) ) ;
#1350 = ORIENTED_EDGE ( 'NONE', *, *, #1718, .F. ) ;
#1351 = ADVANCED_FACE ( 'NONE', ( #2075 ), #335, .T. ) ;
#1352 = APPLICATION_PROTOCOL_DEFINITION ( 'draft international standard', 'automotive_design', 1998, #808 ) ;
#1353 = VERTEX_POINT ( 'NONE', #1819 ) ;
#1354 = CARTESIAN_POINT ( 'NONE',  ( 4.173925636049350629, 16.00000000000000000, 1.250000000000000000 ) ) ;
#1355 = ADVANCED_FACE ( 'NONE', ( #1863 ), #641, .F. ) ;
#1356 = DIRECTION ( 'NONE',  ( 0.000000000000000000, -1.000000000000000000, 0.000000000000000000 ) ) ;
#1357 = CARTESIAN_POINT ( 'NONE',  ( 1.565671382664970190, 9.805385467609646355, -3.175326066852171003 ) ) ;
#1358 = CARTESIAN_POINT ( 'NONE',  ( -2.472461737334660903, 3.100000000000000089, -0.2950000000000000955 ) ) ;
#1359 = CARTESIAN_POINT ( 'NONE',  ( 1.921898106613672663, 9.901912455097642507, 2.983099410723839995 ) ) ;
#1360 = ORIENTED_EDGE ( 'NONE', *, *, #1099, .F. ) ;
#1361 = DIRECTION ( 'NONE',  ( 0.000000000000000000, 0.000000000000000000, 1.000000000000000000 ) ) ;
#1362 = VERTEX_POINT ( 'NONE', #1082 ) ;
#1363 = CIRCLE ( 'NONE', #602, 3.357081043000000875 ) ;
#1364 = EDGE_LOOP ( 'NONE', ( #466, #1923, #378, #385 ) ) ;
#1365 = ORIENTED_EDGE ( 'NONE', *, *, #856, .T. ) ;
#1366 = DIRECTION ( 'NONE',  ( 1.000000000000000000, 0.000000000000000000, -0.000000000000000000 ) ) ;
#1367 = ORIENTED_EDGE ( 'NONE', *, *, #636, .F. ) ;
#1368 = ADVANCED_FACE ( 'NONE', ( #90 ), #2410, .T. ) ;
#1369 = CARTESIAN_POINT ( 'NONE',  ( 3.215961899580620731, 10.00000000000000000, -0.9631106840419632054 ) ) ;
#1370 = CARTESIAN_POINT ( 'NONE',  ( 0.9679466743878336610, 9.963456142825322104, -3.244293887565606660 ) ) ;
#1371 = EDGE_CURVE ( 'NONE', #1362, #178, #1806, .T. ) ;
#1372 = VECTOR ( 'NONE', #1313, 100.0000000000000000 ) ;
#1373 = DIRECTION ( 'NONE',  ( -0.000000000000000000, -1.000000000000000000, -0.000000000000000000 ) ) ;
#1374 = CARTESIAN_POINT ( 'NONE',  ( 0.000000000000000000, 13.09291895700001618, 0.000000000000000000 ) ) ;
#1375 = ORIENTED_EDGE ( 'NONE', *, *, #2398, .T. ) ;
#1376 = AXIS2_PLACEMENT_3D ( 'NONE', #84, #1448, #2007 ) ;
#1377 = DIRECTION ( 'NONE',  ( 0.000000000000000000, 1.000000000000000000, 0.000000000000000000 ) ) ;
#1378 = DIRECTION ( 'NONE',  ( 0.000000000000000000, 0.000000000000000000, 1.000000000000000000 ) ) ;
#1379 = CARTESIAN_POINT ( 'NONE',  ( -2.818458453000748598, 10.00000000006503242, 1.832132147469766492 ) ) ;
#1380 = ORIENTED_EDGE ( 'NONE', *, *, #804, .T. ) ;
#1381 = DIRECTION ( 'NONE',  ( -0.9510565162951545304, 0.000000000000000000, -0.3090169943749447312 ) ) ;
#1382 = CARTESIAN_POINT ( 'NONE',  ( -2.035665573617854829, 10.00000000000000000, 2.669467887362022562 ) ) ;
#1383 = DIRECTION ( 'NONE',  ( -0.000000000000000000, 1.000000000000000000, -0.000000000000000000 ) ) ;
#1384 = ADVANCED_FACE ( 'NONE', ( #516 ), #1294, .F. ) ;
#1385 = FACE_OUTER_BOUND ( 'NONE', #2438, .T. ) ;
#1386 = DIRECTION ( 'NONE',  ( 0.5877852522924684742, 0.000000000000000000, -0.8090169943749506709 ) ) ;
#1387 = CIRCLE ( 'NONE', #1909, 3.357081043000000875 ) ;
#1388 = ORIENTED_EDGE ( 'NONE', *, *, #804, .F. ) ;
#1389 = DIRECTION ( 'NONE',  ( -0.000000000000000000, 1.000000000000000000, -0.000000000000000000 ) ) ;
#1390 = DIRECTION ( 'NONE',  ( 0.000000000000000000, 1.000000000000000000, 0.000000000000000000 ) ) ;
#1391 = ORIENTED_EDGE ( 'NONE', *, *, #509, .F. ) ;
#1392 = DIRECTION ( 'NONE',  ( -0.000000000000000000, -1.000000000000000000, -0.000000000000000000 ) ) ;
#1393 = DIRECTION ( 'NONE',  ( -0.000000000000000000, 0.000000000000000000, -1.000000000000000000 ) ) ;
#1394 = CARTESIAN_POINT ( 'NONE',  ( -2.602375399631674746, 9.863678300712230396, -2.304312471752735014 ) ) ;
#1395 = AXIS2_PLACEMENT_3D ( 'NONE', #1035, #1020, #277 ) ;
#1396 = CARTESIAN_POINT ( 'NONE',  ( 0.000000000000000000, 16.00000000000000000, 0.000000000000000000 ) ) ;
#1397 = CYLINDRICAL_SURFACE ( 'NONE', #2061, 0.2950000000000000955 ) ;
#1398 = CIRCLE ( 'NONE', #2295, 1.000000000000000000 ) ;
#1399 = EDGE_LOOP ( 'NONE', ( #1012, #748, #1231, #2340, #1971, #1586, #1998 ) ) ;
#1400 = ORIENTED_EDGE ( 'NONE', *, *, #2033, .T. ) ;
#1401 = CARTESIAN_POINT ( 'NONE',  ( -3.133064589497917218, 9.805385467609696093, 1.648614202098457104 ) ) ;
#1402 = EDGE_CURVE ( 'NONE', #1671, #2062, #1510, .T. ) ;
#1403 = ORIENTED_EDGE ( 'NONE', *, *, #1939, .T. ) ;
#1404 = CARTESIAN_POINT ( 'NONE',  ( -0.2377641290737886326, 0.000000000000000000, -0.07725424859373618280 ) ) ;
#1405 =( BOUNDED_CURVE ( )  B_SPLINE_CURVE ( 3, ( #2201, #300, #322, #1437 ),
 .UNSPECIFIED., .F., .F. ) 
 B_SPLINE_CURVE_WITH_KNOTS ( ( 4, 4 ),
 ( 3.977921496213599806, 4.712388980384689674 ),
 .UNSPECIFIED. ) 
 CURVE ( )  GEOMETRIC_REPRESENTATION_ITEM ( )  RATIONAL_B_SPLINE_CURVE ( ( 1.000000000000000000, 0.9555493991423571476, 0.9555493991423571476, 1.000000000000000000 ) ) 
 REPRESENTATION_ITEM ( '' )  );
#1406 = CARTESIAN_POINT ( 'NONE',  ( 1.909759572204373201, 0.000000000000000000, 2.760943951920020734 ) ) ;
#1407 = DIRECTION ( 'NONE',  ( 0.000000000000000000, 0.000000000000000000, -1.000000000000000000 ) ) ;
#1408 = VERTEX_POINT ( 'NONE', #2279 ) ;
#1409 = CARTESIAN_POINT ( 'NONE',  ( 0.1009933094276185134, 0.000000000000000000, 4.355910417664811796 ) ) ;
#1410 = FACE_OUTER_BOUND ( 'NONE', #1943, .T. ) ;
#1411 = AXIS2_PLACEMENT_3D ( 'NONE', #1883, #343, #1494 ) ;
#1412 = ORIENTED_EDGE ( 'NONE', *, *, #2142, .T. ) ;
#1413 = PLANE ( 'NONE',  #1639 ) ;
#1414 = CARTESIAN_POINT ( 'NONE',  ( -3.167870086428232312, 10.00000000000000000, 1.111122065653975532 ) ) ;
#1415 = EDGE_CURVE ( 'NONE', #2018, #2281, #1398, .T. ) ;
#1416 = EDGE_CURVE ( 'NONE', #415, #2269, #1117, .T. ) ;
#1417 = ORIENTED_EDGE ( 'NONE', *, *, #838, .T. ) ;
#1418 = CARTESIAN_POINT ( 'NONE',  ( 2.388061258337338643E-16, 4.892918957000016889, 1.949999999999999956 ) ) ;
#1419 = VERTEX_POINT ( 'NONE', #383 ) ;
#1420 = CARTESIAN_POINT ( 'NONE',  ( 3.503733612091573857, 9.805385467609697869, -0.5078122535211331279 ) ) ;
#1421 = LINE ( 'NONE', #877, #2405 ) ;
#1422 = ORIENTED_EDGE ( 'NONE', *, *, #891, .F. ) ;
#1423 = VERTEX_POINT ( 'NONE', #372 ) ;
#1424 = AXIS2_PLACEMENT_3D ( 'NONE', #308, #2184, #1090 ) ;
#1425 = DIRECTION ( 'NONE',  ( -0.000000000000000000, -1.000000000000000000, -0.000000000000000000 ) ) ;
#1426 = CARTESIAN_POINT ( 'NONE',  ( 2.388061258337338643E-16, 10.00000000000000000, 1.949999999999999956 ) ) ;
#1427 = ORIENTED_EDGE ( 'NONE', *, *, #2084, .F. ) ;
#1428 = DIRECTION ( 'NONE',  ( 0.000000000000000000, 0.000000000000000000, 1.000000000000000000 ) ) ;
#1429 = DIRECTION ( 'NONE',  ( 0.000000000000000000, 0.000000000000000000, 1.000000000000000000 ) ) ;
#1430 = ADVANCED_FACE ( 'NONE', ( #929 ), #1078, .T. ) ;
#1431 = VERTEX_POINT ( 'NONE', #733 ) ;
#1432 = SURFACE_STYLE_FILL_AREA ( #2219 ) ;
#1433 = CARTESIAN_POINT ( 'NONE',  ( 0.000000000000000000, 22.00000000000000000, 0.000000000000000000 ) ) ;
#1434 = CARTESIAN_POINT ( 'NONE',  ( 3.923434491649434364, 9.248423588762905823, -0.2500000000000000000 ) ) ;
#1435 = EDGE_CURVE ( 'NONE', #1431, #1234, #345, .T. ) ;
#1436 = DIRECTION ( 'NONE',  ( 0.000000000000000000, -1.000000000000000000, 0.000000000000000000 ) ) ;
#1437 = CARTESIAN_POINT ( 'NONE',  ( 1.052049825722768617, 8.916010612725225215, 4.046893423289852798 ) ) ;
#1438 = ORIENTED_EDGE ( 'NONE', *, *, #1323, .F. ) ;
#1439 = CARTESIAN_POINT ( 'NONE',  ( 4.173925636049350629, 0.000000000000000000, -0.2500000000000000000 ) ) ;
#1440 = CARTESIAN_POINT ( 'NONE',  ( -3.167870086428232312, 10.00000000000000000, 1.111122065653975532 ) ) ;
#1441 = ORIENTED_EDGE ( 'NONE', *, *, #291, .T. ) ;
#1442 =( NAMED_UNIT ( * ) PLANE_ANGLE_UNIT ( ) SI_UNIT ( $, .RADIAN. ) );
#1443 = AXIS2_PLACEMENT_3D ( 'NONE', #1262, #2409, #1818 ) ;
#1444 = DIRECTION ( 'NONE',  ( 0.4868785812001601987, 0.7986355100472940505, 0.3537379952168235309 ) ) ;
#1445 = CARTESIAN_POINT ( 'NONE',  ( -2.035665573617855273, 16.00000000000000000, 2.669467887362023006 ) ) ;
#1446 = EDGE_CURVE ( 'NONE', #2149, #1823, #1682, .T. ) ;
#1447 = AXIS2_PLACEMENT_3D ( 'NONE', #59, #603, #233 ) ;
#1448 = DIRECTION ( 'NONE',  ( 0.000000000000000000, 1.000000000000000000, -0.000000000000000000 ) ) ;
#1449 = CARTESIAN_POINT ( 'NONE',  ( 0.000000000000000000, 16.00000000000000000, 0.000000000000000000 ) ) ;
#1450 = EDGE_CURVE ( 'NONE', #1571, #462, #310, .T. ) ;
#1451 = CARTESIAN_POINT ( 'NONE',  ( 2.472461737334660903, 3.100000000000000089, 0.2950000000000000955 ) ) ;
#1452 = CARTESIAN_POINT ( 'NONE',  ( 3.215961899580620731, 10.00000000000000000, 0.9631106840419632054 ) ) ;
#1453 = AXIS2_PLACEMENT_3D ( 'NONE', #1396, #2174, #393 ) ;
#1454 = AXIS2_PLACEMENT_3D ( 'NONE', #1153, #1913, #185 ) ;
#1455 = ORIENTED_EDGE ( 'NONE', *, *, #392, .T. ) ;
#1456 = LINE ( 'NONE', #280, #1062 ) ;
#1457 = CARTESIAN_POINT ( 'NONE',  ( -7.423091268457573833, 2.037731070277506440, -5.702208490174568212 ) ) ;
#1458 = CARTESIAN_POINT ( 'NONE',  ( -2.715935615280986593, 10.00000000000000000, -1.973242727826019394 ) ) ;
#1459 = EDGE_CURVE ( 'NONE', #1835, #1712, #1722, .T. ) ;
#1460 = EDGE_CURVE ( 'NONE', #2205, #1790, #1254, .T. ) ;
#1461 = DIRECTION ( 'NONE',  ( -0.000000000000000000, 1.000000000000000000, -0.000000000000000000 ) ) ;
#1462 = DIRECTION ( 'NONE',  ( 0.000000000000000000, 0.000000000000000000, -1.000000000000000000 ) ) ;
#1463 = LINE ( 'NONE', #2241, #2424 ) ;
#1464 = AXIS2_PLACEMENT_3D ( 'NONE', #1743, #1201, #991 ) ;
#1465 = CARTESIAN_POINT ( 'NONE',  ( -3.125702106640124711, 9.840499054519833422, 1.613731374063810620 ) ) ;
#1466 = ORIENTED_EDGE ( 'NONE', *, *, #913, .F. ) ;
#1467 = VERTEX_POINT ( 'NONE', #1696 ) ;
#1468 = AXIS2_PLACEMENT_3D ( 'NONE', #2173, #432, #1215 ) ;
#1469 = DIRECTION ( 'NONE',  ( 0.5877852522924802425, 0.000000000000000000, 0.8090169943749423442 ) ) ;
#1470 = DIRECTION ( 'NONE',  ( 0.000000000000000000, 0.000000000000000000, 1.000000000000000000 ) ) ;
#1471 = CYLINDRICAL_SURFACE ( 'NONE', #2309, 1.000000000000000222 ) ;
#1472 = CARTESIAN_POINT ( 'NONE',  ( -2.856629218990241803, 9.928689621219506378, -1.871016121387886200 ) ) ;
#1473 = CARTESIAN_POINT ( 'NONE',  ( 3.357081043000000875, 10.00000000000000000, 0.000000000000000000 ) ) ;
#1474 = CARTESIAN_POINT ( 'NONE',  ( 3.352989026699458641, 9.950967394495529916, 0.6785007221211679651 ) ) ;
#1475 = ORIENTED_EDGE ( 'NONE', *, *, #1668, .T. ) ;
#1476 = ORIENTED_EDGE ( 'NONE', *, *, #245, .F. ) ;
#1477 = DIRECTION ( 'NONE',  ( -0.000000000000000000, -1.000000000000000000, 0.000000000000000000 ) ) ;
#1478 = FACE_OUTER_BOUND ( 'NONE', #236, .T. ) ;
#1479 = CARTESIAN_POINT ( 'NONE',  ( 0.000000000000000000, 0.000000000000000000, 0.000000000000000000 ) ) ;
#1480 = CARTESIAN_POINT ( 'NONE',  ( -2.613412777480580651, 10.00000000006553158, 2.114353308125880293 ) ) ;
#1481 = DIRECTION ( 'NONE',  ( -0.000000000000000000, -1.000000000000000000, -0.000000000000000000 ) ) ;
#1482 = CARTESIAN_POINT ( 'NONE',  ( 1.387353167611095062, 9.863678300712273028, 3.187077795787625956 ) ) ;
#1483 = CARTESIAN_POINT ( 'NONE',  ( 3.230297598812184479, 9.999999999999991118, 0.9152417700153113733 ) ) ;
#1484 = ORIENTED_EDGE ( 'NONE', *, *, #1190, .F. ) ;
#1485 = ORIENTED_EDGE ( 'NONE', *, *, #1190, .T. ) ;
#1486 = EDGE_CURVE ( 'NONE', #1000, #1157, #2090, .T. ) ;
#1487 = CARTESIAN_POINT ( 'NONE',  ( -3.138550414176018766, 9.997512442031297297, -1.205965246311572425 ) ) ;
#1488 = EDGE_CURVE ( 'NONE', #2385, #1431, #1340, .T. ) ;
#1489 = CARTESIAN_POINT ( 'NONE',  ( 3.863760651309899072E-16, 22.00000000000000000, 3.154999999999999361 ) ) ;
#1490 = CARTESIAN_POINT ( 'NONE',  ( 3.357081043000000875, 10.00000000000000000, 8.673617379884035472E-17 ) ) ;
#1491 = AXIS2_PLACEMENT_3D ( 'NONE', #1, #1366, #1565 ) ;
#1492 = AXIS2_PLACEMENT_3D ( 'NONE', #2392, #2418, #681 ) ;
#1493 = CARTESIAN_POINT ( 'NONE',  ( -2.818458453001305042, 10.00000000006565415, -1.832132147468198191 ) ) ;
#1494 = DIRECTION ( 'NONE',  ( 0.000000000000000000, 0.000000000000000000, -1.000000000000000000 ) ) ;
#1495 = DIRECTION ( 'NONE',  ( 0.000000000000000000, 1.000000000000000000, 0.000000000000000000 ) ) ;
#1496 = CARTESIAN_POINT ( 'NONE',  ( 0.000000000000000000, 22.00000000000000000, 0.000000000000000000 ) ) ;
#1497 = VERTEX_POINT ( 'NONE', #1995 ) ;
#1498 = ORIENTED_EDGE ( 'NONE', *, *, #2175, .F. ) ;
#1499 = VECTOR ( 'NONE', #1444, 100.0000000000000142 ) ;
#1500 = CARTESIAN_POINT ( 'NONE',  ( -2.502996465100497225, 10.00000000001744205, -2.243197709507583681 ) ) ;
#1501 = EDGE_CURVE ( 'NONE', #1419, #2205, #33, .T. ) ;
#1502 = ORIENTED_EDGE ( 'NONE', *, *, #346, .T. ) ;
#1503 = CIRCLE ( 'NONE', #2156, 2.857081042999999987 ) ;
#1504 = CARTESIAN_POINT ( 'NONE',  ( -2.536095482391654610, 9.805385467609696093, 2.470271688199321414 ) ) ;
#1505 = DIRECTION ( 'NONE',  ( -0.000000000000000000, -1.000000000000000000, -0.000000000000000000 ) ) ;
#1506 = CARTESIAN_POINT ( 'NONE',  ( -2.715935615280984372, 10.00000000000000000, -1.973242727826020060 ) ) ;
#1507 = CARTESIAN_POINT ( 'NONE',  ( 1.177607719723432256, 9.940741915390084671, -3.194168130398147731 ) ) ;
#1508 = ADVANCED_FACE ( 'NONE', ( #2176 ), #1202, .F. ) ;
#1509 = LINE ( 'NONE', #175, #623 ) ;
#1510 = LINE ( 'NONE', #2133, #888 ) ;
#1511 = ORIENTED_EDGE ( 'NONE', *, *, #678, .T. ) ;
#1512 = ORIENTED_EDGE ( 'NONE', *, *, #2384, .T. ) ;
#1513 = AXIS2_PLACEMENT_3D ( 'NONE', #814, #1972, #1805 ) ;
#1514 = DIRECTION ( 'NONE',  ( -0.000000000000000000, 1.000000000000000000, -0.000000000000000000 ) ) ;
#1515 = PRODUCT_RELATED_PRODUCT_CATEGORY ( 'part', '', ( #2255 ) ) ;
#1516 = ORIENTED_EDGE ( 'NONE', *, *, #1402, .T. ) ;
#1517 = CARTESIAN_POINT ( 'NONE',  ( -2.568989302207836722, 10.00000000000000000, 2.175496976419793782 ) ) ;
#1518 = DIRECTION ( 'NONE',  ( 0.000000000000000000, 0.000000000000000000, 1.000000000000000000 ) ) ;
#1519 = CIRCLE ( 'NONE', #1089, 2.857081042999999987 ) ;
#1520 = CARTESIAN_POINT ( 'NONE',  ( 0.000000000000000000, 16.00000000000000000, 0.000000000000000000 ) ) ;
#1521 = CARTESIAN_POINT ( 'NONE',  ( 1.783914846117916397, 9.903454741277537110, -3.026710884620564812 ) ) ;
#1522 = AXIS2_PLACEMENT_3D ( 'NONE', #2150, #2230, #463 ) ;
#1523 = LINE ( 'NONE', #2303, #703 ) ;
#1524 = CARTESIAN_POINT ( 'NONE',  ( 1.359939354388548960, 10.00000000001760192, 3.073677312378420456 ) ) ;
#1525 = ORIENTED_EDGE ( 'NONE', *, *, #915, .T. ) ;
#1526 = VERTEX_POINT ( 'NONE', #606 ) ;
#1527 = ORIENTED_EDGE ( 'NONE', *, *, #1250, .F. ) ;
#1528 = DIRECTION ( 'NONE',  ( 0.7986355100472940505, 0.6018150231520466020, -0.000000000000000000 ) ) ;
#1529 = CIRCLE ( 'NONE', #1774, 1.949999999999999956 ) ;
#1530 = VECTOR ( 'NONE', #2379, 100.0000000000000000 ) ;
#1531 = CARTESIAN_POINT ( 'NONE',  ( -2.327313105792716108, 9.903454741278549633, 2.631908939323622576 ) ) ;
#1532 = CARTESIAN_POINT ( 'NONE',  ( 2.274268355067156888E-16, 13.00000000000000000, -1.857081042999982445 ) ) ;
#1533 = EDGE_CURVE ( 'NONE', #2408, #375, #1935, .T. ) ;
#1534 = DIRECTION ( 'NONE',  ( -0.000000000000000000, -1.000000000000000000, -0.000000000000000000 ) ) ;
#1535 = CARTESIAN_POINT ( 'NONE',  ( 1.177607719726788460, 9.940741915397397932, 3.194168130391260796 ) ) ;
#1536 = ORIENTED_EDGE ( 'NONE', *, *, #61, .F. ) ;
#1537 = ORIENTED_EDGE ( 'NONE', *, *, #1927, .F. ) ;
#1538 = FACE_OUTER_BOUND ( 'NONE', #1917, .T. ) ;
#1539 = ORIENTED_EDGE ( 'NONE', *, *, #783, .T. ) ;
#1540 = CARTESIAN_POINT ( 'NONE',  ( 1.909759572204373201, 10.00000000000000000, 2.760943951920020734 ) ) ;
#1541 = ORIENTED_EDGE ( 'NONE', *, *, #1597, .T. ) ;
#1542 = CARTESIAN_POINT ( 'NONE',  ( 0.5997550771332063047, 9.805385467609696093, -3.489171299431919948 ) ) ;
#1543 = CARTESIAN_POINT ( 'NONE',  ( 1.037395093780965061, 10.00000000000000000, -3.192773801676085377 ) ) ;
#1544 = DIRECTION ( 'NONE',  ( 0.000000000000000000, 0.000000000000000000, 1.000000000000000000 ) ) ;
#1545 = CARTESIAN_POINT ( 'NONE',  ( 1.565671382664852063, 9.805385467609697869, 3.175326066852160345 ) ) ;
#1546 = VERTEX_POINT ( 'NONE', #1569 ) ;
#1547 = ORIENTED_EDGE ( 'NONE', *, *, #1952, .F. ) ;
#1548 = CARTESIAN_POINT ( 'NONE',  ( -3.381606773543684774, 9.713812937599833219, 1.423923297844056357 ) ) ;
#1549 = EDGE_CURVE ( 'NONE', #409, #700, #1529, .T. ) ;
#1550 = ORIENTED_EDGE ( 'NONE', *, *, #1285, .T. ) ;
#1551 = EDGE_CURVE ( 'NONE', #2245, #1790, #538, .T. ) ;
#1552 = LINE ( 'NONE', #972, #165 ) ;
#1553 = ORIENTED_EDGE ( 'NONE', *, *, #1768, .F. ) ;
#1554 = DIRECTION ( 'NONE',  ( 0.000000000000000000, 1.000000000000000000, 0.000000000000000000 ) ) ;
#1555 = CARTESIAN_POINT ( 'NONE',  ( -2.570383386009877924, 9.833339162961864943, -2.387241164915105074 ) ) ;
#1556 = FACE_OUTER_BOUND ( 'NONE', #2178, .T. ) ;
#1557 = CARTESIAN_POINT ( 'NONE',  ( 3.215961899580620731, 0.000000000000000000, -0.9631106840419632054 ) ) ;
#1558 = CIRCLE ( 'NONE', #31, 1.000000000000000222 ) ;
#1559 = ORIENTED_EDGE ( 'NONE', *, *, #1115, .T. ) ;
#1560 = ORIENTED_EDGE ( 'NONE', *, *, #1087, .F. ) ;
#1561 = CARTESIAN_POINT ( 'NONE',  ( 1.681423124287143356, 9.950967394495529916, -2.979213809077557062 ) ) ;
#1562 = AXIS2_PLACEMENT_3D ( 'NONE', #1433, #2221, #1604 ) ;
#1563 = EDGE_CURVE ( 'NONE', #476, #573, #1237, .T. ) ;
#1564 = ORIENTED_EDGE ( 'NONE', *, *, #1533, .T. ) ;
#1565 = DIRECTION ( 'NONE',  ( -0.000000000000000000, 0.000000000000000000, -1.000000000000000000 ) ) ;
#1566 = CARTESIAN_POINT ( 'NONE',  ( 0.5997550771332063047, 9.805385467609696093, -3.489171299431919948 ) ) ;
#1567 = AXIS2_PLACEMENT_3D ( 'NONE', #781, #647, #223 ) ;
#1568 = CARTESIAN_POINT ( 'NONE',  ( 2.388061258337338643E-16, 13.09291895700001618, 1.949999999999999956 ) ) ;
#1569 = CARTESIAN_POINT ( 'NONE',  ( 0.000000000000000000, 4.892918957000016889, -1.949999999999999956 ) ) ;
#1570 = MECHANICAL_DESIGN_GEOMETRIC_PRESENTATION_REPRESENTATION (  '', ( #1820 ), #206 ) ;
#1571 = VERTEX_POINT ( 'NONE', #406 ) ;
#1572 = VECTOR ( 'NONE', #1461, 100.0000000000000000 ) ;
#1573 = CARTESIAN_POINT ( 'NONE',  ( 0.000000000000000000, 10.00000000000000000, 0.000000000000000000 ) ) ;
#1574 = DIRECTION ( 'NONE',  ( 0.000000000000000000, 1.000000000000000000, 0.000000000000000000 ) ) ;
#1575 = CARTESIAN_POINT ( 'NONE',  ( -3.165949027307227936, 9.790271604654970261, 1.622728972183918428 ) ) ;
#1576 = VERTEX_POINT ( 'NONE', #1426 ) ;
#1577 = LINE ( 'NONE', #1183, #374 ) ;
#1578 = EDGE_CURVE ( 'NONE', #2360, #532, #397, .T. ) ;
#1579 = AXIS2_PLACEMENT_3D ( 'NONE', #420, #19, #1787 ) ;
#1580 = PLANE ( 'NONE',  #155 ) ;
#1581 = CARTESIAN_POINT ( 'NONE',  ( 3.498915154214531049E-16, 1.300000000000001155, 2.857081042999999987 ) ) ;
#1582 = CARTESIAN_POINT ( 'NONE',  ( -2.785176734330476744, 9.558672630024025452, -2.443732220319152049 ) ) ;
#1583 = CARTESIAN_POINT ( 'NONE',  ( 3.503733612091612049, 9.805385467609648131, 0.5078122535212917787 ) ) ;
#1584 = CIRCLE ( 'NONE', #1279, 3.357081043000000875 ) ;
#1585 = EDGE_CURVE ( 'NONE', #1497, #839, #1744, .T. ) ;
#1586 = ORIENTED_EDGE ( 'NONE', *, *, #1585, .F. ) ;
#1587 = CYLINDRICAL_SURFACE ( 'NONE', #801, 1.000000000000000222 ) ;
#1588 = DIRECTION ( 'NONE',  ( 0.000000000000000000, 0.000000000000000000, -1.000000000000000000 ) ) ;
#1589 = ORIENTED_EDGE ( 'NONE', *, *, #26, .T. ) ;
#1590 = ORIENTED_EDGE ( 'NONE', *, *, #346, .F. ) ;
#1591 = DIRECTION ( 'NONE',  ( 0.000000000000000000, 0.000000000000000000, -1.000000000000000000 ) ) ;
#1592 = CARTESIAN_POINT ( 'NONE',  ( 2.472461737334660903, 3.100000000000000089, 0.000000000000000000 ) ) ;
#1593 = PLANE ( 'NONE',  #1154 ) ;
#1594 = CIRCLE ( 'NONE', #186, 2.857081042999999987 ) ;
#1595 = DIRECTION ( 'NONE',  ( 0.000000000000000000, 0.000000000000000000, -1.000000000000000000 ) ) ;
#1596 = LINE ( 'NONE', #2380, #2389 ) ;
#1597 = EDGE_CURVE ( 'NONE', #2356, #1048, #729, .T. ) ;
#1598 = VERTEX_POINT ( 'NONE', #1557 ) ;
#1599 = CARTESIAN_POINT ( 'NONE',  ( 0.1964298996220361082, 9.995768018300040580, 3.359340440724198462 ) ) ;
#1600 = LINE ( 'NONE', #2383, #637 ) ;
#1601 = ORIENTED_EDGE ( 'NONE', *, *, #2177, .T. ) ;
#1602 = SURFACE_STYLE_USAGE ( .BOTH. , #655 ) ;
#1603 = ORIENTED_EDGE ( 'NONE', *, *, #990, .T. ) ;
#1604 = DIRECTION ( 'NONE',  ( 0.000000000000000000, 0.000000000000000000, 1.000000000000000000 ) ) ;
#1605 = DIRECTION ( 'NONE',  ( 0.000000000000000000, 1.000000000000000000, 0.000000000000000000 ) ) ;
#1606 = CYLINDRICAL_SURFACE ( 'NONE', #819, 1.000000000000000000 ) ;
#1607 = EDGE_CURVE ( 'NONE', #2040, #1748, #1004, .T. ) ;
#1608 = CARTESIAN_POINT ( 'NONE',  ( 1.667088741637363647, 9.943408935941572935, 2.997209125126711893 ) ) ;
#1609 = AXIS2_PLACEMENT_3D ( 'NONE', #1654, #707, #2251 ) ;
#1610 = ADVANCED_FACE ( 'NONE', ( #421 ), #1397, .F. ) ;
#1611 = ORIENTED_EDGE ( 'NONE', *, *, #2305, .F. ) ;
#1612 = DIRECTION ( 'NONE',  ( 0.000000000000000000, 1.000000000000000000, 0.000000000000000000 ) ) ;
#1613 = LINE ( 'NONE', #1059, #961 ) ;
#1614 = VERTEX_POINT ( 'NONE', #394 ) ;
#1615 = FACE_OUTER_BOUND ( 'NONE', #189, .T. ) ;
#1616 = DIRECTION ( 'NONE',  ( -0.000000000000000000, -1.000000000000000000, -0.000000000000000000 ) ) ;
#1617 = PLANE ( 'NONE',  #2076 ) ;
#1618 = AXIS2_PLACEMENT_3D ( 'NONE', #2055, #367, #1100 ) ;
#1619 = DIRECTION ( 'NONE',  ( 0.000000000000000000, -0.000000000000000000, 1.000000000000000000 ) ) ;
#1620 = CARTESIAN_POINT ( 'NONE',  ( 3.397417223847399637, 9.946472080084395984, 0.3070643804973173796 ) ) ;
#1621 = VERTEX_POINT ( 'NONE', #20 ) ;
#1622 = CIRCLE ( 'NONE', #993, 0.2950000000000000955 ) ;
#1623 = FACE_OUTER_BOUND ( 'NONE', #607, .T. ) ;
#1624 = CARTESIAN_POINT ( 'NONE',  ( 3.503733612091612049, 9.805385467609648131, 0.5078122535212917787 ) ) ;
#1625 = ORIENTED_EDGE ( 'NONE', *, *, #935, .T. ) ;
#1626 = CARTESIAN_POINT ( 'NONE',  ( 1.037395093781010136, 10.00000000000000000, 3.192773801676069390 ) ) ;
#1627 = ADVANCED_FACE ( 'NONE', ( #852 ), #1230, .T. ) ;
#1628 = CARTESIAN_POINT ( 'NONE',  ( 3.477263852141086797, 9.840512025481530145, -0.5317143215343230755 ) ) ;
#1629 = CLOSED_SHELL ( 'NONE', ( #2306, #426, #2348, #1821, #1283, #2116, #521, #40, #2287, #2208, #1745, #1261, #708, #1762, #622, #1797, #439, #542, #1351, #1680, #799, #649, #1690, #470, #1988, #1716, #2207, #2330, #1076, #2274, #2148, #1655, #2242, #225, #1859, #106, #997, #1906, #2260, #1960, #1368, #418, #1068, #1056, #2196, #1508, #2442, #784, #1384, #275, #721, #239, #2039, #556, #1022, #1023, #147, #1803, #667, #2472, #635, #2496, #1430, #2416, #568, #1890, #773, #2316, #288, #1355, #1610, #1627, #1901, #821 ) ) ;
#1630 = CARTESIAN_POINT ( 'NONE',  ( 1.909759572204334122, 10.00000000000000000, -2.760943951920048267 ) ) ;
#1631 = DIRECTION ( 'NONE',  ( 0.000000000000000000, 1.000000000000000000, 0.000000000000000000 ) ) ;
#1632 = CARTESIAN_POINT ( 'NONE',  ( 3.515122724732094639, 9.790271604657243998, 0.5480828320014556887 ) ) ;
#1633 = EDGE_LOOP ( 'NONE', ( #2257, #527, #456, #1589 ) ) ;
#1634 = CARTESIAN_POINT ( 'NONE',  ( 3.410817267744421954, 9.928689621219490391, 0.1654006872379663873 ) ) ;
#1635 = CARTESIAN_POINT ( 'NONE',  ( -3.124573989041570687, 9.987804755510797605, 1.279090758651976190 ) ) ;
#1636 = ORIENTED_EDGE ( 'NONE', *, *, #1238, .F. ) ;
#1637 = FACE_OUTER_BOUND ( 'NONE', #1219, .T. ) ;
#1638 = EDGE_CURVE ( 'NONE', #582, #2062, #1596, .T. ) ;
#1639 = AXIS2_PLACEMENT_3D ( 'NONE', #227, #2191, #215 ) ;
#1640 = CARTESIAN_POINT ( 'NONE',  ( 3.230284090246202666, 9.999999999999992895, -0.9152868770151991740 ) ) ;
#1641 = LINE ( 'NONE', #1290, #1740 ) ;
#1642 = DIRECTION ( 'NONE',  ( 0.000000000000000000, 0.000000000000000000, -1.000000000000000000 ) ) ;
#1643 = CARTESIAN_POINT ( 'NONE',  ( 3.357081043000000875, 10.00000000000000000, 8.673617379884035472E-17 ) ) ;
#1644 = DIRECTION ( 'NONE',  ( -0.000000000000000000, -1.000000000000000000, -0.000000000000000000 ) ) ;
#1645 = DIRECTION ( 'NONE',  ( 0.5877852522924802425, 0.000000000000000000, 0.8090169943749423442 ) ) ;
#1646 = CIRCLE ( 'NONE', #1567, 3.357081043000000875 ) ;
#1647 = EDGE_LOOP ( 'NONE', ( #115, #1625, #764, #351, #1422 ) ) ;
#1648 = ORIENTED_EDGE ( 'NONE', *, *, #361, .T. ) ;
#1649 = DIRECTION ( 'NONE',  ( 0.000000000000000000, 0.7071067811865435759, 0.7071067811865515695 ) ) ;
#1650 = VECTOR ( 'NONE', #970, 100.0000000000000000 ) ;
#1651 = CARTESIAN_POINT ( 'NONE',  ( 3.449552148148474995, 9.871130500805431751, -0.5592688344585640126 ) ) ;
#1652 = CARTESIAN_POINT ( 'NONE',  ( 0.000000000000000000, 22.00000000000000000, -2.840810430000000331 ) ) ;
#1653 = DIRECTION ( 'NONE',  ( 0.000000000000000000, 0.000000000000000000, -1.000000000000000000 ) ) ;
#1654 = CARTESIAN_POINT ( 'NONE',  ( 0.000000000000000000, 0.000000000000000000, 0.2500000000000000000 ) ) ;
#1655 = ADVANCED_FACE ( 'NONE', ( #1410 ), #2449, .T. ) ;
#1656 =( BOUNDED_CURVE ( )  B_SPLINE_CURVE ( 3, ( #2404, #1434, #121, #669 ),
 .UNSPECIFIED., .F., .F. ) 
 B_SPLINE_CURVE_WITH_KNOTS ( ( 4, 4 ),
 ( 1.570796326794896558, 2.305263810965988203 ),
 .UNSPECIFIED. ) 
 CURVE ( )  GEOMETRIC_REPRESENTATION_ITEM ( )  RATIONAL_B_SPLINE_CURVE ( ( 1.000000000000000000, 0.9555493991423570366, 0.9555493991423570366, 1.000000000000000000 ) ) 
 REPRESENTATION_ITEM ( '' )  );
#1657 = EDGE_CURVE ( 'NONE', #1798, #2078, #1239, .T. ) ;
#1658 = CARTESIAN_POINT ( 'NONE',  ( 0.07237993675752617262, 10.00000000000000000, -3.356300682898501808 ) ) ;
#1659 = CARTESIAN_POINT ( 'NONE',  ( 3.477273626461852007, 9.840499054519773026, 0.5317054953691084940 ) ) ;
#1660 = ORIENTED_EDGE ( 'NONE', *, *, #920, .T. ) ;
#1661 = ORIENTED_EDGE ( 'NONE', *, *, #1087, .T. ) ;
#1662 = CARTESIAN_POINT ( 'NONE',  ( 0.07237993675757405099, 10.00000000000000000, 3.356300682898500476 ) ) ;
#1663 = AXIS2_PLACEMENT_3D ( 'NONE', #1479, #2453, #949 ) ;
#1664 = DIRECTION ( 'NONE',  ( 0.000000000000000000, 0.000000000000000000, 1.000000000000000000 ) ) ;
#1665 = CARTESIAN_POINT ( 'NONE',  ( 3.397417223845300871, 9.946472080083342604, -0.3070643804971986413 ) ) ;
#1666 = CARTESIAN_POINT ( 'NONE',  ( -3.381606773543705646, 9.713812937599833219, -1.423923297844006619 ) ) ;
#1667 = CARTESIAN_POINT ( 'NONE',  ( 3.343485208751436399, 10.00000000001778844, 0.3435606600062502403 ) ) ;
#1668 = EDGE_CURVE ( 'NONE', #62, #832, #2268, .T. ) ;
#1669 = CARTESIAN_POINT ( 'NONE',  ( 0.3825619414303250143, 9.999999999982385646, -3.339247464548447120 ) ) ;
#1670 = DIRECTION ( 'NONE',  ( -0.000000000000000000, -1.000000000000000000, -0.000000000000000000 ) ) ;
#1671 = VERTEX_POINT ( 'NONE', #2226 ) ;
#1672 = ORIENTED_EDGE ( 'NONE', *, *, #331, .T. ) ;
#1673 = CARTESIAN_POINT ( 'NONE',  ( -3.133064589497941199, 9.805385467609696093, -1.648614202098411585 ) ) ;
#1674 = CARTESIAN_POINT ( 'NONE',  ( -7.716983894603729688, 0.000000000000000000, 5.297699992987204176 ) ) ;
#1675 = PLANE ( 'NONE',  #257 ) ;
#1676 = B_SPLINE_CURVE_WITH_KNOTS ( 'NONE', 3,
 ( #632, #30, #1228, #1937, #1028, #1357 ),
 .UNSPECIFIED., .F., .F.,
 ( 4, 2, 4 ),
 ( -3.579676697382668085E-05, 0.002780507572604695634, 0.005596811912183217996 ),
 .UNSPECIFIED. ) ;
#1677 = CARTESIAN_POINT ( 'NONE',  ( -2.568080356712814094, 9.946472080081241174, 2.245372042250542322 ) ) ;
#1678 = CARTESIAN_POINT ( 'NONE',  ( 1.753484430397067584, 9.748242275416032498, -3.159578380626736127 ) ) ;
#1679 = CIRCLE ( 'NONE', #1447, 1.949999999999999956 ) ;
#1680 = ADVANCED_FACE ( 'NONE', ( #717 ), #133, .F. ) ;
#1681 = CYLINDRICAL_SURFACE ( 'NONE', #370, 1.000000000000000222 ) ;
#1682 = LINE ( 'NONE', #2100, #109 ) ;
#1683 = EDGE_CURVE ( 'NONE', #178, #1353, #1405, .T. ) ;
#1684 = EDGE_LOOP ( 'NONE', ( #363, #651, #1223, #2244, #1560 ) ) ;
#1685 = ORIENTED_EDGE ( 'NONE', *, *, #743, .F. ) ;
#1686 = PLANE ( 'NONE',  #2394 ) ;
#1687 = VECTOR ( 'NONE', #157, 100.0000000000000000 ) ;
#1688 = ORIENTED_EDGE ( 'NONE', *, *, #756, .F. ) ;
#1689 = CARTESIAN_POINT ( 'NONE',  ( -2.378668464629968504, 9.923048358812549097, 2.499003913979874092 ) ) ;
#1690 = ADVANCED_FACE ( 'NONE', ( #461 ), #2008, .T. ) ;
#1691 = FACE_OUTER_BOUND ( 'NONE', #867, .T. ) ;
#1692 = AXIS2_PLACEMENT_3D ( 'NONE', #2431, #1436, #472 ) ;
#1693 = DIRECTION ( 'NONE',  ( 0.000000000000000000, 1.000000000000000000, 0.000000000000000000 ) ) ;
#1694 = LINE ( 'NONE', #566, #2266 ) ;
#1695 = LINE ( 'NONE', #2483, #2112 ) ;
#1696 = CARTESIAN_POINT ( 'NONE',  ( 3.498915154214531049E-16, 0.000000000000000000, 2.857081042999999987 ) ) ;
#1697 = CIRCLE ( 'NONE', #2481, 3.357081043000000875 ) ;
#1698 = EDGE_LOOP ( 'NONE', ( #868, #777, #1165, #943, #2448, #2117, #1525, #428, #1511, #1380, #102, #56, #1970, #201, #1045, #2475, #2135, #232, #1865 ) ) ;
#1699 = ORIENTED_EDGE ( 'NONE', *, *, #535, .T. ) ;
#1700 = CARTESIAN_POINT ( 'NONE',  ( -3.110418444901672075, 9.943408935941572935, -1.444902941325938883 ) ) ;
#1701 = VERTEX_POINT ( 'NONE', #2239 ) ;
#1702 = VECTOR ( 'NONE', #2351, 100.0000000000000000 ) ;
#1703 = EDGE_CURVE ( 'NONE', #1921, #1947, #2212, .T. ) ;
#1704 = CARTESIAN_POINT ( 'NONE',  ( 2.274268355067156888E-16, 4.799999999999999822, -1.857081042999982445 ) ) ;
#1705 = CARTESIAN_POINT ( 'NONE',  ( 3.343485208751793891, 10.00000000001758593, -0.3435606600054985638 ) ) ;
#1706 = EDGE_CURVE ( 'NONE', #2412, #2063, #2022, .T. ) ;
#1707 = CARTESIAN_POINT ( 'NONE',  ( -2.463081119280607023, 9.748242275409941371, 2.644026208425712898 ) ) ;
#1708 = FACE_OUTER_BOUND ( 'NONE', #1085, .T. ) ;
#1709 = CARTESIAN_POINT ( 'NONE',  ( -3.229830459748044724, 8.916010612725225215, 2.655626181629053839 ) ) ;
#1710 = CARTESIAN_POINT ( 'NONE',  ( 1.341895239146373875, 9.946472080085440481, 3.136247677373789955 ) ) ;
#1711 = VERTEX_POINT ( 'NONE', #2047 ) ;
#1712 = VERTEX_POINT ( 'NONE', #312 ) ;
#1713 = VECTOR ( 'NONE', #1221, 100.0000000000000000 ) ;
#1714 = CARTESIAN_POINT ( 'NONE',  ( 0.4385548720321952865, 9.748242275414810365, 3.586824893299294548 ) ) ;
#1715 = ORIENTED_EDGE ( 'NONE', *, *, #73, .F. ) ;
#1716 = ADVANCED_FACE ( 'NONE', ( #123 ), #904, .F. ) ;
#1717 = FACE_OUTER_BOUND ( 'NONE', #2167, .T. ) ;
#1718 = EDGE_CURVE ( 'NONE', #2515, #1107, #514, .T. ) ;
#1719 = PLANE ( 'NONE',  #1940 ) ;
#1720 = LINE ( 'NONE', #1532, #2185 ) ;
#1721 = CARTESIAN_POINT ( 'NONE',  ( -2.642045207455564260, 9.696027988004811249, 2.464643176003995961 ) ) ;
#1722 = LINE ( 'NONE', #1886, #677 ) ;
#1723 = ORIENTED_EDGE ( 'NONE', *, *, #1053, .T. ) ;
#1724 = ORIENTED_EDGE ( 'NONE', *, *, #2020, .F. ) ;
#1725 = CARTESIAN_POINT ( 'NONE',  ( -2.715935615280957283, 10.00000000000000000, 1.973242727826057807 ) ) ;
#1726 = ORIENTED_EDGE ( 'NONE', *, *, #586, .F. ) ;
#1727 = FACE_OUTER_BOUND ( 'NONE', #559, .T. ) ;
#1728 = VECTOR ( 'NONE', #2160, 100.0000000000000142 ) ;
#1729 = DIRECTION ( 'NONE',  ( -0.000000000000000000, 1.000000000000000000, -0.000000000000000000 ) ) ;
#1730 = CARTESIAN_POINT ( 'NONE',  ( -3.133064589497941199, 9.805385467609696093, -1.648614202098411585 ) ) ;
#1731 = CARTESIAN_POINT ( 'NONE',  ( 1.565671382664970190, 9.805385467609646355, -3.175326066852171003 ) ) ;
#1732 = CARTESIAN_POINT ( 'NONE',  ( 1.653261301398009753, 9.999999999982399856, 2.926372214504449065 ) ) ;
#1733 = EDGE_CURVE ( 'NONE', #454, #1526, #2058, .T. ) ;
#1734 = ORIENTED_EDGE ( 'NONE', *, *, #599, .T. ) ;
#1735 = EDGE_LOOP ( 'NONE', ( #1553, #1699, #1046, #1876 ) ) ;
#1736 = VECTOR ( 'NONE', #690, 100.0000000000000000 ) ;
#1737 = ORIENTED_EDGE ( 'NONE', *, *, #373, .F. ) ;
#1738 = CARTESIAN_POINT ( 'NONE',  ( -2.472461737334660903, 3.100000000000000089, 0.000000000000000000 ) ) ;
#1739 = EDGE_LOOP ( 'NONE', ( #399, #1564 ) ) ;
#1740 = VECTOR ( 'NONE', #1252, 99.99999999999998579 ) ;
#1741 = DIRECTION ( 'NONE',  ( -0.5877852522924802425, 0.000000000000000000, -0.8090169943749423442 ) ) ;
#1742 = DIRECTION ( 'NONE',  ( 0.2467919449159157175, 0.6018150231520468241, -0.7595475059751832791 ) ) ;
#1743 = CARTESIAN_POINT ( 'NONE',  ( -0.1469463130731200606, 0.000000000000000000, -0.2022542485937355583 ) ) ;
#1744 = LINE ( 'NONE', #224, #486 ) ;
#1745 = ADVANCED_FACE ( 'NONE', ( #731 ), #2495, .F. ) ;
#1746 = ORIENTED_EDGE ( 'NONE', *, *, #166, .T. ) ;
#1747 = CARTESIAN_POINT ( 'NONE',  ( -2.642045207455564260, 9.696027988004811249, 2.464643176003995961 ) ) ;
#1748 = VERTEX_POINT ( 'NONE', #1114 ) ;
#1749 = VERTEX_POINT ( 'NONE', #540 ) ;
#1750 = EDGE_LOOP ( 'NONE', ( #1182, #1342, #128, #853, #1147, #1541, #35, #2233, #2321, #1277, #1827, #1999, #687, #2317, #348, #1391, #1786, #2450, #1746, #1367, #2050, #1205, #1778, #1661, #1930, #1516, #656, #1660, #2387, #1034, #2395, #471, #1166, #1864 ) ) ;
#1751 = DIRECTION ( 'NONE',  ( -0.5877852522924802425, 0.000000000000000000, -0.8090169943749423442 ) ) ;
#1752 = CARTESIAN_POINT ( 'NONE',  ( -7.423091268457489456, 2.037731070277506440, 5.702208490174675681 ) ) ;
#1753 = AXIS2_PLACEMENT_3D ( 'NONE', #1496, #2315, #176 ) ;
#1754 = CARTESIAN_POINT ( 'NONE',  ( -2.662189049635258709, 9.928689621219490391, -2.138640055101471926 ) ) ;
#1755 = CARTESIAN_POINT ( 'NONE',  ( -2.536095482391627520, 9.805385467609646355, -2.470271688199436433 ) ) ;
#1756 = CARTESIAN_POINT ( 'NONE',  ( -2.862881928354076955, 10.00000000000000000, 1.770988479232322721 ) ) ;
#1757 = AXIS2_PLACEMENT_3D ( 'NONE', #1081, #89, #1428 ) ;
#1758 = EDGE_CURVE ( 'NONE', #700, #16, #3, .T. ) ;
#1759 = ORIENTED_EDGE ( 'NONE', *, *, #1549, .T. ) ;
#1760 = CARTESIAN_POINT ( 'NONE',  ( 0.5997550771332577080, 9.805385467609696093, 3.489171299431910622 ) ) ;
#1761 = CARTESIAN_POINT ( 'NONE',  ( 1.527578083870343661, 0.000000000000000000, 3.892384926102374187 ) ) ;
#1762 = ADVANCED_FACE ( 'NONE', ( #1925 ), #1346, .F. ) ;
#1763 = CARTESIAN_POINT ( 'NONE',  ( -2.715935615280957727, 10.00000000000000000, 1.973242727826057807 ) ) ;
#1764 = PRODUCT_DEFINITION_CONTEXT ( 'detailed design', #808, 'design' ) ;
#1765 = CIRCLE ( 'NONE', #2464, 1.000000000000000222 ) ;
#1766 = VERTEX_POINT ( 'NONE', #769 ) ;
#1767 = FACE_OUTER_BOUND ( 'NONE', #1317, .T. ) ;
#1768 = EDGE_CURVE ( 'NONE', #462, #506, #1694, .T. ) ;
#1769 = ORIENTED_EDGE ( 'NONE', *, *, #2490, .T. ) ;
#1770 = EDGE_CURVE ( 'NONE', #2218, #1711, #1125, .T. ) ;
#1771 = DIRECTION ( 'NONE',  ( 0.3090169943749581649, -0.000000000000000000, 0.9510565162951500895 ) ) ;
#1772 = DIRECTION ( 'NONE',  ( -0.5877852522924685852, 0.000000000000000000, 0.8090169943749507819 ) ) ;
#1773 = CIRCLE ( 'NONE', #689, 2.857081042999999987 ) ;
#1774 = AXIS2_PLACEMENT_3D ( 'NONE', #1374, #2147, #435 ) ;
#1775 = FACE_OUTER_BOUND ( 'NONE', #72, .T. ) ;
#1776 = CARTESIAN_POINT ( 'NONE',  ( 0.1009933094276185134, 0.000000000000000000, 4.355910417664811796 ) ) ;
#1777 = CONICAL_SURFACE ( 'NONE', #860, 1.857081042999982445, 0.7853981633974531640 ) ;
#1778 = ORIENTED_EDGE ( 'NONE', *, *, #1176, .F. ) ;
#1779 = CARTESIAN_POINT ( 'NONE',  ( 0.000000000000000000, 16.00000000000000000, 0.000000000000000000 ) ) ;
#1780 = CYLINDRICAL_SURFACE ( 'NONE', #759, 1.949999999999999956 ) ;
#1781 = CARTESIAN_POINT ( 'NONE',  ( -2.824300070004786001, 9.970376588391919981, 1.862069738241443062 ) ) ;
#1782 = ORIENTED_EDGE ( 'NONE', *, *, #584, .T. ) ;
#1783 = CARTESIAN_POINT ( 'NONE',  ( 0.000000000000000000, 13.00000000000000000, 0.000000000000000000 ) ) ;
#1784 = CYLINDRICAL_SURFACE ( 'NONE', #278, 1.000000000000000222 ) ;
#1785 = LINE ( 'NONE', #445, #1702 ) ;
#1786 = ORIENTED_EDGE ( 'NONE', *, *, #1415, .T. ) ;
#1787 = DIRECTION ( 'NONE',  ( 0.000000000000000000, 0.000000000000000000, 1.000000000000000000 ) ) ;
#1788 = DIRECTION ( 'NONE',  ( 0.000000000000000000, -0.000000000000000000, -1.000000000000000000 ) ) ;
#1789 = VECTOR ( 'NONE', #2044, 100.0000000000000000 ) ;
#1790 = VERTEX_POINT ( 'NONE', #2097 ) ;
#1791 = ORIENTED_EDGE ( 'NONE', *, *, #533, .F. ) ;
#1792 = DIRECTION ( 'NONE',  ( -0.000000000000000000, -1.000000000000000000, -0.000000000000000000 ) ) ;
#1793 = ORIENTED_EDGE ( 'NONE', *, *, #1126, .T. ) ;
#1794 = CARTESIAN_POINT ( 'NONE',  ( -2.269944160990217341, 9.966411336309315416, -2.536155614209898435 ) ) ;
#1795 = DIRECTION ( 'NONE',  ( 0.000000000000000000, 1.000000000000000000, 0.000000000000000000 ) ) ;
#1796 = CYLINDRICAL_SURFACE ( 'NONE', #541, 0.2950000000000000955 ) ;
#1797 = ADVANCED_FACE ( 'NONE', ( #2109 ), #939, .F. ) ;
#1798 = VERTEX_POINT ( 'NONE', #1730 ) ;
#1799 = CARTESIAN_POINT ( 'NONE',  ( 0.000000000000000000, 22.00000000000000000, 0.000000000000000000 ) ) ;
#1800 = DIRECTION ( 'NONE',  ( 0.000000000000000000, 1.000000000000000000, 0.000000000000000000 ) ) ;
#1801 = B_SPLINE_CURVE_WITH_KNOTS ( 'NONE', 3,
 ( #1401, #1465, #101, #2243, #1106, #530, #896, #2025, #1094, #720, #1635, #1072, #870, #1440 ),
 .UNSPECIFIED., .F., .F.,
 ( 4, 2, 2, 2, 2, 2, 4 ),
 ( 0.000000000000000000, 0.001477386591378387036, 0.002216079887067578386, 0.002954773182756770169, 0.003693466478445961518, 0.004432159774135152434, 0.005909546365513525593 ),
 .UNSPECIFIED. ) ;
#1802 = ORIENTED_EDGE ( 'NONE', *, *, #1989, .T. ) ;
#1803 = ADVANCED_FACE ( 'NONE', ( #173 ), #465, .T. ) ;
#1804 = LINE ( 'NONE', #1006, #1957 ) ;
#1805 = DIRECTION ( 'NONE',  ( 0.000000000000000000, 0.000000000000000000, 1.000000000000000000 ) ) ;
#1806 = B_SPLINE_CURVE_WITH_KNOTS ( 'NONE', 3,
 ( #1284, #2049, #126, #314, #2253, #2447 ),
 .UNSPECIFIED., .F., .F.,
 ( 4, 2, 4 ),
 ( -3.579676697374797455E-05, 0.002780507572603816997, 0.005596811912181381791 ),
 .UNSPECIFIED. ) ;
#1807 = VERTEX_POINT ( 'NONE', #1325 ) ;
#1808 = CARTESIAN_POINT ( 'NONE',  ( -2.247966124946971345, 9.972869472713545846, -2.545249671757000343 ) ) ;
#1809 = VECTOR ( 'NONE', #1013, 100.0000000000000142 ) ;
#1810 = CARTESIAN_POINT ( 'NONE',  ( 0.000000000000000000, 16.00000000000000000, 0.000000000000000000 ) ) ;
#1811 = DIRECTION ( 'NONE',  ( -0.000000000000000000, 1.000000000000000000, -0.000000000000000000 ) ) ;
#1812 = VERTEX_POINT ( 'NONE', #356 ) ;
#1813 = ORIENTED_EDGE ( 'NONE', *, *, #820, .F. ) ;
#1814 = DIRECTION ( 'NONE',  ( 0.000000000000000000, 0.000000000000000000, -1.000000000000000000 ) ) ;
#1815 = CARTESIAN_POINT ( 'NONE',  ( 0.000000000000000000, 4.799999999999999822, 1.857081042999982445 ) ) ;
#1816 = AXIS2_PLACEMENT_3D ( 'NONE', #1872, #2083, #2302 ) ;
#1817 = ORIENTED_EDGE ( 'NONE', *, *, #1706, .T. ) ;
#1818 = DIRECTION ( 'NONE',  ( 0.000000000000000000, 0.000000000000000000, 1.000000000000000000 ) ) ;
#1819 = CARTESIAN_POINT ( 'NONE',  ( 1.052049825722768617, 8.916010612725225215, 4.046893423289852798 ) ) ;
#1820 = STYLED_ITEM ( 'NONE', ( #483 ), #2350 ) ;
#1821 = ADVANCED_FACE ( 'NONE', ( #1708 ), #2228, .F. ) ;
#1822 = CIRCLE ( 'NONE', #1896, 3.357081043000000875 ) ;
#1823 = VERTEX_POINT ( 'NONE', #963 ) ;
#1824 =( NAMED_UNIT ( * ) SI_UNIT ( $, .STERADIAN. ) SOLID_ANGLE_UNIT ( ) );
#1825 = DIRECTION ( 'NONE',  ( 0.000000000000000000, 1.000000000000000000, 0.000000000000000000 ) ) ;
#1826 = CARTESIAN_POINT ( 'NONE',  ( -3.321071493134326147, 9.248423588762905823, 2.103882683933447240 ) ) ;
#1827 = ORIENTED_EDGE ( 'NONE', *, *, #87, .T. ) ;
#1828 = VECTOR ( 'NONE', #1334, 100.0000000000000000 ) ;
#1829 = DIRECTION ( 'NONE',  ( 0.4868785812001601987, 0.7986355100472940505, 0.3537379952168235309 ) ) ;
#1830 = ORIENTED_EDGE ( 'NONE', *, *, #1927, .T. ) ;
#1831 = AXIS2_PLACEMENT_3D ( 'NONE', #2056, #2017, #2222 ) ;
#1832 = CARTESIAN_POINT ( 'NONE',  ( 0.2237918556068250187, 9.999999999967501552, -3.353035425719428364 ) ) ;
#1833 = CARTESIAN_POINT ( 'NONE',  ( 3.366404877179460797, 9.941982169939930003, 0.6597237787701319967 ) ) ;
#1834 = EDGE_CURVE ( 'NONE', #700, #958, #1720, .T. ) ;
#1835 = VERTEX_POINT ( 'NONE', #578 ) ;
#1836 = LINE ( 'NONE', #887, #2271 ) ;
#1837 = CARTESIAN_POINT ( 'NONE',  ( 2.478634600165443569, 0.000000000000000000, -3.583367931727452049 ) ) ;
#1838 = CARTESIAN_POINT ( 'NONE',  ( 9.357081043000000875, 2.037731070277506440, -0.2500000000000000000 ) ) ;
#1839 = CIRCLE ( 'NONE', #1918, 3.357081043000000875 ) ;
#1840 = LINE ( 'NONE', #2211, #1572 ) ;
#1841 = CARTESIAN_POINT ( 'NONE',  ( -3.133064589497941199, 9.805385467609696093, -1.648614202098411585 ) ) ;
#1842 = CARTESIAN_POINT ( 'NONE',  ( 1.037395093780964617, 10.00000000000000000, -3.192773801676084044 ) ) ;
#1843 = CARTESIAN_POINT ( 'NONE',  ( 0.1469463130731200606, 0.000000000000000000, 0.2022542485937355583 ) ) ;
#1844 = EDGE_LOOP ( 'NONE', ( #665, #1196, #315, #1134 ) ) ;
#1845 = VERTEX_POINT ( 'NONE', #2121 ) ;
#1846 = CARTESIAN_POINT ( 'NONE',  ( 0.8715096576477296964, 10.00000000006525092, 3.246673247142259466 ) ) ;
#1847 = EDGE_CURVE ( 'NONE', #1955, #169, #1162, .T. ) ;
#1848 = CARTESIAN_POINT ( 'NONE',  ( 0.000000000000000000, 10.00000000000000000, -2.857081042999999987 ) ) ;
#1849 = DIRECTION ( 'NONE',  ( -0.000000000000000000, -1.000000000000000000, -0.000000000000000000 ) ) ;
#1850 = LINE ( 'NONE', #694, #1981 ) ;
#1851 = CARTESIAN_POINT ( 'NONE',  ( 3.357081043000000875, 10.00000000000000000, 1.461490507441253841E-16 ) ) ;
#1852 = CARTESIAN_POINT ( 'NONE',  ( 0.5997550771332577080, 9.805385467609696093, 3.489171299431910622 ) ) ;
#1853 = DIRECTION ( 'NONE',  ( 0.000000000000000000, 0.000000000000000000, 1.000000000000000000 ) ) ;
#1854 = EDGE_LOOP ( 'NONE', ( #1726, #2051 ) ) ;
#1855 = ORIENTED_EDGE ( 'NONE', *, *, #1870, .F. ) ;
#1856 = CARTESIAN_POINT ( 'NONE',  ( -2.272259525435406324, 9.999999999982559729, -2.476643679981142210 ) ) ;
#1857 = DIRECTION ( 'NONE',  ( 0.000000000000000000, 1.000000000000000000, 0.000000000000000000 ) ) ;
#1858 = DIRECTION ( 'NONE',  ( 0.000000000000000000, 1.000000000000000000, 0.000000000000000000 ) ) ;
#1859 = ADVANCED_FACE ( 'NONE', ( #403 ), #589, .T. ) ;
#1860 = CARTESIAN_POINT ( 'NONE',  ( -2.715935615280956839, 10.00000000000000000, 1.973242727826057363 ) ) ;
#1861 = CARTESIAN_POINT ( 'NONE',  ( 3.357081043000000875, 10.00000000000000000, 2.055619276894104381E-16 ) ) ;
#1862 = FACE_OUTER_BOUND ( 'NONE', #909, .T. ) ;
#1863 = FACE_OUTER_BOUND ( 'NONE', #149, .T. ) ;
#1864 = ORIENTED_EDGE ( 'NONE', *, *, #199, .T. ) ;
#1865 = ORIENTED_EDGE ( 'NONE', *, *, #365, .F. ) ;
#1866 = CARTESIAN_POINT ( 'NONE',  ( -3.167870086428248300, 10.00000000000000000, -1.111122065653929791 ) ) ;
#1867 = DIRECTION ( 'NONE',  ( 0.000000000000000000, 0.000000000000000000, 1.000000000000000000 ) ) ;
#1868 = DIRECTION ( 'NONE',  ( 0.000000000000000000, 0.000000000000000000, 1.000000000000000000 ) ) ;
#1869 = EDGE_CURVE ( 'NONE', #1157, #1000, #1264, .T. ) ;
#1870 = EDGE_CURVE ( 'NONE', #2344, #495, #1676, .T. ) ;
#1871 = CARTESIAN_POINT ( 'NONE',  ( -3.057594919378200160, 9.999999999982485122, -1.395722242251781431 ) ) ;
#1872 = CARTESIAN_POINT ( 'NONE',  ( 0.000000000000000000, 16.00000000000000000, 0.000000000000000000 ) ) ;
#1873 = CARTESIAN_POINT ( 'NONE',  ( -2.642045207455564260, 16.00000000000000000, 2.464643176003995961 ) ) ;
#1874 = CARTESIAN_POINT ( 'NONE',  ( 1.190409622969561543, 9.970376588388948136, 3.166527992145691695 ) ) ;
#1875 = EDGE_CURVE ( 'NONE', #58, #2139, #360, .T. ) ;
#1876 = ORIENTED_EDGE ( 'NONE', *, *, #2352, .F. ) ;
#1877 = ORIENTED_EDGE ( 'NONE', *, *, #267, .T. ) ;
#1878 = DIRECTION ( 'NONE',  ( 0.000000000000000000, -0.7837913571415333625, 0.6210242414513569287 ) ) ;
#1879 = DIRECTION ( 'NONE',  ( -0.6815790431148677220, -0.7317444963828709792, 0.000000000000000000 ) ) ;
#1880 = DIRECTION ( 'NONE',  ( -0.6018150231520466020, 0.7986355100472940505, 0.000000000000000000 ) ) ;
#1881 = CIRCLE ( 'NONE', #2216, 3.357081043000000875 ) ;
#1882 = CARTESIAN_POINT ( 'NONE',  ( 0.000000000000000000, 13.09291895700001618, -1.949999999999999956 ) ) ;
#1883 = CARTESIAN_POINT ( 'NONE',  ( 0.000000000000000000, 16.00000000000000000, 0.000000000000000000 ) ) ;
#1884 = VECTOR ( 'NONE', #889, 100.0000000000000000 ) ;
#1885 = DIRECTION ( 'NONE',  ( 0.000000000000000000, 0.000000000000000000, -1.000000000000000000 ) ) ;
#1886 = CARTESIAN_POINT ( 'NONE',  ( -2.568989302207836722, 10.00000000000000000, 2.175496976419793782 ) ) ;
#1887 = ORIENTED_EDGE ( 'NONE', *, *, #1733, .T. ) ;
#1888 = VERTEX_POINT ( 'NONE', #837 ) ;
#1889 = CARTESIAN_POINT ( 'NONE',  ( 0.5649749104129830890, 9.790271604654977367, 3.512447282348488020 ) ) ;
#1890 = ADVANCED_FACE ( 'NONE', ( #2158 ), #1040, .F. ) ;
#1891 = AXIS2_PLACEMENT_3D ( 'NONE', #1031, #262, #1788 ) ;
#1892 = EDGE_LOOP ( 'NONE', ( #1232, #2195 ) ) ;
#1893 = DIRECTION ( 'NONE',  ( 0.000000000000000000, 1.000000000000000000, 0.000000000000000000 ) ) ;
#1894 = FACE_OUTER_BOUND ( 'NONE', #737, .T. ) ;
#1895 = AXIS2_PLACEMENT_3D ( 'NONE', #1919, #1343, #2115 ) ;
#1896 = AXIS2_PLACEMENT_3D ( 'NONE', #2364, #1554, #246 ) ;
#1897 = CARTESIAN_POINT ( 'NONE',  ( -2.399205492437458176, 9.713812937599833219, 2.776082659806360375 ) ) ;
#1898 = DIRECTION ( 'NONE',  ( 0.000000000000000000, 0.000000000000000000, -1.000000000000000000 ) ) ;
#1899 = DIRECTION ( 'NONE',  ( 0.000000000000000000, 1.000000000000000000, 0.000000000000000000 ) ) ;
#1900 = DIRECTION ( 'NONE',  ( 0.9510565162951545304, 0.000000000000000000, 0.3090169943749447312 ) ) ;
#1901 = ADVANCED_FACE ( 'NONE', ( #260 ), #1796, .F. ) ;
#1902 = VECTOR ( 'NONE', #2099, 100.0000000000000000 ) ;
#1903 = VERTEX_POINT ( 'NONE', #1014 ) ;
#1904 =( BOUNDED_SURFACE ( )  B_SPLINE_SURFACE ( 3, 2, ( 
 ( #2206, #1086, #1626 ),
 ( #1846, #957, #534 ),
 ( #1110, #2053, #2091 ),
 ( #129, #327, #1889 ),
 ( #910, #350, #1714 ),
 ( #1662, #520, #1133 ) ),
 .UNSPECIFIED., .F., .F., .F. ) 
 B_SPLINE_SURFACE_WITH_KNOTS ( ( 4, 2, 4 ),
 ( 3, 3 ),
 ( -3.579676697384246955E-05, 0.004522367639277527843, 0.009080532045528898893 ),
 ( 0.000000000000000000, 1.000000000000000000 ),
 .UNSPECIFIED. ) 
 GEOMETRIC_REPRESENTATION_ITEM ( )  RATIONAL_B_SPLINE_SURFACE ( (
 ( 1.000000000000000000, 1.000000000000000000, 1.000000000000000000),
 ( 1.000000000000000000, 0.9999971713164573783, 1.000000000000000000),
 ( 1.000000000000000000, 0.9972941864887483465, 1.000000000000000000),
 ( 1.000000000000000000, 0.9873438263594731534, 1.000000000000000000),
 ( 1.000000000000000000, 0.9800842286240001311, 1.000000000000000000),
 ( 1.000000000000000000, 0.9710943484845423468, 1.000000000000000000) ) ) 
 REPRESENTATION_ITEM ( '' )  SURFACE ( )  );
#1905 = ORIENTED_EDGE ( 'NONE', *, *, #2461, .F. ) ;
#1906 = ADVANCED_FACE ( 'NONE', ( #2377 ), #1593, .F. ) ;
#1907 = LINE ( 'NONE', #2283, #1650 ) ;
#1908 = EDGE_LOOP ( 'NONE', ( #1095, #1259, #2224, #1168 ) ) ;
#1909 = AXIS2_PLACEMENT_3D ( 'NONE', #183, #715, #960 ) ;
#1910 = CARTESIAN_POINT ( 'NONE',  ( 0.1009933094276185134, 16.00000000000000000, 4.355910417664811796 ) ) ;
#1911 = DIRECTION ( 'NONE',  ( -0.000000000000000000, -1.000000000000000000, -0.000000000000000000 ) ) ;
#1912 = FACE_OUTER_BOUND ( 'NONE', #1167, .T. ) ;
#1913 = DIRECTION ( 'NONE',  ( 0.000000000000000000, 1.000000000000000000, 0.000000000000000000 ) ) ;
#1914 = LINE ( 'NONE', #2498, #1071 ) ;
#1915 = CARTESIAN_POINT ( 'NONE',  ( 1.037395093781010136, 10.00000000000000000, 3.192773801676069390 ) ) ;
#1916 = ORIENTED_EDGE ( 'NONE', *, *, #1126, .F. ) ;
#1917 = EDGE_LOOP ( 'NONE', ( #886, #249, #800 ) ) ;
#1918 = AXIS2_PLACEMENT_3D ( 'NONE', #1194, #2000, #798 ) ;
#1919 = CARTESIAN_POINT ( 'NONE',  ( 0.000000000000000000, 0.000000000000000000, 0.000000000000000000 ) ) ;
#1920 = UNCERTAINTY_MEASURE_WITH_UNIT (LENGTH_MEASURE( 1.000000000000000082E-05 ), #2413, 'distance_accuracy_value', 'NONE');
#1921 = VERTEX_POINT ( 'NONE', #823 ) ;
#1922 = CARTESIAN_POINT ( 'NONE',  ( 0.000000000000000000, 22.00000000000000000, 0.000000000000000000 ) ) ;
#1923 = ORIENTED_EDGE ( 'NONE', *, *, #1549, .F. ) ;
#1924 = CARTESIAN_POINT ( 'NONE',  ( -4.111508338186785849, 16.00000000000000000, -1.442100690066581370 ) ) ;
#1925 = FACE_OUTER_BOUND ( 'NONE', #386, .T. ) ;
#1926 = B_SPLINE_CURVE_WITH_KNOTS ( 'NONE', 3,
 ( #1987, #1958, #265, #1248, #23, #1047, #1561, #2204, #2192, #254, #67, #845, #1207, #2013 ),
 .UNSPECIFIED., .F., .F.,
 ( 4, 2, 2, 2, 2, 2, 4 ),
 ( 0.000000000000000000, 0.001477386591378128345, 0.002216079887067205854, 0.002954773182756283145, 0.003693466478445360437, 0.004432159774134437728, 0.005909546365512571495 ),
 .UNSPECIFIED. ) ;
#1927 = EDGE_CURVE ( 'NONE', #2269, #2344, #2019, .T. ) ;
#1928 = CARTESIAN_POINT ( 'NONE',  ( 3.498915154214531049E-16, 14.00000000000000711, 2.857081042999999987 ) ) ;
#1929 = EDGE_LOOP ( 'NONE', ( #1177, #942, #1024, #628, #766 ) ) ;
#1930 = ORIENTED_EDGE ( 'NONE', *, *, #964, .T. ) ;
#1931 = SHAPE_DEFINITION_REPRESENTATION ( #2071, #864 ) ;
#1932 = VERTEX_POINT ( 'NONE', #1173 ) ;
#1933 = ORIENTED_EDGE ( 'NONE', *, *, #2067, .F. ) ;
#1934 = CARTESIAN_POINT ( 'NONE',  ( 1.527578083870343661, 0.000000000000000000, 3.892384926102374187 ) ) ;
#1935 = CIRCLE ( 'NONE', #1098, 0.2950000000000000955 ) ;
#1936 = CARTESIAN_POINT ( 'NONE',  ( 3.129261189104547203, 2.037731070277506440, 8.821858650853229733 ) ) ;
#1937 = CARTESIAN_POINT ( 'NONE',  ( 1.387353167611157012, 9.863678300712232172, -3.187077795787642831 ) ) ;
#1938 = EDGE_CURVE ( 'NONE', #2078, #1807, #1243, .T. ) ;
#1939 = EDGE_CURVE ( 'NONE', #1353, #2356, #1785, .T. ) ;
#1940 = AXIS2_PLACEMENT_3D ( 'NONE', #143, #2070, #132 ) ;
#1941 = DIRECTION ( 'NONE',  ( 0.000000000000000000, -0.000000000000000000, 1.000000000000000000 ) ) ;
#1942 = CARTESIAN_POINT ( 'NONE',  ( 1.830292036211743634, 9.997512442031297297, 2.820440025920718519 ) ) ;
#1943 = EDGE_LOOP ( 'NONE', ( #2362, #1388, #676 ) ) ;
#1944 = FACE_OUTER_BOUND ( 'NONE', #9, .T. ) ;
#1945 = CARTESIAN_POINT ( 'NONE',  ( -2.906876243541869353, 10.00000000001761613, 1.687304884416613859 ) ) ;
#1946 = VECTOR ( 'NONE', #1664, 100.0000000000000000 ) ;
#1947 = VERTEX_POINT ( 'NONE', #619 ) ;
#1948 = VERTEX_POINT ( 'NONE', #1581 ) ;
#1949 = AXIS2_PLACEMENT_3D ( 'NONE', #487, #2005, #2210 ) ;
#1950 = CARTESIAN_POINT ( 'NONE',  ( 0.1009933094276399546, 9.999813094072873554, 3.355910417664811352 ) ) ;
#1951 = DIRECTION ( 'NONE',  ( 0.000000000000000000, 0.000000000000000000, -1.000000000000000000 ) ) ;
#1952 = EDGE_CURVE ( 'NONE', #1408, #2320, #831, .T. ) ;
#1953 = FACE_OUTER_BOUND ( 'NONE', #1145, .T. ) ;
#1954 = CARTESIAN_POINT ( 'NONE',  ( 1.725360626193174207, 9.974208040145734699, 2.923999182706300992 ) ) ;
#1955 = VERTEX_POINT ( 'NONE', #2365 ) ;
#1956 = CARTESIAN_POINT ( 'NONE',  ( -2.642045207455564260, 0.000000000000000000, 3.464643176003995961 ) ) ;
#1957 = VECTOR ( 'NONE', #854, 100.0000000000000000 ) ;
#1958 = CARTESIAN_POINT ( 'NONE',  ( 1.580218620789239692, 9.840499054519773026, -3.142777707316225300 ) ) ;
#1959 = CARTESIAN_POINT ( 'NONE',  ( -3.222273447957419990, 9.903454741281645823, 1.400101704821012927 ) ) ;
#1960 = ADVANCED_FACE ( 'NONE', ( #2336 ), #1965, .T. ) ;
#1961 = VERTEX_POINT ( 'NONE', #1980 ) ;
#1962 = FACE_OUTER_BOUND ( 'NONE', #408, .T. ) ;
#1963 = FACE_OUTER_BOUND ( 'NONE', #2193, .T. ) ;
#1964 = AXIS2_PLACEMENT_3D ( 'NONE', #1843, #1645, #699 ) ;
#1965 = PLANE ( 'NONE',  #1468 ) ;
#1966 = ORIENTED_EDGE ( 'NONE', *, *, #1938, .F. ) ;
#1967 = B_SPLINE_CURVE_WITH_KNOTS ( 'NONE', 3,
 ( #899, #2002, #467, #688, #256, #2234, #1991, #1794, #1808, #2401, #496, #1278, #859, #2041 ),
 .UNSPECIFIED., .F., .F.,
 ( 4, 2, 2, 2, 2, 2, 4 ),
 ( 0.000000000000000000, 0.001477386591378128562, 0.002216079887067204553, 0.002954773182756280543, 0.003693466478445356967, 0.004432159774134432524, 0.005909546365512588842 ),
 .UNSPECIFIED. ) ;
#1968 = CARTESIAN_POINT ( 'NONE',  ( -2.642045207455564260, 0.000000000000000000, 2.464643176003995961 ) ) ;
#1969 = CARTESIAN_POINT ( 'NONE',  ( 1.597866506133132747, 9.871130500805431751, 3.107895474524568158 ) ) ;
#1970 = ORIENTED_EDGE ( 'NONE', *, *, #1044, .T. ) ;
#1971 = ORIENTED_EDGE ( 'NONE', *, *, #975, .F. ) ;
#1972 = DIRECTION ( 'NONE',  ( 0.000000000000000000, 1.000000000000000000, 0.000000000000000000 ) ) ;
#1973 = CARTESIAN_POINT ( 'NONE',  ( -2.715935615280956839, 10.00000000000000000, 1.973242727826057363 ) ) ;
#1974 = EDGE_LOOP ( 'NONE', ( #597, #1536, #1590 ) ) ;
#1975 = ORIENTED_EDGE ( 'NONE', *, *, #519, .F. ) ;
#1976 = EDGE_CURVE ( 'NONE', #751, #1598, #1051, .T. ) ;
#1977 = DIRECTION ( 'NONE',  ( 0.000000000000000000, 0.000000000000000000, -1.000000000000000000 ) ) ;
#1978 = ORIENTED_EDGE ( 'NONE', *, *, #718, .T. ) ;
#1979 = FACE_OUTER_BOUND ( 'NONE', #2282, .T. ) ;
#1980 = CARTESIAN_POINT ( 'NONE',  ( -7.423091268457489456, 0.000000000000000000, 5.702208490174675681 ) ) ;
#1981 = VECTOR ( 'NONE', #851, 100.0000000000000000 ) ;
#1982 = FACE_OUTER_BOUND ( 'NONE', #1735, .T. ) ;
#1983 = CARTESIAN_POINT ( 'NONE',  ( 2.472461737334660903, 3.100000000000000089, 0.000000000000000000 ) ) ;
#1984 = AXIS2_PLACEMENT_3D ( 'NONE', #1783, #57, #1591 ) ;
#1985 = EDGE_LOOP ( 'NONE', ( #601, #1417, #1559, #1636 ) ) ;
#1986 = VERTEX_POINT ( 'NONE', #1838 ) ;
#1987 = CARTESIAN_POINT ( 'NONE',  ( 1.565671382664970190, 9.805385467609646355, -3.175326066852171003 ) ) ;
#1988 = ADVANCED_FACE ( 'NONE', ( #269 ), #1617, .T. ) ;
#1989 = EDGE_CURVE ( 'NONE', #169, #2078, #2240, .T. ) ;
#1990 = EDGE_LOOP ( 'NONE', ( #10, #413, #583, #203 ) ) ;
#1991 = CARTESIAN_POINT ( 'NONE',  ( -2.313812386419975553, 9.950967394495531693, -2.519756115884120629 ) ) ;
#1992 = LINE ( 'NONE', #2004, #2073 ) ;
#1993 = DIRECTION ( 'NONE',  ( 0.000000000000000000, 1.000000000000000000, 0.000000000000000000 ) ) ;
#1994 = CARTESIAN_POINT ( 'NONE',  ( 0.000000000000000000, 0.000000000000000000, 0.000000000000000000 ) ) ;
#1995 = CARTESIAN_POINT ( 'NONE',  ( -7.716983894603808736, 2.037731070277506440, -5.297699992987093154 ) ) ;
#1996 = AXIS2_PLACEMENT_3D ( 'NONE', #1354, #2129, #388 ) ;
#1997 = EDGE_LOOP ( 'NONE', ( #1916, #592, #1905 ) ) ;
#1998 = ORIENTED_EDGE ( 'NONE', *, *, #596, .T. ) ;
#1999 = ORIENTED_EDGE ( 'NONE', *, *, #1250, .T. ) ;
#2000 = DIRECTION ( 'NONE',  ( 0.000000000000000000, 1.000000000000000000, 0.000000000000000000 ) ) ;
#2001 = ORIENTED_EDGE ( 'NONE', *, *, #1191, .T. ) ;
#2002 = CARTESIAN_POINT ( 'NONE',  ( -2.500644809158630189, 9.840499054519771249, -2.474048937575986873 ) ) ;
#2003 = ORIENTED_EDGE ( 'NONE', *, *, #1683, .F. ) ;
#2004 = CARTESIAN_POINT ( 'NONE',  ( 1.909759572204373201, 16.00000000000000000, 2.760943951920020734 ) ) ;
#2005 = DIRECTION ( 'NONE',  ( -0.000000000000000000, -1.000000000000000000, -0.000000000000000000 ) ) ;
#2006 =( BOUNDED_CURVE ( )  B_SPLINE_CURVE ( 3, ( #614, #2361, #1160, #790 ),
 .UNSPECIFIED., .F., .F. ) 
 B_SPLINE_CURVE_WITH_KNOTS ( ( 4, 4 ),
 ( 3.977921496213520314, 4.712388980384688786 ),
 .UNSPECIFIED. ) 
 CURVE ( )  GEOMETRIC_REPRESENTATION_ITEM ( )  RATIONAL_B_SPLINE_CURVE ( ( 1.000000000000000000, 0.9555493991423478217, 0.9555493991423478217, 1.000000000000000000 ) ) 
 REPRESENTATION_ITEM ( '' )  );
#2007 = DIRECTION ( 'NONE',  ( 0.000000000000000000, 0.000000000000000000, 1.000000000000000000 ) ) ;
#2008 = CYLINDRICAL_SURFACE ( 'NONE', #44, 3.154999999999999361 ) ;
#2009 = EDGE_CURVE ( 'NONE', #1903, #1295, #1622, .T. ) ;
#2010 = ORIENTED_EDGE ( 'NONE', *, *, #1551, .T. ) ;
#2011 = ORIENTED_EDGE ( 'NONE', *, *, #1939, .F. ) ;
#2012 = CARTESIAN_POINT ( 'NONE',  ( 0.8080884358355343577, 9.886544988536920542, -3.357174270987835829 ) ) ;
#2013 = CARTESIAN_POINT ( 'NONE',  ( 1.909759572204334122, 10.00000000000000000, -2.760943951920048267 ) ) ;
#2014 = ORIENTED_EDGE ( 'NONE', *, *, #453, .F. ) ;
#2015 = CIRCLE ( 'NONE', #479, 0.2950000000000000955 ) ;
#2016 = CARTESIAN_POINT ( 'NONE',  ( -2.568989302207868253, 10.00000000000000000, -2.175496976419756479 ) ) ;
#2017 = DIRECTION ( 'NONE',  ( -0.000000000000000000, 1.000000000000000000, 0.000000000000000000 ) ) ;
#2018 = VERTEX_POINT ( 'NONE', #71 ) ;
#2019 = B_SPLINE_CURVE_WITH_KNOTS ( 'NONE', 3,
 ( #1566, #47, #222, #780, #1370, #1543 ),
 .UNSPECIFIED., .F., .F.,
 ( 4, 2, 4 ),
 ( 0.000000000000000000, 0.002816304339577716583, 0.005632608679155435769 ),
 .UNSPECIFIED. ) ;
#2020 = EDGE_CURVE ( 'NONE', #2294, #1526, #2198, .T. ) ;
#2021 = CARTESIAN_POINT ( 'NONE',  ( 3.215961899580620731, 0.000000000000000000, 0.9631106840419632054 ) ) ;
#2022 = LINE ( 'NONE', #1815, #282 ) ;
#2023 = ORIENTED_EDGE ( 'NONE', *, *, #5, .T. ) ;
#2024 = CARTESIAN_POINT ( 'NONE',  ( 0.8981768395064160249, 9.970376588389861183, -3.261480179382770128 ) ) ;
#2025 = CARTESIAN_POINT ( 'NONE',  ( -3.113478645261014588, 9.966411336309313640, 1.375130000765607985 ) ) ;
#2026 = CIRCLE ( 'NONE', #1376, 3.357081043000000875 ) ;
#2027 = ORIENTED_EDGE ( 'NONE', *, *, #488, .F. ) ;
#2028 = CARTESIAN_POINT ( 'NONE',  ( 4.173925636049350629, 0.000000000000000000, 0.2500000000000000000 ) ) ;
#2029 = DIRECTION ( 'NONE',  ( 0.000000000000000000, 0.000000000000000000, 1.000000000000000000 ) ) ;
#2030 = DIRECTION ( 'NONE',  ( 0.000000000000000000, 0.000000000000000000, 1.000000000000000000 ) ) ;
#2031 = AXIS2_PLACEMENT_3D ( 'NONE', #1141, #1128, #965 ) ;
#2032 = CARTESIAN_POINT ( 'NONE',  ( 3.129261189104422414, 2.037731070277506440, -8.821858650853277695 ) ) ;
#2033 = EDGE_CURVE ( 'NONE', #1766, #116, #1656, .T. ) ;
#2034 = CARTESIAN_POINT ( 'NONE',  ( -2.606645601104177423, 9.734033069562727292, 2.464643176003995961 ) ) ;
#2035 = EDGE_CURVE ( 'NONE', #2381, #506, #627, .T. ) ;
#2036 = VECTOR ( 'NONE', #458, 100.0000000000000000 ) ;
#2037 = CARTESIAN_POINT ( 'NONE',  ( 3.357081043000000875, 10.00000000000000000, -0.2500000000000000000 ) ) ;
#2038 = CARTESIAN_POINT ( 'NONE',  ( 0.000000000000000000, 1.300000000000001155, 0.000000000000000000 ) ) ;
#2039 = ADVANCED_FACE ( 'NONE', ( #108 ), #902, .F. ) ;
#2040 = VERTEX_POINT ( 'NONE', #297 ) ;
#2041 = CARTESIAN_POINT ( 'NONE',  ( -2.035665573617893465, 10.00000000000000000, -2.669467887361992808 ) ) ;
#2042 = EDGE_CURVE ( 'NONE', #2412, #2125, #890, .T. ) ;
#2043 = CARTESIAN_POINT ( 'NONE',  ( 3.289717069143723194, 9.984741602501079782, -0.7803381217264773184 ) ) ;
#2044 = DIRECTION ( 'NONE',  ( -0.000000000000000000, -1.000000000000000000, -0.000000000000000000 ) ) ;
#2045 = CIRCLE ( 'NONE', #755, 3.357081043000000875 ) ;
#2046 = CARTESIAN_POINT ( 'NONE',  ( 3.459806811615163458, 9.863678300712273028, -0.3345900691657909265 ) ) ;
#2047 = CARTESIAN_POINT ( 'NONE',  ( 3.129261189104422414, 2.037731070277506440, -8.821858650853277695 ) ) ;
#2048 = CARTESIAN_POINT ( 'NONE',  ( 0.3358385939065115511, 9.903454741278549633, -3.497219380613217687 ) ) ;
#2049 = CARTESIAN_POINT ( 'NONE',  ( 0.9679466743802671580, 9.963456142833804208, 3.244293887561340739 ) ) ;
#2050 = ORIENTED_EDGE ( 'NONE', *, *, #145, .T. ) ;
#2051 = ORIENTED_EDGE ( 'NONE', *, *, #1875, .F. ) ;
#2052 = B_SPLINE_CURVE_WITH_KNOTS ( 'NONE', 3,
 ( #1624, #1659, #1305, #1275, #2457, #1833, #1474, #2423, #883, #2436, #686, #504, #1483, #1452 ),
 .UNSPECIFIED., .F., .F.,
 ( 4, 2, 2, 2, 2, 2, 4 ),
 ( 0.000000000000000000, 0.001477386591378167593, 0.002216079887067233609, 0.002954773182756299625, 0.003693466478445365641, 0.004432159774134431657, 0.005909546365512568025 ),
 .UNSPECIFIED. ) ;
#2053 = CARTESIAN_POINT ( 'NONE',  ( 0.7578240791558182865, 9.946472080086490308, 3.326023901254954840 ) ) ;
#2054 = EDGE_CURVE ( 'NONE', #1711, #2124, #1641, .T. ) ;
#2055 = CARTESIAN_POINT ( 'NONE',  ( 2.478634600165493751, 16.00000000000000000, 3.583367931727416078 ) ) ;
#2056 = CARTESIAN_POINT ( 'NONE',  ( 0.000000000000000000, 10.00000000000000000, 0.000000000000000000 ) ) ;
#2057 = PLANE ( 'NONE',  #570 ) ;
#2058 = LINE ( 'NONE', #1103, #1687 ) ;
#2059 = PLANE ( 'NONE',  #561 ) ;
#2060 = CARTESIAN_POINT ( 'NONE',  ( 0.1009933094275562437, 16.00000000000000000, -4.355910417664814460 ) ) ;
#2061 = AXIS2_PLACEMENT_3D ( 'NONE', #1983, #75, #251 ) ;
#2062 = VERTEX_POINT ( 'NONE', #512 ) ;
#2063 = VERTEX_POINT ( 'NONE', #2390 ) ;
#2064 = EDGE_CURVE ( 'NONE', #796, #2138, #1209, .T. ) ;
#2065 = CARTESIAN_POINT ( 'NONE',  ( 1.275159222854797658, 10.00000000000000000, 3.115519553082330084 ) ) ;
#2066 = AXIS2_PLACEMENT_3D ( 'NONE', #2375, #192, #1977 ) ;
#2067 = EDGE_CURVE ( 'NONE', #1571, #2381, #2429, .T. ) ;
#2068 = DIRECTION ( 'NONE',  ( 0.000000000000000000, 0.000000000000000000, 1.000000000000000000 ) ) ;
#2069 = CARTESIAN_POINT ( 'NONE',  ( 3.515122724732094639, 9.790271604657243998, -0.5480828320015214139 ) ) ;
#2070 = DIRECTION ( 'NONE',  ( 0.000000000000000000, 1.000000000000000000, 0.000000000000000000 ) ) ;
#2071 = PRODUCT_DEFINITION_SHAPE ( 'NONE', 'NONE',  #433 ) ;
#2072 = CARTESIAN_POINT ( 'NONE',  ( 1.319540248313883390, 9.886544988536931200, -3.190993503439595091 ) ) ;
#2073 = VECTOR ( 'NONE', #1616, 100.0000000000000000 ) ;
#2074 = DIRECTION ( 'NONE',  ( 0.000000000000000000, 0.000000000000000000, 1.000000000000000000 ) ) ;
#2075 = FACE_OUTER_BOUND ( 'NONE', #2458, .T. ) ;
#2076 = AXIS2_PLACEMENT_3D ( 'NONE', #692, #319, #2441 ) ;
#2077 = ORIENTED_EDGE ( 'NONE', *, *, #990, .F. ) ;
#2078 = VERTEX_POINT ( 'NONE', #1458 ) ;
#2079 = CARTESIAN_POINT ( 'NONE',  ( -2.031340642555540477, 10.00000000000000000, -2.672760431309177509 ) ) ;
#2080 = DIRECTION ( 'NONE',  ( 0.000000000000000000, 0.000000000000000000, -1.000000000000000000 ) ) ;
#2081 = CARTESIAN_POINT ( 'NONE',  ( 3.422651567633784975, 9.912984974835790553, -0.6102560487586502491 ) ) ;
#2082 = CARTESIAN_POINT ( 'NONE',  ( -2.151916188042064970, 9.999999999966973974, 2.581121089839656602 ) ) ;
#2083 = DIRECTION ( 'NONE',  ( -0.000000000000000000, -1.000000000000000000, -0.000000000000000000 ) ) ;
#2084 = EDGE_CURVE ( 'NONE', #2294, #1986, #1421, .T. ) ;
#2085 = EDGE_CURVE ( 'NONE', #1423, #1748, #1222, .T. ) ;
#2086 = DIRECTION ( 'NONE',  ( 0.000000000000000000, 0.000000000000000000, 1.000000000000000000 ) ) ;
#2087 = CARTESIAN_POINT ( 'NONE',  ( 1.450172063310337878, 9.248423588762905823, 3.654153690946603472 ) ) ;
#2088 = VERTEX_POINT ( 'NONE', #1630 ) ;
#2089 = ORIENTED_EDGE ( 'NONE', *, *, #586, .T. ) ;
#2090 = CIRCLE ( 'NONE', #1298, 2.857081042999999987 ) ;
#2091 = CARTESIAN_POINT ( 'NONE',  ( 0.8080884358346541729, 9.886544988537972145, 3.357174270987292708 ) ) ;
#2092 = ORIENTED_EDGE ( 'NONE', *, *, #727, .T. ) ;
#2093 = CYLINDRICAL_SURFACE ( 'NONE', #2277, 1.000000000000000222 ) ;
#2094 = CARTESIAN_POINT ( 'NONE',  ( 0.000000000000000000, 1.300000000000001155, -2.857081042999999987 ) ) ;
#2095 = VECTOR ( 'NONE', #1644, 100.0000000000000000 ) ;
#2096 = CARTESIAN_POINT ( 'NONE',  ( -2.715935615280985260, 10.00000000000000000, -1.973242727826018950 ) ) ;
#2097 = CARTESIAN_POINT ( 'NONE',  ( 1.565671382664852063, 9.805385467609697869, 3.175326066852160345 ) ) ;
#2098 = EDGE_CURVE ( 'NONE', #724, #2487, #680, .T. ) ;
#2099 = DIRECTION ( 'NONE',  ( -0.000000000000000000, 1.000000000000000000, -0.000000000000000000 ) ) ;
#2100 = CARTESIAN_POINT ( 'NONE',  ( 0.000000000000000000, 16.00000000000000000, -2.857081042999999987 ) ) ;
#2101 = VERTEX_POINT ( 'NONE', #499 ) ;
#2102 = ORIENTED_EDGE ( 'NONE', *, *, #267, .F. ) ;
#2103 = CARTESIAN_POINT ( 'NONE',  ( -2.715935615280984816, 10.00000000000000000, -1.973242727826019616 ) ) ;
#2104 = AXIS2_PLACEMENT_3D ( 'NONE', #1994, #1175, #1544 ) ;
#2105 = ORIENTED_EDGE ( 'NONE', *, *, #2488, .T. ) ;
#2106 = CARTESIAN_POINT ( 'NONE',  ( 4.173925636049350629, 16.00000000000000000, -1.250000000000000000 ) ) ;
#2107 = DIRECTION ( 'NONE',  ( 0.000000000000000000, 0.000000000000000000, -1.000000000000000000 ) ) ;
#2108 = CARTESIAN_POINT ( 'NONE',  ( -2.410283778456723258, 9.912984974837909746, 2.505491629556376942 ) ) ;
#2109 = FACE_OUTER_BOUND ( 'NONE', #1844, .T. ) ;
#2110 = DIRECTION ( 'NONE',  ( 0.000000000000000000, 0.000000000000000000, 1.000000000000000000 ) ) ;
#2111 = CARTESIAN_POINT ( 'NONE',  ( 3.129261189104547203, 0.000000000000000000, 8.821858650853229733 ) ) ;
#2112 = VECTOR ( 'NONE', #746, 100.0000000000000000 ) ;
#2113 = ORIENTED_EDGE ( 'NONE', *, *, #885, .F. ) ;
#2114 = EDGE_LOOP ( 'NONE', ( #79, #996, #722, #1466 ) ) ;
#2115 = DIRECTION ( 'NONE',  ( 1.000000000000000000, 0.000000000000000000, 0.000000000000000000 ) ) ;
#2116 = ADVANCED_FACE ( 'NONE', ( #309 ), #1091, .F. ) ;
#2117 = ORIENTED_EDGE ( 'NONE', *, *, #61, .T. ) ;
#2118 = VECTOR ( 'NONE', #2155, 100.0000000000000000 ) ;
#2119 = CARTESIAN_POINT ( 'NONE',  ( 3.258081677585073610, 9.999999999967227993, -0.8233062267187177818 ) ) ;
#2120 = PLANE ( 'NONE',  #2339 ) ;
#2121 = CARTESIAN_POINT ( 'NONE',  ( 0.000000000000000000, 1.300000000000000044, -1.949999999999999956 ) ) ;
#2122 = DIRECTION ( 'NONE',  ( -0.000000000000000000, -1.000000000000000000, -0.000000000000000000 ) ) ;
#2123 = DIRECTION ( 'NONE',  ( -0.9510565162951500895, 0.000000000000000000, 0.3090169943749581649 ) ) ;
#2124 = VERTEX_POINT ( 'NONE', #564 ) ;
#2125 = VERTEX_POINT ( 'NONE', #1345 ) ;
#2126 = CARTESIAN_POINT ( 'NONE',  ( -3.169665004606621928, 10.00000000000000000, 1.105991359750190473 ) ) ;
#2127 = EDGE_CURVE ( 'NONE', #1749, #562, #2363, .T. ) ;
#2128 = VERTEX_POINT ( 'NONE', #1300 ) ;
#2129 = DIRECTION ( 'NONE',  ( -0.000000000000000000, -1.000000000000000000, -0.000000000000000000 ) ) ;
#2130 = FACE_OUTER_BOUND ( 'NONE', #1333, .T. ) ;
#2131 = CARTESIAN_POINT ( 'NONE',  ( 0.1469463130731171463, 0.000000000000000000, -0.2022542485937377232 ) ) ;
#2132 = DIRECTION ( 'NONE',  ( -0.000000000000000000, -1.000000000000000000, -0.000000000000000000 ) ) ;
#2133 = CARTESIAN_POINT ( 'NONE',  ( 2.653732930956844704, 0.000000000000000000, -8.976367148040749200 ) ) ;
#2134 = CIRCLE ( 'NONE', #1131, 1.000000000000000000 ) ;
#2135 = ORIENTED_EDGE ( 'NONE', *, *, #452, .T. ) ;
#2136 = CARTESIAN_POINT ( 'NONE',  ( -3.523723085894318263, 0.000000000000000000, -2.251117684441532596 ) ) ;
#2137 = ORIENTED_EDGE ( 'NONE', *, *, #1459, .T. ) ;
#2138 = VERTEX_POINT ( 'NONE', #2463 ) ;
#2139 = VERTEX_POINT ( 'NONE', #2505 ) ;
#2140 = DIRECTION ( 'NONE',  ( -0.000000000000000000, 1.000000000000000000, -0.000000000000000000 ) ) ;
#2141 = AXIS2_PLACEMENT_3D ( 'NONE', #1449, #671, #1245 ) ;
#2142 = EDGE_CURVE ( 'NONE', #2487, #400, #1584, .T. ) ;
#2143 = DIRECTION ( 'NONE',  ( 0.000000000000000000, 0.000000000000000000, 1.000000000000000000 ) ) ;
#2144 = DIRECTION ( 'NONE',  ( 0.000000000000000000, 0.000000000000000000, 1.000000000000000000 ) ) ;
#2145 = CIRCLE ( 'NONE', #1692, 0.2950000000000000955 ) ;
#2146 = DIRECTION ( 'NONE',  ( 0.000000000000000000, 1.000000000000000000, 0.000000000000000000 ) ) ;
#2147 = DIRECTION ( 'NONE',  ( 0.000000000000000000, 1.000000000000000000, 0.000000000000000000 ) ) ;
#2148 = ADVANCED_FACE ( 'NONE', ( #912 ), #292, .T. ) ;
#2149 = VERTEX_POINT ( 'NONE', #2094 ) ;
#2150 = CARTESIAN_POINT ( 'NONE',  ( 4.173925636049350629, 0.000000000000000000, 1.250000000000000000 ) ) ;
#2151 = DIRECTION ( 'NONE',  ( -0.8090169943749423442, 0.000000000000000000, 0.5877852522924802425 ) ) ;
#2152 = VECTOR ( 'NONE', #2278, 100.0000000000000000 ) ;
#2153 = AXIS2_PLACEMENT_3D ( 'NONE', #1517, #924, #1879 ) ;
#2154 = ORIENTED_EDGE ( 'NONE', *, *, #752, .T. ) ;
#2155 = DIRECTION ( 'NONE',  ( -0.8090169943749423442, 0.000000000000000000, 0.5877852522924802425 ) ) ;
#2156 = AXIS2_PLACEMENT_3D ( 'NONE', #368, #1858, #1868 ) ;
#2157 = LINE ( 'NONE', #1198, #723 ) ;
#2158 = FACE_OUTER_BOUND ( 'NONE', #2114, .T. ) ;
#2159 = CARTESIAN_POINT ( 'NONE',  ( -3.027178866988098349, 9.248423588762943126, -2.508391181120857460 ) ) ;
#2160 = DIRECTION ( 'NONE',  ( 0.4868785812001550362, 0.7986355100472940505, -0.3537379952168305808 ) ) ;
#2161 = EDGE_CURVE ( 'NONE', #1467, #1823, #875, .T. ) ;
#2162 = EDGE_CURVE ( 'NONE', #562, #1749, #1503, .T. ) ;
#2163 = EDGE_LOOP ( 'NONE', ( #630, #984, #2190, #1734 ) ) ;
#2164 = CARTESIAN_POINT ( 'NONE',  ( -7.423091268457573833, 0.000000000000000000, -5.702208490174568212 ) ) ;
#2165 = LINE ( 'NONE', #2342, #842 ) ;
#2166 = AXIS2_PLACEMENT_3D ( 'NONE', #2106, #714, #563 ) ;
#2167 = EDGE_LOOP ( 'NONE', ( #1033, #612, #921, #1484 ) ) ;
#2168 = ORIENTED_EDGE ( 'NONE', *, *, #1115, .F. ) ;
#2169 = CARTESIAN_POINT ( 'NONE',  ( 9.357081043000000875, 0.000000000000000000, -0.2500000000000000000 ) ) ;
#2170 =( BOUNDED_CURVE ( )  B_SPLINE_CURVE ( 3, ( #2335, #2323, #1161, #1542 ),
 .UNSPECIFIED., .F., .F. ) 
 B_SPLINE_CURVE_WITH_KNOTS ( ( 4, 4 ),
 ( 1.570796326794897668, 2.305263810965987759 ),
 .UNSPECIFIED. ) 
 CURVE ( )  GEOMETRIC_REPRESENTATION_ITEM ( )  RATIONAL_B_SPLINE_CURVE ( ( 1.000000000000000000, 0.9555493991423571476, 0.9555493991423571476, 1.000000000000000000 ) ) 
 REPRESENTATION_ITEM ( '' )  );
#2171 = DIRECTION ( 'NONE',  ( -0.000000000000000000, -1.000000000000000000, -0.000000000000000000 ) ) ;
#2172 = CIRCLE ( 'NONE', #229, 2.857081042999999987 ) ;
#2173 = CARTESIAN_POINT ( 'NONE',  ( -7.716983894603808736, 2.037731070277506440, -5.297699992987093154 ) ) ;
#2174 = DIRECTION ( 'NONE',  ( 0.000000000000000000, 1.000000000000000000, 0.000000000000000000 ) ) ;
#2175 = EDGE_CURVE ( 'NONE', #2088, #2344, #1387, .T. ) ;
#2176 = FACE_OUTER_BOUND ( 'NONE', #255, .T. ) ;
#2177 = EDGE_CURVE ( 'NONE', #1408, #2408, #379, .T. ) ;
#2178 = EDGE_LOOP ( 'NONE', ( #646, #585, #1120, #279 ) ) ;
#2179 = CARTESIAN_POINT ( 'NONE',  ( 0.4630980362617733159, 9.918634726426724058, 3.422903584202108274 ) ) ;
#2180 = CARTESIAN_POINT ( 'NONE',  ( 3.129261189104547203, 2.037731070277506440, 8.821858650853229733 ) ) ;
#2181 = ORIENTED_EDGE ( 'NONE', *, *, #697, .F. ) ;
#2182 = CARTESIAN_POINT ( 'NONE',  ( 0.5997550771332063047, 9.805385467609696093, -3.489171299431919948 ) ) ;
#2183 = ORIENTED_EDGE ( 'NONE', *, *, #2490, .F. ) ;
#2184 = DIRECTION ( 'NONE',  ( -0.5877852522924685852, 0.000000000000000000, 0.8090169943749507819 ) ) ;
#2185 = VECTOR ( 'NONE', #2313, 100.0000000000000000 ) ;
#2186 = DIRECTION ( 'NONE',  ( 0.8090169943749506709, 0.000000000000000000, 0.5877852522924684742 ) ) ;
#2187 =( BOUNDED_CURVE ( )  B_SPLINE_CURVE ( 3, ( #1320, #2298, #182, #522 ),
 .UNSPECIFIED., .F., .F. ) 
 B_SPLINE_CURVE_WITH_KNOTS ( ( 4, 4 ),
 ( 1.570796326794896558, 2.305263810965986870 ),
 .UNSPECIFIED. ) 
 CURVE ( )  GEOMETRIC_REPRESENTATION_ITEM ( )  RATIONAL_B_SPLINE_CURVE ( ( 1.000000000000000000, 0.9555493991423571476, 0.9555493991423571476, 1.000000000000000000 ) ) 
 REPRESENTATION_ITEM ( '' )  );
#2188 = CYLINDRICAL_SURFACE ( 'NONE', #242, 2.840810430000000331 ) ;
#2189 = CARTESIAN_POINT ( 'NONE',  ( 3.689645070066609911, 9.558672630024025452, 0.3399350864722726073 ) ) ;
#2190 = ORIENTED_EDGE ( 'NONE', *, *, #1638, .T. ) ;
#2191 = DIRECTION ( 'NONE',  ( 0.3090169943749447312, 0.000000000000000000, -0.9510565162951545304 ) ) ;
#2192 = CARTESIAN_POINT ( 'NONE',  ( 1.726016550534794192, 9.972869472713544070, -2.924468235041748354 ) ) ;
#2193 = EDGE_LOOP ( 'NONE', ( #1737, #2501, #446, #1715, #956 ) ) ;
#2194 = DIRECTION ( 'NONE',  ( -0.000000000000000000, -1.000000000000000000, -0.000000000000000000 ) ) ;
#2195 = ORIENTED_EDGE ( 'NONE', *, *, #944, .F. ) ;
#2196 = ADVANCED_FACE ( 'NONE', ( #1717 ), #340, .T. ) ;
#2197 = DIRECTION ( 'NONE',  ( 0.000000000000000000, 0.000000000000000000, 1.000000000000000000 ) ) ;
#2198 = LINE ( 'NONE', #2415, #177 ) ;
#2199 = APPLICATION_CONTEXT ( 'automotive_design' ) ;
#2200 = DIRECTION ( 'NONE',  ( 0.000000000000000000, 0.000000000000000000, 1.000000000000000000 ) ) ;
#2201 = CARTESIAN_POINT ( 'NONE',  ( 0.5997550771332577080, 9.805385467609696093, 3.489171299431910622 ) ) ;
#2202 = ORIENTED_EDGE ( 'NONE', *, *, #2327, .F. ) ;
#2203 = DIRECTION ( 'NONE',  ( -0.9510565162951545304, 0.000000000000000000, -0.3090169943749447312 ) ) ;
#2204 = CARTESIAN_POINT ( 'NONE',  ( 1.710576001204710428, 9.966411336309317193, -2.942560371106169193 ) ) ;
#2205 = VERTEX_POINT ( 'NONE', #767 ) ;
#2206 = CARTESIAN_POINT ( 'NONE',  ( 1.037395093781010136, 10.00000000000000000, 3.192773801676069390 ) ) ;
#2207 = ADVANCED_FACE ( 'NONE', ( #1894 ), #1675, .T. ) ;
#2208 = ADVANCED_FACE ( 'NONE', ( #1691 ), #2477, .T. ) ;
#2209 = LINE ( 'NONE', #2016, #1499 ) ;
#2210 = DIRECTION ( 'NONE',  ( 0.000000000000000000, 0.000000000000000000, -1.000000000000000000 ) ) ;
#2211 = CARTESIAN_POINT ( 'NONE',  ( 1.052049825722711329, 0.000000000000000000, -4.046893423289868785 ) ) ;
#2212 = LINE ( 'NONE', #1258, #440 ) ;
#2213 = VERTEX_POINT ( 'NONE', #551 ) ;
#2214 = DIRECTION ( 'NONE',  ( -0.000000000000000000, 1.000000000000000000, -0.000000000000000000 ) ) ;
#2215 = CARTESIAN_POINT ( 'NONE',  ( 0.000000000000000000, 5.800000000000007816, 0.000000000000000000 ) ) ;
#2216 = AXIS2_PLACEMENT_3D ( 'NONE', #2382, #1612, #1361 ) ;
#2217 = ORIENTED_EDGE ( 'NONE', *, *, #617, .T. ) ;
#2218 = VERTEX_POINT ( 'NONE', #43 ) ;
#2219 = FILL_AREA_STYLE ('',( #1049 ) ) ;
#2220 = CIRCLE ( 'NONE', #1562, 3.154999999999999361 ) ;
#2221 = DIRECTION ( 'NONE',  ( 0.000000000000000000, 1.000000000000000000, 0.000000000000000000 ) ) ;
#2222 = DIRECTION ( 'NONE',  ( 0.000000000000000000, 0.000000000000000000, 1.000000000000000000 ) ) ;
#2223 = EDGE_CURVE ( 'NONE', #2320, #1408, #2485, .T. ) ;
#2224 = ORIENTED_EDGE ( 'NONE', *, *, #12, .T. ) ;
#2225 = CARTESIAN_POINT ( 'NONE',  ( 3.482668991743575138, 9.833339162961905799, -0.4204852250534590885 ) ) ;
#2226 = CARTESIAN_POINT ( 'NONE',  ( 2.653732930956844704, 0.000000000000000000, -8.976367148040749200 ) ) ;
#2227 = EDGE_CURVE ( 'NONE', #2281, #1005, #1577, .T. ) ;
#2228 = CONICAL_SURFACE ( 'NONE', #1454, 1.857081042999982445, 0.7853981633974538301 ) ;
#2229 = EDGE_CURVE ( 'NONE', #495, #2124, #2006, .T. ) ;
#2230 = DIRECTION ( 'NONE',  ( 0.000000000000000000, 1.000000000000000000, 0.000000000000000000 ) ) ;
#2231 = DIRECTION ( 'NONE',  ( 0.000000000000000000, 0.000000000000000000, -1.000000000000000000 ) ) ;
#2232 = VERTEX_POINT ( 'NONE', #1934 ) ;
#2233 = ORIENTED_EDGE ( 'NONE', *, *, #1272, .F. ) ;
#2234 = CARTESIAN_POINT ( 'NONE',  ( -2.335702847837159979, 9.941982169939924674, -2.512450888669822024 ) ) ;
#2235 = CARTESIAN_POINT ( 'NONE',  ( -7.716983894603729688, 2.037731070277506440, 5.297699992987204176 ) ) ;
#2236 = DIRECTION ( 'NONE',  ( -0.000000000000000000, -1.000000000000000000, -0.000000000000000000 ) ) ;
#2237 = CIRCLE ( 'NONE', #2031, 1.949999999999999956 ) ;
#2238 = LINE ( 'NONE', #1066, #615 ) ;
#2239 = CARTESIAN_POINT ( 'NONE',  ( 3.215961899580620731, 10.00000000000000000, 0.9631106840419632054 ) ) ;
#2240 = CIRCLE ( 'NONE', #1831, 3.357081043000000875 ) ;
#2241 = CARTESIAN_POINT ( 'NONE',  ( -7.716983894603808736, 0.000000000000000000, -5.297699992987093154 ) ) ;
#2242 = ADVANCED_FACE ( 'NONE', ( #1962 ), #219, .T. ) ;
#2243 = CARTESIAN_POINT ( 'NONE',  ( -3.113759937774220887, 9.909437148577234566, 1.512402544829608564 ) ) ;
#2244 = ORIENTED_EDGE ( 'NONE', *, *, #584, .F. ) ;
#2245 = VERTEX_POINT ( 'NONE', #1540 ) ;
#2246 = DIRECTION ( 'NONE',  ( 0.2467919449159265977, 0.6018150231520468241, 0.7595475059751798375 ) ) ;
#2247 = PLANE ( 'NONE',  #2153 ) ;
#2248 = CARTESIAN_POINT ( 'NONE',  ( 0.09327666456908799419, 9.999939261493148379, 3.355910417664811352 ) ) ;
#2249 = CIRCLE ( 'NONE', #884, 1.000000000000000222 ) ;
#2250 = FACE_BOUND ( 'NONE', #1854, .T. ) ;
#2251 = DIRECTION ( 'NONE',  ( -1.000000000000000000, 0.000000000000000000, -0.000000000000000000 ) ) ;
#2252 = CARTESIAN_POINT ( 'NONE',  ( 3.129261189104547203, 2.037731070277506440, 8.821858650853229733 ) ) ;
#2253 = CARTESIAN_POINT ( 'NONE',  ( 0.6762986909385438894, 9.833339162961909352, 3.442152119121887122 ) ) ;
#2254 = EDGE_CURVE ( 'NONE', #2360, #1026, #629, .T. ) ;
#2255 = PRODUCT ( 'finalfinalFinCan', 'finalfinalFinCan', '', ( #216 ) ) ;
#2256 = VERTEX_POINT ( 'NONE', #414 ) ;
#2257 = ORIENTED_EDGE ( 'NONE', *, *, #392, .F. ) ;
#2258 = CARTESIAN_POINT ( 'NONE',  ( -2.715935615280956839, 10.00000000000000000, 1.973242727826058251 ) ) ;
#2259 = DIRECTION ( 'NONE',  ( 0.000000000000000000, 0.000000000000000000, 1.000000000000000000 ) ) ;
#2260 = ADVANCED_FACE ( 'NONE', ( #778 ), #243, .T. ) ;
#2261 = CARTESIAN_POINT ( 'NONE',  ( 0.000000000000000000, 0.000000000000000000, 0.000000000000000000 ) ) ;
#2262 = DIRECTION ( 'NONE',  ( 0.000000000000000000, 1.000000000000000000, 0.000000000000000000 ) ) ;
#2263 = CARTESIAN_POINT ( 'NONE',  ( 1.037395093780964617, 10.00000000000000000, -3.192773801676084044 ) ) ;
#2264 = DIRECTION ( 'NONE',  ( -0.000000000000000000, -1.000000000000000000, -0.000000000000000000 ) ) ;
#2265 = DIRECTION ( 'NONE',  ( -0.000000000000000000, -1.000000000000000000, -0.000000000000000000 ) ) ;
#2266 = VECTOR ( 'NONE', #1481, 100.0000000000000000 ) ;
#2267 = ORIENTED_EDGE ( 'NONE', *, *, #117, .T. ) ;
#2268 =( BOUNDED_CURVE ( )  B_SPLINE_CURVE ( 3, ( #2419, #2034, #894, #98 ),
 .UNSPECIFIED., .F., .F. ) 
 B_SPLINE_CURVE_WITH_KNOTS ( ( 4, 4 ),
 ( 2.199114857512864507, 2.305263810965987314 ),
 .UNSPECIFIED. ) 
 CURVE ( )  GEOMETRIC_REPRESENTATION_ITEM ( )  RATIONAL_B_SPLINE_CURVE ( ( 1.000000000000000000, 0.9990612537006514637, 0.9990612537006514637, 1.000000000000000000 ) ) 
 REPRESENTATION_ITEM ( '' )  );
#2269 = VERTEX_POINT ( 'NONE', #2182 ) ;
#2270 = CARTESIAN_POINT ( 'NONE',  ( -2.463081119283151210, 9.748242275407530855, -2.644026208425320323 ) ) ;
#2271 = VECTOR ( 'NONE', #442, 100.0000000000000000 ) ;
#2272 = CARTESIAN_POINT ( 'NONE',  ( -2.247722721435447379, 9.974208040145736476, 2.544480905494801881 ) ) ;
#2273 = CARTESIAN_POINT ( 'NONE',  ( 3.357081043000000875, 10.00000000000000000, 2.055619276894104381E-16 ) ) ;
#2274 = ADVANCED_FACE ( 'NONE', ( #587 ), #1011, .F. ) ;
#2275 = CARTESIAN_POINT ( 'NONE',  ( -2.715935615280957727, 10.00000000000000000, 1.973242727826057807 ) ) ;
#2276 = DIRECTION ( 'NONE',  ( -0.000000000000000000, -1.000000000000000000, -0.000000000000000000 ) ) ;
#2277 = AXIS2_PLACEMENT_3D ( 'NONE', #1910, #2462, #2080 ) ;
#2278 = DIRECTION ( 'NONE',  ( -0.000000000000000000, -1.000000000000000000, -0.000000000000000000 ) ) ;
#2279 = CARTESIAN_POINT ( 'NONE',  ( -2.472461737334660903, 3.100000000000000089, 0.2950000000000000955 ) ) ;
#2280 = VECTOR ( 'NONE', #1321, 100.0000000000000000 ) ;
#2281 = VERTEX_POINT ( 'NONE', #15 ) ;
#2282 = EDGE_LOOP ( 'NONE', ( #1365, #1037 ) ) ;
#2283 = CARTESIAN_POINT ( 'NONE',  ( 2.472461737334660903, 3.100000000000000089, -0.2950000000000000955 ) ) ;
#2284 = ORIENTED_EDGE ( 'NONE', *, *, #1301, .F. ) ;
#2285 = CARTESIAN_POINT ( 'NONE',  ( 0.000000000000000000, 14.00000000000000711, 0.000000000000000000 ) ) ;
#2286 = DIRECTION ( 'NONE',  ( 0.000000000000000000, 0.000000000000000000, -1.000000000000000000 ) ) ;
#2287 = ADVANCED_FACE ( 'NONE', ( #1767 ), #999, .F. ) ;
#2288 = CARTESIAN_POINT ( 'NONE',  ( -2.824300070006484198, 9.970376588390216455, -1.862069738242148498 ) ) ;
#2289 = CARTESIAN_POINT ( 'NONE',  ( 1.653261301398376348, 9.999999999982430055, -2.926372214504228353 ) ) ;
#2290 = CIRCLE ( 'NONE', #1083, 2.857081042999999987 ) ;
#2291 = LINE ( 'NONE', #357, #295 ) ;
#2292 = CARTESIAN_POINT ( 'NONE',  ( 1.203280529883864913, 10.00000000006630607, 3.138874356115528563 ) ) ;
#2293 = ORIENTED_EDGE ( 'NONE', *, *, #519, .T. ) ;
#2294 = VERTEX_POINT ( 'NONE', #2169 ) ;
#2295 = AXIS2_PLACEMENT_3D ( 'NONE', #148, #772, #2468 ) ;
#2296 = FACE_OUTER_BOUND ( 'NONE', #971, .T. ) ;
#2297 = EDGE_LOOP ( 'NONE', ( #480, #162, #1791 ) ) ;
#2298 = CARTESIAN_POINT ( 'NONE',  ( -3.321071493134357233, 9.248423588762905823, -2.103882683933398834 ) ) ;
#2299 = CARTESIAN_POINT ( 'NONE',  ( 3.294031201983606216, 9.999999999982414067, -0.6680461876868885041 ) ) ;
#2300 = CIRCLE ( 'NONE', #1757, 1.000000000000000222 ) ;
#2301 = DIRECTION ( 'NONE',  ( -0.000000000000000000, -1.000000000000000000, -0.000000000000000000 ) ) ;
#2302 = DIRECTION ( 'NONE',  ( 0.000000000000000000, 0.000000000000000000, -1.000000000000000000 ) ) ;
#2303 = CARTESIAN_POINT ( 'NONE',  ( 4.111238553788208762E-16, 16.00000000000000000, 3.357081043000000875 ) ) ;
#2304 = CARTESIAN_POINT ( 'NONE',  ( 1.463460508969173679, 9.558672630023956174, 3.404015267998925509 ) ) ;
#2305 = EDGE_CURVE ( 'NONE', #1961, #1026, #207, .T. ) ;
#2306 = ADVANCED_FACE ( 'NONE', ( #27 ), #1212, .F. ) ;
#2307 = ORIENTED_EDGE ( 'NONE', *, *, #1834, .T. ) ;
#2308 = ORIENTED_EDGE ( 'NONE', *, *, #2161, .T. ) ;
#2309 = AXIS2_PLACEMENT_3D ( 'NONE', #1257, #892, #1814 ) ;
#2310 = ORIENTED_EDGE ( 'NONE', *, *, #1768, .T. ) ;
#2311 = CARTESIAN_POINT ( 'NONE',  ( -2.472461737334660903, 3.100000000000000089, 0.2950000000000000955 ) ) ;
#2312 = CARTESIAN_POINT ( 'NONE',  ( -2.243196956924488283, 9.901912455097642507, 2.749662131773802809 ) ) ;
#2313 = DIRECTION ( 'NONE',  ( 8.659560562354980929E-17, 0.7071067811865435759, -0.7071067811865515695 ) ) ;
#2314 = LINE ( 'NONE', #1873, #2152 ) ;
#2315 = DIRECTION ( 'NONE',  ( 0.000000000000000000, 1.000000000000000000, 0.000000000000000000 ) ) ;
#2316 = ADVANCED_FACE ( 'NONE', ( #1025 ), #985, .F. ) ;
#2317 = ORIENTED_EDGE ( 'NONE', *, *, #2254, .F. ) ;
#2318 = ORIENTED_EDGE ( 'NONE', *, *, #2035, .F. ) ;
#2319 =( NAMED_UNIT ( * ) PLANE_ANGLE_UNIT ( ) SI_UNIT ( $, .RADIAN. ) );
#2320 = VERTEX_POINT ( 'NONE', #2332 ) ;
#2321 = ORIENTED_EDGE ( 'NONE', *, *, #2142, .F. ) ;
#2322 = DIRECTION ( 'NONE',  ( -0.3090169943749447312, 0.000000000000000000, 0.9510565162951545304 ) ) ;
#2323 = CARTESIAN_POINT ( 'NONE',  ( 0.9746438051627080990, 9.248423588762905823, -3.808662188134098514 ) ) ;
#2324 = CARTESIAN_POINT ( 'NONE',  ( -2.690033410434646388, 9.963456142832669116, -2.055744109577527734 ) ) ;
#2325 = LINE ( 'NONE', #1358, #358 ) ;
#2326 = DIRECTION ( 'NONE',  ( 0.000000000000000000, 1.000000000000000000, 0.000000000000000000 ) ) ;
#2327 = EDGE_CURVE ( 'NONE', #409, #1576, #1552, .T. ) ;
#2328 = ORIENTED_EDGE ( 'NONE', *, *, #1706, .F. ) ;
#2329 = ORIENTED_EDGE ( 'NONE', *, *, #1301, .T. ) ;
#2330 = ADVANCED_FACE ( 'NONE', ( #1727 ), #802, .T. ) ;
#2331 = EDGE_LOOP ( 'NONE', ( #1539, #316, #1887, #1195 ) ) ;
#2332 = CARTESIAN_POINT ( 'NONE',  ( -2.472461737334660903, 3.100000000000000089, -0.2950000000000000955 ) ) ;
#2333 = ORIENTED_EDGE ( 'NONE', *, *, #2334, .F. ) ;
#2334 = EDGE_CURVE ( 'NONE', #573, #454, #2346, .T. ) ;
#2335 = CARTESIAN_POINT ( 'NONE',  ( 1.052049825722711329, 8.916010612725225215, -4.046893423289868785 ) ) ;
#2336 = FACE_OUTER_BOUND ( 'NONE', #1908, .T. ) ;
#2337 = LINE ( 'NONE', #590, #1017 ) ;
#2338 = DIRECTION ( 'NONE',  ( -0.3090169943749582204, 0.000000000000000000, -0.9510565162951500895 ) ) ;
#2339 = AXIS2_PLACEMENT_3D ( 'NONE', #1936, #1771, #208 ) ;
#2340 = ORIENTED_EDGE ( 'NONE', *, *, #404, .T. ) ;
#2341 = CARTESIAN_POINT ( 'NONE',  ( 0.2905357785932188297, 9.981470843556019545, 3.372887775977471136 ) ) ;
#2342 = CARTESIAN_POINT ( 'NONE',  ( -2.373383960879621224, 0.000000000000000000, 2.033381377239837917 ) ) ;
#2343 = CARTESIAN_POINT ( 'NONE',  ( -3.057594919377311093, 9.999999999982385646, 1.395722242253764067 ) ) ;
#2344 = VERTEX_POINT ( 'NONE', #2439 ) ;
#2345 = VERTEX_POINT ( 'NONE', #69 ) ;
#2346 = LINE ( 'NONE', #2028, #48 ) ;
#2347 = AXIS2_PLACEMENT_3D ( 'NONE', #234, #209, #18 ) ;
#2348 = ADVANCED_FACE ( 'NONE', ( #1637 ), #1777, .F. ) ;
#2349 = CARTESIAN_POINT ( 'NONE',  ( -2.472461737334660903, 3.100000000000000089, 0.000000000000000000 ) ) ;
#2350 = MANIFOLD_SOLID_BREP ( 'Mirror1', #1629 ) ;
#2351 = DIRECTION ( 'NONE',  ( -0.000000000000000000, -1.000000000000000000, -0.000000000000000000 ) ) ;
#2352 = EDGE_CURVE ( 'NONE', #506, #2381, #2474, .T. ) ;
#2353 = VECTOR ( 'NONE', #1302, 100.0000000000000142 ) ;
#2354 = CARTESIAN_POINT ( 'NONE',  ( 0.07781418826114823439, 10.00000000000000000, -3.356179089586136755 ) ) ;
#2355 = CARTESIAN_POINT ( 'NONE',  ( 1.641644977083237755, 9.923048358812549097, 3.034482821821404386 ) ) ;
#2356 = VERTEX_POINT ( 'NONE', #1235 ) ;
#2357 = CARTESIAN_POINT ( 'NONE',  ( 2.472461737334660903, 1.300000000000000044, 0.2950000000000000955 ) ) ;
#2358 = LINE ( 'NONE', #2180, #1713 ) ;
#2359 = AXIS2_PLACEMENT_3D ( 'NONE', #1155, #2456, #2086 ) ;
#2360 = VERTEX_POINT ( 'NONE', #1074 ) ;
#2361 = CARTESIAN_POINT ( 'NONE',  ( 1.463460508969128382, 9.558672630024025452, -3.404015267998893091 ) ) ;
#2362 = ORIENTED_EDGE ( 'NONE', *, *, #161, .F. ) ;
#2363 = CIRCLE ( 'NONE', #1189, 2.857081042999999987 ) ;
#2364 = CARTESIAN_POINT ( 'NONE',  ( 0.000000000000000000, 10.00000000000000000, 0.000000000000000000 ) ) ;
#2365 = CARTESIAN_POINT ( 'NONE',  ( -2.035665573617893465, 0.000000000000000000, -2.669467887361992808 ) ) ;
#2366 = EDGE_CURVE ( 'NONE', #2232, #2385, #1836, .T. ) ;
#2367 =( BOUNDED_SURFACE ( )  B_SPLINE_SURFACE ( 3, 2, ( 
 ( #2275, #525, #1860 ),
 ( #321, #1152, #1480 ),
 ( #184, #1677, #577 ),
 ( #2494, #2108, #926 ),
 ( #1707, #1531, #2082 ),
 ( #1897, #2312, #172 ) ),
 .UNSPECIFIED., .F., .F., .F. ) 
 B_SPLINE_SURFACE_WITH_KNOTS ( ( 4, 2, 4 ),
 ( 3, 3 ),
 ( -3.579676697381728895E-05, 0.004522367639277606773, 0.009080532045529030732 ),
 ( 0.000000000000000000, 1.000000000000000000 ),
 .UNSPECIFIED. ) 
 GEOMETRIC_REPRESENTATION_ITEM ( )  RATIONAL_B_SPLINE_SURFACE ( (
 ( 1.000000000000000000, 1.000000000000000000, 1.000000000000000000),
 ( 1.000000000000000000, 0.9999971713164579334, 1.000000000000000000),
 ( 1.000000000000000000, 0.9972941864887483465, 1.000000000000000000),
 ( 1.000000000000000000, 0.9873438263594729314, 1.000000000000000000),
 ( 1.000000000000000000, 0.9800842286240006862, 1.000000000000000000),
 ( 1.000000000000000000, 0.9710943484845423468, 1.000000000000000000) ) ) 
 REPRESENTATION_ITEM ( '' )  SURFACE ( )  );
#2368 = LINE ( 'NONE', #633, #1530 ) ;
#2369 = CARTESIAN_POINT ( 'NONE',  ( -4.111508338186765421, 0.000000000000000000, 1.442100690066640878 ) ) ;
#2370 = ORIENTED_EDGE ( 'NONE', *, *, #636, .T. ) ;
#2371 = DIRECTION ( 'NONE',  ( 0.000000000000000000, 0.000000000000000000, -1.000000000000000000 ) ) ;
#2372 = LINE ( 'NONE', #1007, #510 ) ;
#2373 = CIRCLE ( 'NONE', #422, 2.857081042999999987 ) ;
#2374 = ORIENTED_EDGE ( 'NONE', *, *, #104, .F. ) ;
#2375 = CARTESIAN_POINT ( 'NONE',  ( -2.472461737334660903, 3.100000000000000089, 0.000000000000000000 ) ) ;
#2376 = DIRECTION ( 'NONE',  ( 0.000000000000000000, -0.000000000000000000, 1.000000000000000000 ) ) ;
#2377 = FACE_OUTER_BOUND ( 'NONE', #1306, .T. ) ;
#2378 = ORIENTED_EDGE ( 'NONE', *, *, #1169, .F. ) ;
#2379 = DIRECTION ( 'NONE',  ( -0.000000000000000000, -1.000000000000000000, -0.000000000000000000 ) ) ;
#2380 = CARTESIAN_POINT ( 'NONE',  ( 1.275159222854753693, 0.000000000000000000, -3.115519553082348736 ) ) ;
#2381 = VERTEX_POINT ( 'NONE', #1061 ) ;
#2382 = CARTESIAN_POINT ( 'NONE',  ( 0.000000000000000000, 10.00000000000000000, 0.000000000000000000 ) ) ;
#2383 = CARTESIAN_POINT ( 'NONE',  ( 0.07781418826119625154, 16.00000000000000000, 3.356179089586135866 ) ) ;
#2384 = EDGE_CURVE ( 'NONE', #2356, #1431, #1456, .T. ) ;
#2385 = VERTEX_POINT ( 'NONE', #2426 ) ;
#2386 = CARTESIAN_POINT ( 'NONE',  ( -2.472461737334660903, 1.300000000000000044, 0.2950000000000000955 ) ) ;
#2387 = ORIENTED_EDGE ( 'NONE', *, *, #1044, .F. ) ;
#2388 = LINE ( 'NONE', #2235, #1884 ) ;
#2389 = VECTOR ( 'NONE', #648, 100.0000000000000000 ) ;
#2390 = CARTESIAN_POINT ( 'NONE',  ( 3.498915154214531049E-16, 5.800000000000007816, 2.857081042999999987 ) ) ;
#2391 = ORIENTED_EDGE ( 'NONE', *, *, #459, .T. ) ;
#2392 = CARTESIAN_POINT ( 'NONE',  ( 0.000000000000000000, 10.00000000000000000, 0.000000000000000000 ) ) ;
#2393 = CARTESIAN_POINT ( 'NONE',  ( 3.923434491649405942, 9.248423588762943126, 0.2500000000000001110 ) ) ;
#2394 = AXIS2_PLACEMENT_3D ( 'NONE', #2065, #2246, #1878 ) ;
#2395 = ORIENTED_EDGE ( 'NONE', *, *, #320, .T. ) ;
#2396 = DIRECTION ( 'NONE',  ( 0.000000000000000000, 0.000000000000000000, 1.000000000000000000 ) ) ;
#2397 = CARTESIAN_POINT ( 'NONE',  ( 3.498915154214531049E-16, 10.00000000000000000, 2.857081042999999987 ) ) ;
#2398 = EDGE_CURVE ( 'NONE', #1807, #169, #1967, .T. ) ;
#2399 = ORIENTED_EDGE ( 'NONE', *, *, #820, .T. ) ;
#2400 = B_SPLINE_CURVE_WITH_KNOTS ( 'NONE', 3,
 ( #1760, #797, #829, #2179, #36, #77, #2341, #1599, #66, #844 ),
 .UNSPECIFIED., .F., .F.,
 ( 4, 2, 2, 2, 4 ),
 ( 0.000000000000000000, 0.001420190889712604149, 0.002840381779425208298, 0.004260572669137813531, 0.005680763558850419198 ),
 .UNSPECIFIED. ) ;
#2401 = CARTESIAN_POINT ( 'NONE',  ( -2.204062707040791658, 9.983559442420888885, -2.565335626690190995 ) ) ;
#2402 = AXIS2_PLACEMENT_3D ( 'NONE', #1039, #1825, #296 ) ;
#2403 = CARTESIAN_POINT ( 'NONE',  ( 3.393260857927951069, 9.923048358812550873, -0.6235903918165235371 ) ) ;
#2404 = CARTESIAN_POINT ( 'NONE',  ( 4.173925636049350629, 8.916010612725225215, -0.2500000000000000000 ) ) ;
#2405 = VECTOR ( 'NONE', #1811, 100.0000000000000000 ) ;
#2406 = FACE_BOUND ( 'NONE', #1307, .T. ) ;
#2407 = CARTESIAN_POINT ( 'NONE',  ( 3.572738462958666705, 9.713812937599833219, 0.8356804438990813599 ) ) ;
#2408 = VERTEX_POINT ( 'NONE', #2386 ) ;
#2409 = DIRECTION ( 'NONE',  ( 0.000000000000000000, 1.000000000000000000, 0.000000000000000000 ) ) ;
#2410 = PLANE ( 'NONE',  #1964 ) ;
#2411 = EDGE_CURVE ( 'NONE', #409, #287, #874, .T. ) ;
#2412 = VERTEX_POINT ( 'NONE', #1418 ) ;
#2413 =( LENGTH_UNIT ( ) NAMED_UNIT ( * ) SI_UNIT ( .CENTI., .METRE. ) );
#2414 = DIRECTION ( 'NONE',  ( 0.000000000000000000, 1.000000000000000000, 0.000000000000000000 ) ) ;
#2415 = CARTESIAN_POINT ( 'NONE',  ( 9.357081043000000875, 0.000000000000000000, -0.2500000000000000000 ) ) ;
#2416 = ADVANCED_FACE ( 'NONE', ( #1615 ), #1904, .T. ) ;
#2417 = AXIS2_PLACEMENT_3D ( 'NONE', #302, #2265, #2231 ) ;
#2418 = DIRECTION ( 'NONE',  ( -0.000000000000000000, 1.000000000000000000, 0.000000000000000000 ) ) ;
#2419 = CARTESIAN_POINT ( 'NONE',  ( -2.642045207455564260, 9.696027988004811249, 2.464643176003995961 ) ) ;
#2420 = B_SPLINE_CURVE_WITH_KNOTS ( 'NONE', 3,
 ( #936, #328, #1111, #141, #2272, #536, #1689, #339, #740, #1504 ),
 .UNSPECIFIED., .F., .F.,
 ( 4, 2, 2, 2, 4 ),
 ( 0.000000000000000000, 0.001482210797659549821, 0.002964421595319099642, 0.004446632392978649463, 0.005928843190638199284 ),
 .UNSPECIFIED. ) ;
#2421 = EDGE_LOOP ( 'NONE', ( #2500, #955, #1485, #482 ) ) ;
#2422 = CARTESIAN_POINT ( 'NONE',  ( 3.459806811615190991, 9.863678300712230396, 0.3345900691658950099 ) ) ;
#2423 = CARTESIAN_POINT ( 'NONE',  ( 3.327138270074599724, 9.966411336309317193, 0.7175532909177981811 ) ) ;
#2424 = VECTOR ( 'NONE', #1093, 100.0000000000000142 ) ;
#2425 = ORIENTED_EDGE ( 'NONE', *, *, #1703, .T. ) ;
#2426 = CARTESIAN_POINT ( 'NONE',  ( 3.129261189104547203, 0.000000000000000000, 8.821858650853229733 ) ) ;
#2427 = B_SPLINE_CURVE_WITH_KNOTS ( 'NONE', 3,
 ( #719, #2508, #1482, #771, #1327, #1116 ),
 .UNSPECIFIED., .F., .F.,
 ( 4, 2, 4 ),
 ( 0.000000000000000000, 0.002816304339577587780, 0.005632608679155175560 ),
 .UNSPECIFIED. ) ;
#2428 = LINE ( 'NONE', #80, #93 ) ;
#2429 = LINE ( 'NONE', #1652, #1789 ) ;
#2430 = EDGE_CURVE ( 'NONE', #375, #2408, #980, .T. ) ;
#2431 = CARTESIAN_POINT ( 'NONE',  ( 2.472461737334660903, 1.300000000000000044, 0.000000000000000000 ) ) ;
#2432 = CARTESIAN_POINT ( 'NONE',  ( 3.214398265626356554, 10.00000000000000000, 0.9683165387455927586 ) ) ;
#2433 = EDGE_CURVE ( 'NONE', #1748, #2360, #164, .T. ) ;
#2434 = CIRCLE ( 'NONE', #124, 2.840810430000000331 ) ;
#2435 = CARTESIAN_POINT ( 'NONE',  ( 0.5649749104120074250, 9.790271604656023641, -3.512447282347968436 ) ) ;
#2436 = CARTESIAN_POINT ( 'NONE',  ( 3.290990635213010052, 9.983559442420892438, 0.7798845639414855313 ) ) ;
#2437 = ORIENTED_EDGE ( 'NONE', *, *, #2411, .F. ) ;
#2438 = EDGE_LOOP ( 'NONE', ( #1084, #1287, #517, #1192 ) ) ;
#2439 = CARTESIAN_POINT ( 'NONE',  ( 1.037395093780965061, 10.00000000000000000, -3.192773801676085377 ) ) ;
#2440 = DIRECTION ( 'NONE',  ( 0.000000000000000000, 1.000000000000000000, 0.000000000000000000 ) ) ;
#2441 = DIRECTION ( 'NONE',  ( -1.000000000000000000, 0.000000000000000000, -0.000000000000000000 ) ) ;
#2442 = ADVANCED_FACE ( 'NONE', ( #2296 ), #1686, .T. ) ;
#2443 = EDGE_CURVE ( 'NONE', #1621, #1798, #38, .T. ) ;
#2444 = CARTESIAN_POINT ( 'NONE',  ( 1.052049825722711329, 8.916010612725225215, -4.046893423289868785 ) ) ;
#2445 = CARTESIAN_POINT ( 'NONE',  ( 3.422651567631663116, 9.912984974834730068, 0.6102560487585048099 ) ) ;
#2446 = DIRECTION ( 'NONE',  ( -0.000000000000000000, -1.000000000000000000, -0.000000000000000000 ) ) ;
#2447 = CARTESIAN_POINT ( 'NONE',  ( 0.5997550771332577080, 9.805385467609696093, 3.489171299431910622 ) ) ;
#2448 = ORIENTED_EDGE ( 'NONE', *, *, #488, .T. ) ;
#2449 =( BOUNDED_SURFACE ( )  B_SPLINE_SURFACE ( 3, 2, ( 
 ( #1861, #1851, #1643 ),
 ( #502, #879, #917 ),
 ( #1667, #1620, #1055 ),
 ( #273, #2445, #1632 ),
 ( #1067, #695, #683 ),
 ( #2432, #866, #2407 ) ),
 .UNSPECIFIED., .F., .F., .T. ) 
 B_SPLINE_SURFACE_WITH_KNOTS ( ( 4, 2, 4 ),
 ( 3, 3 ),
 ( -3.579676697383113286E-05, 0.004522367639277564272, 0.009080532045528959609 ),
 ( 0.000000000000000000, 1.000000000000000000 ),
 .UNSPECIFIED. ) 
 GEOMETRIC_REPRESENTATION_ITEM ( )  RATIONAL_B_SPLINE_SURFACE ( (
 ( 1.000000000000000000, 1.000000000000000000, 1.000000000000000000),
 ( 1.000000000000000000, 0.9999971713165848319, 1.000000000000000000),
 ( 1.000000000000000000, 0.9972941864885793706, 1.000000000000000000),
 ( 1.000000000000000000, 0.9873438263596416853, 1.000000000000000000),
 ( 1.000000000000000000, 0.9800842286238732326, 1.000000000000000000),
 ( 1.000000000000000000, 0.9710943484845423468, 1.000000000000000000) ) ) 
 REPRESENTATION_ITEM ( '' )  SURFACE ( )  );
#2450 = ORIENTED_EDGE ( 'NONE', *, *, #2227, .T. ) ;
#2451 = CARTESIAN_POINT ( 'NONE',  ( -3.114529665325678653, 9.974208040145734699, -1.351423499385419502 ) ) ;
#2452 = FACE_OUTER_BOUND ( 'NONE', #2471, .T. ) ;
#2453 = DIRECTION ( 'NONE',  ( 0.000000000000000000, 1.000000000000000000, 0.000000000000000000 ) ) ;
#2454 = CARTESIAN_POINT ( 'NONE',  ( -2.906876243541023364, 10.00000000001751488, -1.687304884418514339 ) ) ;
#2455 = CARTESIAN_POINT ( 'NONE',  ( -2.786394870510104482, 9.963456142831102369, -1.923113938101472353 ) ) ;
#2456 = DIRECTION ( 'NONE',  ( 0.000000000000000000, 1.000000000000000000, 0.000000000000000000 ) ) ;
#2457 = CARTESIAN_POINT ( 'NONE',  ( 3.394035279459522769, 9.921149882957843502, 0.6236719509287430574 ) ) ;
#2458 = EDGE_LOOP ( 'NONE', ( #1069, #191, #2510, #2154, #922, #1802, #2217, #163, #1319, #1877, #1648, #1978, #218, #1412 ) ) ;
#2459 = ORIENTED_EDGE ( 'NONE', *, *, #92, .F. ) ;
#2460 = CARTESIAN_POINT ( 'NONE',  ( -2.151916188040801092, 9.999999999966952657, -2.581121089840666460 ) ) ;
#2461 = EDGE_CURVE ( 'NONE', #832, #1151, #735, .T. ) ;
#2462 = DIRECTION ( 'NONE',  ( -0.000000000000000000, -1.000000000000000000, -0.000000000000000000 ) ) ;
#2463 = CARTESIAN_POINT ( 'NONE',  ( 0.07781418826119625154, 10.00000000000000000, 3.356179089586135866 ) ) ;
#2464 = AXIS2_PLACEMENT_3D ( 'NONE', #1251, #2414, #2197 ) ;
#2465 = FACE_OUTER_BOUND ( 'NONE', #1997, .T. ) ;
#2466 = CARTESIAN_POINT ( 'NONE',  ( 1.789813359264602166, 9.999999999966446396, -2.844204194458805457 ) ) ;
#2467 = CARTESIAN_POINT ( 'NONE',  ( -2.855005206535362827, 9.467393746898778772, 2.464643176003996405 ) ) ;
#2468 = DIRECTION ( 'NONE',  ( 0.000000000000000000, 0.000000000000000000, 1.000000000000000000 ) ) ;
#2469 = VECTOR ( 'NONE', #144, 100.0000000000000000 ) ;
#2470 = ORIENTED_EDGE ( 'NONE', *, *, #1450, .T. ) ;
#2471 = EDGE_LOOP ( 'NONE', ( #546, #1475, #24, #293, #775, #1184, #1813, #2137 ) ) ;
#2472 = ADVANCED_FACE ( 'NONE', ( #152 ), #194, .T. ) ;
#2473 = CARTESIAN_POINT ( 'NONE',  ( -2.690033410436822869, 9.963456142830528606, 2.055744109577278156 ) ) ;
#2474 = CIRCLE ( 'NONE', #696, 2.840810430000000331 ) ;
#2475 = ORIENTED_EDGE ( 'NONE', *, *, #567, .T. ) ;
#2476 = CARTESIAN_POINT ( 'NONE',  ( 0.000000000000000000, 16.00000000000000000, -3.154999999999999361 ) ) ;
#2477 = CYLINDRICAL_SURFACE ( 'NONE', #581, 3.154999999999999361 ) ;
#2478 = ORIENTED_EDGE ( 'NONE', *, *, #1311, .F. ) ;
#2479 = CARTESIAN_POINT ( 'NONE',  ( -3.275752279159681368, 9.748242275410989421, -1.525480316678475168 ) ) ;
#2480 = CARTESIAN_POINT ( 'NONE',  ( 1.037395093780964839, 10.00000000000000000, -3.192773801676084044 ) ) ;
#2481 = AXIS2_PLACEMENT_3D ( 'NONE', #146, #928, #2110 ) ;
#2482 = CIRCLE ( 'NONE', #664, 3.154999999999999361 ) ;
#2483 = CARTESIAN_POINT ( 'NONE',  ( 0.000000000000000000, 16.00000000000000000, -3.357081043000000875 ) ) ;
#2484 = CARTESIAN_POINT ( 'NONE',  ( 0.000000000000000000, 10.00000000000000000, 0.000000000000000000 ) ) ;
#2485 = CIRCLE ( 'NONE', #96, 0.2950000000000000955 ) ;
#2486 = ORIENTED_EDGE ( 'NONE', *, *, #1770, .T. ) ;
#2487 = VERTEX_POINT ( 'NONE', #738 ) ;
#2488 = EDGE_CURVE ( 'NONE', #1295, #2139, #1907, .T. ) ;
#2489 = CARTESIAN_POINT ( 'NONE',  ( -3.119476283796275951, 9.871130500805431751, -1.575137888194230840 ) ) ;
#2490 = EDGE_CURVE ( 'NONE', #1234, #1353, #787, .T. ) ;
#2491 = ORIENTED_EDGE ( 'NONE', *, *, #964, .F. ) ;
#2492 = DIRECTION ( 'NONE',  ( -0.8090169943749423442, 0.000000000000000000, 0.5877852522924802425 ) ) ;
#2493 = CARTESIAN_POINT ( 'NONE',  ( 3.429833113726388660, 9.903454741279610118, -0.7612987385081422254 ) ) ;
#2494 = CARTESIAN_POINT ( 'NONE',  ( -2.521639015937992223, 9.790271604656199500, 2.509545623009519666 ) ) ;
#2495 = CYLINDRICAL_SURFACE ( 'NONE', #1816, 2.857081042999999987 ) ;
#2496 = ADVANCED_FACE ( 'NONE', ( #1538 ), #354, .T. ) ;
#2497 = CIRCLE ( 'NONE', #1395, 2.857081042999999987 ) ;
#2498 = CARTESIAN_POINT ( 'NONE',  ( 3.115299544356275874, 0.000000000000000000, -0.2500000000000000000 ) ) ;
#2499 = CARTESIAN_POINT ( 'NONE',  ( 1.527578083870343661, 8.916010612725225215, 3.892384926102374187 ) ) ;
#2500 = ORIENTED_EDGE ( 'NONE', *, *, #1435, .F. ) ;
#2501 = ORIENTED_EDGE ( 'NONE', *, *, #2443, .T. ) ;
#2502 = AXIS2_PLACEMENT_3D ( 'NONE', #1263, #675, #494 ) ;
#2503 = CARTESIAN_POINT ( 'NONE',  ( -3.120108255375055428, 9.984741602501078006, -1.302340375622134783 ) ) ;
#2504 = ORIENTED_EDGE ( 'NONE', *, *, #2352, .T. ) ;
#2505 = CARTESIAN_POINT ( 'NONE',  ( 2.472461737334660903, 1.300000000000000044, -0.2950000000000000955 ) ) ;
#2506 = CARTESIAN_POINT ( 'NONE',  ( -2.568989302207868253, 0.000000000000000000, -2.175496976419756479 ) ) ;
#2507 = CARTESIAN_POINT ( 'NONE',  ( 1.898816233221896299, 9.713812937599829667, -3.139636737183562509 ) ) ;
#2508 = CARTESIAN_POINT ( 'NONE',  ( 1.476109117524390557, 9.833339162961905799, 3.182277958271690466 ) ) ;
#2509 = CARTESIAN_POINT ( 'NONE',  ( 0.1277231318803374593, 9.999999999999994671, -3.355021933239281218 ) ) ;
#2510 = ORIENTED_EDGE ( 'NONE', *, *, #365, .T. ) ;
#2511 = ORIENTED_EDGE ( 'NONE', *, *, #1563, .F. ) ;
#2512 = AXIS2_PLACEMENT_3D ( 'NONE', #247, #1742, #807 ) ;
#2513 = CARTESIAN_POINT ( 'NONE',  ( -2.943149407130559059, 9.886544988537975698, 1.805961675456092097 ) ) ;
#2514 = UNCERTAINTY_MEASURE_WITH_UNIT (LENGTH_MEASURE( 1.000000000000000082E-05 ), #1180, 'distance_accuracy_value', 'NONE');
#2515 = VERTEX_POINT ( 'NONE', #594 ) ;
ENDSEC;
END-ISO-10303-21;
