ISO-10303-21;
HEADER;
FILE_DESCRIPTION (( 'STEP AP214' ),
    '1' );
FILE_NAME ('FinCan.STEP',
    '2026-02-16T07:33:03',
    ( '' ),
    ( '' ),
    'SwSTEP 2.0',
    'SolidWorks 2025',
    '' );
FILE_SCHEMA (( 'AUTOMOTIVE_DESIGN' ));
ENDSEC;

DATA;
#1 = CARTESIAN_POINT ( 'NONE',  ( 2.472461737334660903, 3.100000000000000089, 0.000000000000000000 ) ) ;
#2 = ORIENTED_EDGE ( 'NONE', *, *, #2135, .F. ) ;
#3 = DIRECTION ( 'NONE',  ( -0.000000000000000000, -1.000000000000000000, -0.000000000000000000 ) ) ;
#4 = CARTESIAN_POINT ( 'NONE',  ( -2.786394870510104482, 9.963456142831102369, -1.923113938101472353 ) ) ;
#5 = CARTESIAN_POINT ( 'NONE',  ( -2.715935615280984372, 10.00000000000000000, -1.973242727826020060 ) ) ;
#6 = CARTESIAN_POINT ( 'NONE',  ( -3.184794395460840200, 9.558672630023956174, -1.893705696438424679 ) ) ;
#7 = ADVANCED_FACE ( 'NONE', ( #1818 ), #1424, .T. ) ;
#8 = CARTESIAN_POINT ( 'NONE',  ( 0.1469463130731171463, 0.000000000000000000, -0.2022542485937377232 ) ) ;
#9 = EDGE_LOOP ( 'NONE', ( #1858, #1574, #2223 ) ) ;
#10 = ORIENTED_EDGE ( 'NONE', *, *, #2244, .T. ) ;
#11 = ORIENTED_EDGE ( 'NONE', *, *, #1778, .T. ) ;
#12 = CARTESIAN_POINT ( 'NONE',  ( 0.9746438051627080990, 9.248423588762905823, -3.808662188134098514 ) ) ;
#13 = PRODUCT_DEFINITION_CONTEXT ( 'detailed design', #1587, 'design' ) ;
#14 = EDGE_LOOP ( 'NONE', ( #601, #400, #1723, #947 ) ) ;
#15 = CARTESIAN_POINT ( 'NONE',  ( 2.653732930956844704, 0.000000000000000000, -8.976367148040749200 ) ) ;
#16 = CARTESIAN_POINT ( 'NONE',  ( 0.1964298996220361082, 9.995768018300040580, 3.359340440724198462 ) ) ;
#17 = CYLINDRICAL_SURFACE ( 'NONE', #1664, 1.000000000000000222 ) ;
#18 = PLANE ( 'NONE',  #1369 ) ;
#19 = AXIS2_PLACEMENT_3D ( 'NONE', #1964, #56, #1596 ) ;
#20 = DIRECTION ( 'NONE',  ( -0.000000000000000000, -1.000000000000000000, -0.000000000000000000 ) ) ;
#21 = ORIENTED_EDGE ( 'NONE', *, *, #509, .T. ) ;
#22 = ORIENTED_EDGE ( 'NONE', *, *, #1564, .T. ) ;
#23 = ORIENTED_EDGE ( 'NONE', *, *, #854, .T. ) ;
#24 = MECHANICAL_DESIGN_GEOMETRIC_PRESENTATION_REPRESENTATION (  '', ( #2002 ), #864 ) ;
#25 = ADVANCED_FACE ( 'NONE', ( #602 ), #989, .F. ) ;
#26 = CARTESIAN_POINT ( 'NONE',  ( -2.410283778456723258, 9.912984974837909746, 2.505491629556376942 ) ) ;
#27 = ADVANCED_FACE ( 'NONE', ( #1803 ), #462, .T. ) ;
#28 = EDGE_LOOP ( 'NONE', ( #1434, #798, #1616, #358 ) ) ;
#29 = CARTESIAN_POINT ( 'NONE',  ( 3.343485208751793891, 10.00000000001758593, -0.3435606600054985638 ) ) ;
#30 = FACE_OUTER_BOUND ( 'NONE', #1612, .T. ) ;
#31 = CARTESIAN_POINT ( 'NONE',  ( 1.565671382664852063, 9.805385467609697869, 3.175326066852160345 ) ) ;
#32 = CARTESIAN_POINT ( 'NONE',  ( 3.422651567631663116, 9.912984974834730068, 0.6102560487585048099 ) ) ;
#33 = DIRECTION ( 'NONE',  ( 0.000000000000000000, 0.000000000000000000, -1.000000000000000000 ) ) ;
#34 = AXIS2_PLACEMENT_3D ( 'NONE', #994, #605, #1794 ) ;
#35 = ORIENTED_EDGE ( 'NONE', *, *, #1455, .F. ) ;
#36 = ORIENTED_EDGE ( 'NONE', *, *, #2218, .T. ) ;
#37 = VERTEX_POINT ( 'NONE', #1448 ) ;
#38 = CIRCLE ( 'NONE', #401, 2.857081042999999987 ) ;
#39 = EDGE_CURVE ( 'NONE', #1109, #2184, #1093, .T. ) ;
#40 = CARTESIAN_POINT ( 'NONE',  ( 3.290990635213010052, 9.983559442420892438, 0.7798845639414855313 ) ) ;
#41 = EDGE_LOOP ( 'NONE', ( #1583, #439, #1360, #1776, #1742 ) ) ;
#42 = CARTESIAN_POINT ( 'NONE',  ( 1.909759572204373201, 16.00000000000000000, 2.760943951920020734 ) ) ;
#43 = DIRECTION ( 'NONE',  ( -0.8090169943749423442, 0.000000000000000000, 0.5877852522924802425 ) ) ;
#44 = CARTESIAN_POINT ( 'NONE',  ( -3.057594919378200160, 9.999999999982485122, -1.395722242251781431 ) ) ;
#45 = CARTESIAN_POINT ( 'NONE',  ( 3.430995309725811016, 9.901912455097642507, 0.9060053041266538099 ) ) ;
#46 = CARTESIAN_POINT ( 'NONE',  ( 0.1009933094276399546, 9.999813094072873554, 3.355910417664811352 ) ) ;
#47 = VERTEX_POINT ( 'NONE', #1649 ) ;
#48 = LINE ( 'NONE', #811, #498 ) ;
#49 = ORIENTED_EDGE ( 'NONE', *, *, #653, .T. ) ;
#50 = DIRECTION ( 'NONE',  ( 0.000000000000000000, 0.000000000000000000, -1.000000000000000000 ) ) ;
#51 = CARTESIAN_POINT ( 'NONE',  ( -3.119476283796275951, 9.871130500805431751, -1.575137888194230840 ) ) ;
#52 = EDGE_LOOP ( 'NONE', ( #1829, #814, #1927, #1836 ) ) ;
#53 = FACE_OUTER_BOUND ( 'NONE', #1179, .T. ) ;
#54 = DIRECTION ( 'NONE',  ( 0.000000000000000000, 0.000000000000000000, -1.000000000000000000 ) ) ;
#55 = EDGE_CURVE ( 'NONE', #2037, #949, #1520, .T. ) ;
#56 = DIRECTION ( 'NONE',  ( 0.000000000000000000, 1.000000000000000000, 0.000000000000000000 ) ) ;
#57 = CARTESIAN_POINT ( 'NONE',  ( 3.515122724732094639, 9.790271604657243998, 0.5480828320014556887 ) ) ;
#58 = EDGE_CURVE ( 'NONE', #627, #704, #1341, .T. ) ;
#59 = CARTESIAN_POINT ( 'NONE',  ( 0.000000000000000000, 13.00000000000000000, 0.000000000000000000 ) ) ;
#60 = CARTESIAN_POINT ( 'NONE',  ( 3.215961899580620731, 16.00000000000000000, 0.9631106840419632054 ) ) ;
#61 = ORIENTED_EDGE ( 'NONE', *, *, #1079, .F. ) ;
#62 = AXIS2_PLACEMENT_3D ( 'NONE', #1950, #1118, #583 ) ;
#63 = CARTESIAN_POINT ( 'NONE',  ( 0.000000000000000000, 22.00000000000000000, 0.000000000000000000 ) ) ;
#64 = AXIS2_PLACEMENT_3D ( 'NONE', #610, #1384, #1398 ) ;
#65 = AXIS2_PLACEMENT_3D ( 'NONE', #1091, #872, #504 ) ;
#66 = CARTESIAN_POINT ( 'NONE',  ( -3.151346853594568564, 9.999999999999992895, -1.158230710728040069 ) ) ;
#67 = ORIENTED_EDGE ( 'NONE', *, *, #2505, .T. ) ;
#68 = LINE ( 'NONE', #1781, #2385 ) ;
#69 = CYLINDRICAL_SURFACE ( 'NONE', #1806, 1.000000000000000000 ) ;
#70 = EDGE_CURVE ( 'NONE', #1500, #2159, #839, .T. ) ;
#71 = DIRECTION ( 'NONE',  ( 0.000000000000000000, 0.000000000000000000, -1.000000000000000000 ) ) ;
#72 = CARTESIAN_POINT ( 'NONE',  ( 1.758724136632273893, 9.984741602501078006, 2.887569114404403336 ) ) ;
#73 = EDGE_CURVE ( 'NONE', #1838, #1374, #676, .T. ) ;
#74 = CYLINDRICAL_SURFACE ( 'NONE', #878, 0.2950000000000000955 ) ;
#75 = CARTESIAN_POINT ( 'NONE',  ( 3.689645070066659205, 9.558672630023956174, -0.3399350864722534005 ) ) ;
#76 = ORIENTED_EDGE ( 'NONE', *, *, #1413, .T. ) ;
#77 = VECTOR ( 'NONE', #2346, 100.0000000000000000 ) ;
#78 = VERTEX_POINT ( 'NONE', #886 ) ;
#79 = PRODUCT_DEFINITION_SHAPE ( 'NONE', 'NONE',  #1193 ) ;
#80 = DIRECTION ( 'NONE',  ( 0.5877852522924684742, 0.000000000000000000, -0.8090169943749506709 ) ) ;
#81 = VERTEX_POINT ( 'NONE', #1869 ) ;
#82 = DIRECTION ( 'NONE',  ( 0.000000000000000000, 0.000000000000000000, 1.000000000000000000 ) ) ;
#83 = DIRECTION ( 'NONE',  ( 0.3090169943749447867, 0.000000000000000000, -0.9510565162951545304 ) ) ;
#84 = AXIS2_PLACEMENT_3D ( 'NONE', #698, #2065, #1471 ) ;
#85 = CARTESIAN_POINT ( 'NONE',  ( 0.000000000000000000, 16.00000000000000000, -2.857081042999999987 ) ) ;
#86 = CARTESIAN_POINT ( 'NONE',  ( 3.401735212652071016, 9.940741915399460282, 0.1329192603051070065 ) ) ;
#87 = CARTESIAN_POINT ( 'NONE',  ( -3.229830459748082916, 8.916010612725225215, -2.655626181629007654 ) ) ;
#88 = CARTESIAN_POINT ( 'NONE',  ( 0.1009933094275562437, 0.000000000000000000, -4.355910417664814460 ) ) ;
#89 = EDGE_LOOP ( 'NONE', ( #1565, #159, #49, #2512 ) ) ;
#90 = EDGE_CURVE ( 'NONE', #1180, #1104, #98, .T. ) ;
#91 = ORIENTED_EDGE ( 'NONE', *, *, #1105, .T. ) ;
#92 = CARTESIAN_POINT ( 'NONE',  ( 9.357081043000000875, 0.000000000000000000, 0.2500000000000000000 ) ) ;
#93 = EDGE_LOOP ( 'NONE', ( #1376, #1219 ) ) ;
#94 = CARTESIAN_POINT ( 'NONE',  ( 1.726016550534794192, 9.972869472713544070, -2.924468235041748354 ) ) ;
#95 = CARTESIAN_POINT ( 'NONE',  ( 1.203280529883864913, 10.00000000006630607, 3.138874356115528563 ) ) ;
#96 = LINE ( 'NONE', #60, #1504 ) ;
#97 = ORIENTED_EDGE ( 'NONE', *, *, #923, .F. ) ;
#98 = LINE ( 'NONE', #1074, #2098 ) ;
#99 = EDGE_CURVE ( 'NONE', #1678, #2012, #288, .T. ) ;
#100 = AXIS2_PLACEMENT_3D ( 'NONE', #2400, #647, #1419 ) ;
#101 = CARTESIAN_POINT ( 'NONE',  ( 3.503733612091612049, 9.805385467609648131, 0.5078122535212917787 ) ) ;
#102 = ORIENTED_EDGE ( 'NONE', *, *, #390, .F. ) ;
#103 = ADVANCED_FACE ( 'NONE', ( #675 ), #1259, .F. ) ;
#104 = CARTESIAN_POINT ( 'NONE',  ( 0.6762986909385438894, 9.833339162961909352, 3.442152119121887122 ) ) ;
#105 = VECTOR ( 'NONE', #1001, 100.0000000000000000 ) ;
#106 = CARTESIAN_POINT ( 'NONE',  ( -2.035665573617893465, 0.000000000000000000, -2.669467887361992808 ) ) ;
#107 = CARTESIAN_POINT ( 'NONE',  ( -3.057594919377311093, 9.999999999982385646, 1.395722242253764067 ) ) ;
#108 = CARTESIAN_POINT ( 'NONE',  ( 1.753484430397067584, 9.748242275416032498, -3.159578380626736127 ) ) ;
#109 = ORIENTED_EDGE ( 'NONE', *, *, #534, .F. ) ;
#110 =( BOUNDED_CURVE ( )  B_SPLINE_CURVE ( 3, ( #417, #1452, #1473, #1285 ),
 .UNSPECIFIED., .F., .F. ) 
 B_SPLINE_CURVE_WITH_KNOTS ( ( 4, 4 ),
 ( 3.977921496213520758, 4.712388980384689674 ),
 .UNSPECIFIED. ) 
 CURVE ( )  GEOMETRIC_REPRESENTATION_ITEM ( )  RATIONAL_B_SPLINE_CURVE ( ( 1.000000000000000000, 0.9555493991423477107, 0.9555493991423477107, 1.000000000000000000 ) ) 
 REPRESENTATION_ITEM ( '' )  );
#111 = CARTESIAN_POINT ( 'NONE',  ( -2.995709616070024950, 9.863678300712271252, 1.762934367544249481 ) ) ;
#112 = EDGE_LOOP ( 'NONE', ( #729, #2403 ) ) ;
#113 = CARTESIAN_POINT ( 'NONE',  ( 2.653732930956844704, 2.037731070277506440, -8.976367148040749200 ) ) ;
#114 = CIRCLE ( 'NONE', #1676, 1.000000000000000000 ) ;
#115 = DIRECTION ( 'NONE',  ( 1.000000000000000000, 0.000000000000000000, -0.000000000000000000 ) ) ;
#116 = EDGE_CURVE ( 'NONE', #603, #2157, #1914, .T. ) ;
#117 = VECTOR ( 'NONE', #2386, 100.0000000000000000 ) ;
#118 = LINE ( 'NONE', #2045, #2249 ) ;
#119 = CARTESIAN_POINT ( 'NONE',  ( -3.523723085894284957, 0.000000000000000000, 2.251117684441582778 ) ) ;
#120 = CARTESIAN_POINT ( 'NONE',  ( -2.536095482391654610, 9.805385467609696093, 2.470271688199321414 ) ) ;
#121 = ORIENTED_EDGE ( 'NONE', *, *, #226, .T. ) ;
#122 = CARTESIAN_POINT ( 'NONE',  ( 0.000000000000000000, 0.000000000000000000, 0.000000000000000000 ) ) ;
#123 =( BOUNDED_CURVE ( )  B_SPLINE_CURVE ( 3, ( #1900, #1929, #203, #935 ),
 .UNSPECIFIED., .F., .T. ) 
 B_SPLINE_CURVE_WITH_KNOTS ( ( 4, 4 ),
 ( 1.570796326794896558, 2.305263810965988203 ),
 .UNSPECIFIED. ) 
 CURVE ( )  GEOMETRIC_REPRESENTATION_ITEM ( )  RATIONAL_B_SPLINE_CURVE ( ( 1.000000000000000000, 0.9555493991423570366, 0.9555493991423570366, 1.000000000000000000 ) ) 
 REPRESENTATION_ITEM ( '' )  );
#124 = CARTESIAN_POINT ( 'NONE',  ( 0.000000000000000000, 13.00000000000000000, -1.949999999999999956 ) ) ;
#125 = CARTESIAN_POINT ( 'NONE',  ( 1.710576001204710428, 9.966411336309317193, -2.942560371106169193 ) ) ;
#126 = EDGE_CURVE ( 'NONE', #366, #78, #2047, .T. ) ;
#127 = CARTESIAN_POINT ( 'NONE',  ( 1.387353167611095062, 9.863678300712273028, 3.187077795787625956 ) ) ;
#128 = CARTESIAN_POINT ( 'NONE',  ( -7.423091268457573833, 0.000000000000000000, -5.702208490174568212 ) ) ;
#129 = ADVANCED_FACE ( 'NONE', ( #132 ), #895, .F. ) ;
#130 = FACE_OUTER_BOUND ( 'NONE', #2175, .T. ) ;
#131 = ORIENTED_EDGE ( 'NONE', *, *, #2406, .F. ) ;
#132 = FACE_OUTER_BOUND ( 'NONE', #466, .T. ) ;
#133 = CARTESIAN_POINT ( 'NONE',  ( 0.1277231318803374593, 9.999999999999994671, -3.355021933239281218 ) ) ;
#134 = CARTESIAN_POINT ( 'NONE',  ( -2.855005206535362827, 9.467393746898778772, 2.464643176003996405 ) ) ;
#135 = CIRCLE ( 'NONE', #2491, 2.840810430000000331 ) ;
#136 = CIRCLE ( 'NONE', #2217, 0.2950000000000000955 ) ;
#137 = CARTESIAN_POINT ( 'NONE',  ( 1.123862791988339715, 9.963456142832519902, 3.193633669991329693 ) ) ;
#138 = CARTESIAN_POINT ( 'NONE',  ( 1.783914846119032616, 9.903454741278565621, 3.026710884623726283 ) ) ;
#139 = EDGE_CURVE ( 'NONE', #1954, #2358, #1882, .T. ) ;
#140 = DIRECTION ( 'NONE',  ( 0.000000000000000000, 1.000000000000000000, 0.000000000000000000 ) ) ;
#141 = ORIENTED_EDGE ( 'NONE', *, *, #116, .F. ) ;
#142 = ADVANCED_FACE ( 'NONE', ( #2511 ), #367, .T. ) ;
#143 = EDGE_CURVE ( 'NONE', #2393, #2037, #1845, .T. ) ;
#144 = CARTESIAN_POINT ( 'NONE',  ( -7.716983894603808736, 2.037731070277506440, -5.297699992987093154 ) ) ;
#145 = ORIENTED_EDGE ( 'NONE', *, *, #73, .T. ) ;
#146 = DIRECTION ( 'NONE',  ( 0.000000000000000000, 1.000000000000000000, 0.000000000000000000 ) ) ;
#147 = CARTESIAN_POINT ( 'NONE',  ( 0.000000000000000000, 10.00000000000000000, 0.000000000000000000 ) ) ;
#148 = B_SPLINE_CURVE_WITH_KNOTS ( 'NONE', 3,
 ( #658, #1252, #2410, #2001, #104, #1273 ),
 .UNSPECIFIED., .F., .F.,
 ( 4, 2, 4 ),
 ( -3.579676697374797455E-05, 0.002780507572603816997, 0.005596811912181381791 ),
 .UNSPECIFIED. ) ;
#149 = AXIS2_PLACEMENT_3D ( 'NONE', #1099, #766, #1495 ) ;
#150 = LINE ( 'NONE', #1098, #1593 ) ;
#151 = CARTESIAN_POINT ( 'NONE',  ( 3.365674021448153308, 9.943408935941578264, -0.6593070556166406027 ) ) ;
#152 = CARTESIAN_POINT ( 'NONE',  ( 1.463460508969128382, 9.558672630024025452, -3.404015267998893091 ) ) ;
#153 = AXIS2_PLACEMENT_3D ( 'NONE', #2460, #707, #518 ) ;
#154 = CARTESIAN_POINT ( 'NONE',  ( -2.606645601104177423, 9.734033069562727292, 2.464643176003995961 ) ) ;
#155 = CARTESIAN_POINT ( 'NONE',  ( 0.000000000000000000, 16.00000000000000000, -3.149999999999999911 ) ) ;
#156 = VERTEX_POINT ( 'NONE', #169 ) ;
#157 = DIRECTION ( 'NONE',  ( -0.8090169943749506709, 0.000000000000000000, -0.5877852522924684742 ) ) ;
#158 = ORIENTED_EDGE ( 'NONE', *, *, #681, .T. ) ;
#159 = ORIENTED_EDGE ( 'NONE', *, *, #2326, .T. ) ;
#160 = ADVANCED_FACE ( 'NONE', ( #2496 ), #586, .F. ) ;
#161 = DIRECTION ( 'NONE',  ( -0.000000000000000000, 1.000000000000000000, -0.000000000000000000 ) ) ;
#162 = CARTESIAN_POINT ( 'NONE',  ( 0.000000000000000000, 1.300000000000000044, 0.000000000000000000 ) ) ;
#163 = FACE_OUTER_BOUND ( 'NONE', #1638, .T. ) ;
#164 = CARTESIAN_POINT ( 'NONE',  ( 3.314054231273632301, 9.974208040145740028, -0.7373500275053624931 ) ) ;
#165 = DIRECTION ( 'NONE',  ( 0.000000000000000000, 0.000000000000000000, 1.000000000000000000 ) ) ;
#166 = CARTESIAN_POINT ( 'NONE',  ( -2.715935615280985260, 10.00000000000000000, -1.973242727826018950 ) ) ;
#167 = CARTESIAN_POINT ( 'NONE',  ( 0.07237993675757405099, 10.00000000000000000, 3.356300682898500476 ) ) ;
#168 = ORIENTED_EDGE ( 'NONE', *, *, #1144, .F. ) ;
#169 = CARTESIAN_POINT ( 'NONE',  ( -2.472461737334660903, 1.300000000000000044, -0.2950000000000000955 ) ) ;
#170 = VERTEX_POINT ( 'NONE', #144 ) ;
#171 = VERTEX_POINT ( 'NONE', #1357 ) ;
#172 = ORIENTED_EDGE ( 'NONE', *, *, #451, .T. ) ;
#173 = ADVANCED_FACE ( 'NONE', ( #2278 ), #960, .F. ) ;
#174 = DIRECTION ( 'NONE',  ( 0.000000000000000000, 1.000000000000000000, 0.000000000000000000 ) ) ;
#175 = DIRECTION ( 'NONE',  ( -0.000000000000000000, -1.000000000000000000, -0.000000000000000000 ) ) ;
#176 = EDGE_CURVE ( 'NONE', #356, #2184, #1515, .T. ) ;
#177 = LINE ( 'NONE', #15, #1668 ) ;
#178 = CARTESIAN_POINT ( 'NONE',  ( -2.856629218990241803, 9.928689621219506378, -1.871016121387886200 ) ) ;
#179 = CIRCLE ( 'NONE', #298, 1.949999999999999956 ) ;
#180 =( NAMED_UNIT ( * ) PLANE_ANGLE_UNIT ( ) SI_UNIT ( $, .RADIAN. ) );
#181 = VECTOR ( 'NONE', #939, 100.0000000000000000 ) ;
#182 = FACE_OUTER_BOUND ( 'NONE', #443, .T. ) ;
#183 = LINE ( 'NONE', #1941, #1248 ) ;
#184 = VERTEX_POINT ( 'NONE', #1692 ) ;
#185 = CARTESIAN_POINT ( 'NONE',  ( 2.388061258337338643E-16, 1.300000000000000044, 1.949999999999999956 ) ) ;
#186 = VERTEX_POINT ( 'NONE', #1330 ) ;
#187 = ORIENTED_EDGE ( 'NONE', *, *, #1970, .F. ) ;
#188 = VERTEX_POINT ( 'NONE', #2470 ) ;
#189 = CARTESIAN_POINT ( 'NONE',  ( -2.151916188042064970, 9.999999999966973974, 2.581121089839656602 ) ) ;
#190 = B_SPLINE_CURVE_WITH_KNOTS ( 'NONE', 3,
 ( #31, #2068, #127, #901, #137, #2231 ),
 .UNSPECIFIED., .F., .F.,
 ( 4, 2, 4 ),
 ( 0.000000000000000000, 0.002816304339577587780, 0.005632608679155175560 ),
 .UNSPECIFIED. ) ;
#191 = FACE_OUTER_BOUND ( 'NONE', #2437, .T. ) ;
#192 = EDGE_LOOP ( 'NONE', ( #1457, #2428 ) ) ;
#193 = DIRECTION ( 'NONE',  ( 0.5877852522924802425, 0.000000000000000000, 0.8090169943749423442 ) ) ;
#194 = CARTESIAN_POINT ( 'NONE',  ( 0.5369462401892133308, 9.868537451434058028, 3.455040489959310790 ) ) ;
#195 = EDGE_CURVE ( 'NONE', #2170, #1013, #1121, .T. ) ;
#196 = VECTOR ( 'NONE', #83, 99.99999999999998579 ) ;
#197 = CARTESIAN_POINT ( 'NONE',  ( -2.536095482391654610, 9.805385467609696093, 2.470271688199321414 ) ) ;
#198 = CARTESIAN_POINT ( 'NONE',  ( 0.3825619414310632571, 9.999999999982591703, 3.339247464548083411 ) ) ;
#199 = CARTESIAN_POINT ( 'NONE',  ( -2.568989302207868253, 0.000000000000000000, -2.175496976419756479 ) ) ;
#200 = VERTEX_POINT ( 'NONE', #185 ) ;
#201 = ORIENTED_EDGE ( 'NONE', *, *, #2472, .F. ) ;
#202 = ORIENTED_EDGE ( 'NONE', *, *, #970, .T. ) ;
#203 = CARTESIAN_POINT ( 'NONE',  ( 1.463460508969173679, 9.558672630023956174, 3.404015267998925509 ) ) ;
#204 = VERTEX_POINT ( 'NONE', #716 ) ;
#205 = CARTESIAN_POINT ( 'NONE',  ( 0.000000000000000000, 0.000000000000000000, -0.2500000000000000000 ) ) ;
#206 = PLANE ( 'NONE',  #1039 ) ;
#207 = CARTESIAN_POINT ( 'NONE',  ( 0.000000000000000000, 0.000000000000000000, -3.357081043000000875 ) ) ;
#208 = EDGE_CURVE ( 'NONE', #1788, #1971, #552, .T. ) ;
#209 = FACE_OUTER_BOUND ( 'NONE', #1884, .T. ) ;
#210 = FACE_OUTER_BOUND ( 'NONE', #353, .T. ) ;
#211 = ADVANCED_FACE ( 'NONE', ( #1107 ), #1135, .F. ) ;
#212 = CARTESIAN_POINT ( 'NONE',  ( -2.472461737334660903, 3.100000000000000089, 0.000000000000000000 ) ) ;
#213 = EDGE_LOOP ( 'NONE', ( #413, #1331, #398, #2367 ) ) ;
#214 = ORIENTED_EDGE ( 'NONE', *, *, #2375, .T. ) ;
#215 = VERTEX_POINT ( 'NONE', #906 ) ;
#216 = FACE_OUTER_BOUND ( 'NONE', #112, .T. ) ;
#217 = VERTEX_POINT ( 'NONE', #528 ) ;
#218 = CARTESIAN_POINT ( 'NONE',  ( 2.472461737334660903, 3.100000000000000089, 0.000000000000000000 ) ) ;
#219 = CARTESIAN_POINT ( 'NONE',  ( -2.472461737334660903, 3.100000000000000089, 0.2950000000000000955 ) ) ;
#220 = CARTESIAN_POINT ( 'NONE',  ( -3.308270069453327356, 9.901912455097642507, -1.283714755709153277 ) ) ;
#221 = CARTESIAN_POINT ( 'NONE',  ( 3.129261189104547203, 2.037731070277506440, 8.821858650853229733 ) ) ;
#222 = DIRECTION ( 'NONE',  ( -0.000000000000000000, 0.000000000000000000, -1.000000000000000000 ) ) ;
#223 = ORIENTED_EDGE ( 'NONE', *, *, #2053, .F. ) ;
#224 = ORIENTED_EDGE ( 'NONE', *, *, #923, .T. ) ;
#225 = AXIS2_PLACEMENT_3D ( 'NONE', #1713, #1114, #1698 ) ;
#226 = EDGE_CURVE ( 'NONE', #1238, #1211, #1300, .T. ) ;
#227 = CIRCLE ( 'NONE', #2252, 1.000000000000000222 ) ;
#228 = ORIENTED_EDGE ( 'NONE', *, *, #606, .F. ) ;
#229 = CARTESIAN_POINT ( 'NONE',  ( -3.321071493134326147, 9.248423588762905823, 2.103882683933447240 ) ) ;
#230 = ORIENTED_EDGE ( 'NONE', *, *, #309, .F. ) ;
#231 = CARTESIAN_POINT ( 'NONE',  ( 3.357081043000000875, 10.00000000000000000, 2.055619276894104381E-16 ) ) ;
#232 = CARTESIAN_POINT ( 'NONE',  ( -2.715935615280986593, 10.00000000000000000, -1.973242727826019394 ) ) ;
#233 = DIRECTION ( 'NONE',  ( -0.000000000000000000, -1.000000000000000000, -0.000000000000000000 ) ) ;
#234 = DIRECTION ( 'NONE',  ( 0.9510565162951545304, 0.000000000000000000, 0.3090169943749447312 ) ) ;
#235 = PLANE ( 'NONE',  #512 ) ;
#236 = AXIS2_PLACEMENT_3D ( 'NONE', #1308, #2138, #1674 ) ;
#237 = ORIENTED_EDGE ( 'NONE', *, *, #254, .F. ) ;
#238 = DIRECTION ( 'NONE',  ( 0.000000000000000000, 0.000000000000000000, 1.000000000000000000 ) ) ;
#239 = ORIENTED_EDGE ( 'NONE', *, *, #2116, .F. ) ;
#240 = VECTOR ( 'NONE', #559, 100.0000000000000000 ) ;
#241 = ORIENTED_EDGE ( 'NONE', *, *, #592, .T. ) ;
#242 = ADVANCED_FACE ( 'NONE', ( #1528 ), #2482, .F. ) ;
#243 = CARTESIAN_POINT ( 'NONE',  ( 1.275159222854753693, 10.00000000000000000, -3.115519553082348736 ) ) ;
#244 = VERTEX_POINT ( 'NONE', #381 ) ;
#245 = CARTESIAN_POINT ( 'NONE',  ( 4.173925636049350629, 8.916010612725225215, 0.2500000000000000000 ) ) ;
#246 = CARTESIAN_POINT ( 'NONE',  ( 4.173925636049350629, 16.00000000000000000, -1.250000000000000000 ) ) ;
#247 = CARTESIAN_POINT ( 'NONE',  ( -3.381606773543705646, 9.713812937599833219, -1.423923297844006619 ) ) ;
#248 = CARTESIAN_POINT ( 'NONE',  ( 1.052049825722768617, 8.916010612725225215, 4.046893423289852798 ) ) ;
#249 = CARTESIAN_POINT ( 'NONE',  ( 0.08555019853414656816, 10.00000000000000000, 3.355999727477111616 ) ) ;
#250 = ORIENTED_EDGE ( 'NONE', *, *, #1125, .F. ) ;
#251 = FILL_AREA_STYLE_COLOUR ( '', #937 ) ;
#252 = ORIENTED_EDGE ( 'NONE', *, *, #1481, .T. ) ;
#253 = EDGE_LOOP ( 'NONE', ( #861, #1261, #2100, #1802 ) ) ;
#254 = EDGE_CURVE ( 'NONE', #704, #2203, #2267, .T. ) ;
#255 = CARTESIAN_POINT ( 'NONE',  ( 3.279664141595764359, 9.987804755510801158, 0.8017723493579397287 ) ) ;
#256 = EDGE_LOOP ( 'NONE', ( #1825, #2293 ) ) ;
#257 = CARTESIAN_POINT ( 'NONE',  ( -2.035665573617854829, 10.00000000000000000, 2.669467887362022562 ) ) ;
#258 = ADVANCED_FACE ( 'NONE', ( #2181 ), #809, .F. ) ;
#259 = CARTESIAN_POINT ( 'NONE',  ( 2.472461737334660903, 1.300000000000000044, 0.000000000000000000 ) ) ;
#260 = CARTESIAN_POINT ( 'NONE',  ( -2.715935615280957727, 10.00000000000000000, 1.973242727826057807 ) ) ;
#261 = CARTESIAN_POINT ( 'NONE',  ( -2.667276587025884993, 0.000000000000000000, -1.628872880052328220 ) ) ;
#262 = CARTESIAN_POINT ( 'NONE',  ( 4.173925636049350629, 8.916010612725225215, -0.2500000000000000000 ) ) ;
#263 = ORIENTED_EDGE ( 'NONE', *, *, #681, .F. ) ;
#264 = VECTOR ( 'NONE', #175, 100.0000000000000000 ) ;
#265 = DIRECTION ( 'NONE',  ( 0.000000000000000000, 0.000000000000000000, -1.000000000000000000 ) ) ;
#266 = VECTOR ( 'NONE', #2121, 100.0000000000000000 ) ;
#267 = CARTESIAN_POINT ( 'NONE',  ( -3.120108255375055428, 9.984741602501078006, -1.302340375622134783 ) ) ;
#268 = EDGE_LOOP ( 'NONE', ( #1880, #800, #2254, #760 ) ) ;
#269 = CARTESIAN_POINT ( 'NONE',  ( 0.000000000000000000, 13.00000000000000000, 0.000000000000000000 ) ) ;
#270 = DIRECTION ( 'NONE',  ( -0.000000000000000000, -1.000000000000000000, -0.000000000000000000 ) ) ;
#271 = EDGE_CURVE ( 'NONE', #1374, #1838, #1809, .T. ) ;
#272 = DIRECTION ( 'NONE',  ( 0.000000000000000000, -1.000000000000000000, 0.000000000000000000 ) ) ;
#273 = DIRECTION ( 'NONE',  ( -0.6018150231520466020, 0.7986355100472940505, 0.000000000000000000 ) ) ;
#274 = LINE ( 'NONE', #1041, #2103 ) ;
#275 = CARTESIAN_POINT ( 'NONE',  ( 0.000000000000000000, 16.00000000000000000, -3.357081043000000875 ) ) ;
#276 = VERTEX_POINT ( 'NONE', #1557 ) ;
#277 = VERTEX_POINT ( 'NONE', #1372 ) ;
#278 = AXIS2_PLACEMENT_3D ( 'NONE', #2268, #2030, #2438 ) ;
#279 = EDGE_LOOP ( 'NONE', ( #1740, #2484, #1033, #487, #2368 ) ) ;
#280 = DIRECTION ( 'NONE',  ( 0.000000000000000000, 0.000000000000000000, -1.000000000000000000 ) ) ;
#281 = VECTOR ( 'NONE', #1126, 100.0000000000000000 ) ;
#282 = CARTESIAN_POINT ( 'NONE',  ( 1.037395093780964839, 10.00000000000000000, -3.192773801676084044 ) ) ;
#283 = DIRECTION ( 'NONE',  ( 0.000000000000000000, 1.000000000000000000, 0.000000000000000000 ) ) ;
#284 = ADVANCED_FACE ( 'NONE', ( #1761 ), #1322, .F. ) ;
#285 = DIRECTION ( 'NONE',  ( 0.000000000000000000, 1.000000000000000000, 0.000000000000000000 ) ) ;
#286 = ORIENTED_EDGE ( 'NONE', *, *, #325, .T. ) ;
#287 = EDGE_CURVE ( 'NONE', #1789, #1183, #1886, .T. ) ;
#288 = LINE ( 'NONE', #1435, #313 ) ;
#289 = DIRECTION ( 'NONE',  ( 0.3090169943749447312, 0.000000000000000000, -0.9510565162951545304 ) ) ;
#290 = VERTEX_POINT ( 'NONE', #785 ) ;
#291 = CARTESIAN_POINT ( 'NONE',  ( 1.565671382664970190, 9.805385467609646355, -3.175326066852171003 ) ) ;
#292 = DIRECTION ( 'NONE',  ( 0.2467919449159157175, 0.6018150231520468241, -0.7595475059751832791 ) ) ;
#293 = CARTESIAN_POINT ( 'NONE',  ( 1.341895239146373875, 9.946472080085440481, 3.136247677373789955 ) ) ;
#294 = CARTESIAN_POINT ( 'NONE',  ( 1.037395093780964173, 10.00000000000000000, -3.192773801676084489 ) ) ;
#295 = EDGE_LOOP ( 'NONE', ( #1299, #920, #2226, #1529 ) ) ;
#296 = CARTESIAN_POINT ( 'NONE',  ( -2.379247045566503793, 9.921149882957839949, -2.499525090242987968 ) ) ;
#297 = EDGE_CURVE ( 'NONE', #1848, #918, #753, .T. ) ;
#298 = AXIS2_PLACEMENT_3D ( 'NONE', #943, #378, #1701 ) ;
#299 = DIRECTION ( 'NONE',  ( 0.000000000000000000, 1.000000000000000000, -0.000000000000000000 ) ) ;
#300 = ORIENTED_EDGE ( 'NONE', *, *, #2302, .T. ) ;
#301 = CARTESIAN_POINT ( 'NONE',  ( 9.357081043000000875, 2.037731070277506440, -0.2500000000000000000 ) ) ;
#302 = VECTOR ( 'NONE', #2260, 100.0000000000000000 ) ;
#303 = B_SPLINE_CURVE_WITH_KNOTS ( 'NONE', 3,
 ( #291, #1460, #1240, #1830, #680, #2420, #847, #125, #94, #2441, #480, #1078, #1808, #312 ),
 .UNSPECIFIED., .F., .F.,
 ( 4, 2, 2, 2, 2, 2, 4 ),
 ( 0.000000000000000000, 0.001477386591378128345, 0.002216079887067205854, 0.002954773182756283145, 0.003693466478445360437, 0.004432159774134437728, 0.005909546365512571495 ),
 .UNSPECIFIED. ) ;
#304 = CARTESIAN_POINT ( 'NONE',  ( 0.000000000000000000, 16.00000000000000000, -2.857081042999999987 ) ) ;
#305 = CARTESIAN_POINT ( 'NONE',  ( 1.753484430396985649, 9.748242275414478186, 3.159578380627984462 ) ) ;
#306 = CARTESIAN_POINT ( 'NONE',  ( 1.607490408099782719, 9.790271604656012983, -3.173713463521172340 ) ) ;
#307 = ORIENTED_EDGE ( 'NONE', *, *, #2307, .F. ) ;
#308 = CARTESIAN_POINT ( 'NONE',  ( -2.642045207455564260, 0.000000000000000000, 3.464643176003995961 ) ) ;
#309 = EDGE_CURVE ( 'NONE', #662, #1501, #38, .T. ) ;
#310 = FACE_BOUND ( 'NONE', #2114, .T. ) ;
#311 = AXIS2_PLACEMENT_3D ( 'NONE', #1852, #888, #1639 ) ;
#312 = CARTESIAN_POINT ( 'NONE',  ( 1.909759572204334122, 10.00000000000000000, -2.760943951920048267 ) ) ;
#313 = VECTOR ( 'NONE', #485, 100.0000000000000000 ) ;
#314 = CONICAL_SURFACE ( 'NONE', #478, 1.857081042999982445, 0.7853981633974531640 ) ;
#315 = DIRECTION ( 'NONE',  ( 0.000000000000000000, 1.000000000000000000, 0.000000000000000000 ) ) ;
#316 = CARTESIAN_POINT ( 'NONE',  ( 1.037395093781010136, 10.00000000000000000, 3.192773801676069390 ) ) ;
#317 = CARTESIAN_POINT ( 'NONE',  ( 1.177607719723432256, 9.940741915390084671, -3.194168130398147731 ) ) ;
#318 = VERTEX_POINT ( 'NONE', #433 ) ;
#319 = CARTESIAN_POINT ( 'NONE',  ( -2.182034063744627606, 9.987804755510797605, -2.576385671152931600 ) ) ;
#320 = CARTESIAN_POINT ( 'NONE',  ( 0.000000000000000000, 10.00000000000000000, 0.000000000000000000 ) ) ;
#321 = CARTESIAN_POINT ( 'NONE',  ( -3.523723085894317375, 8.916010612725225215, -2.251117684441532152 ) ) ;
#322 = EDGE_CURVE ( 'NONE', #904, #156, #1728, .T. ) ;
#323 = CARTESIAN_POINT ( 'NONE',  ( 0.000000000000000000, 0.000000000000000000, 0.000000000000000000 ) ) ;
#324 = FACE_OUTER_BOUND ( 'NONE', #1751, .T. ) ;
#325 = EDGE_CURVE ( 'NONE', #217, #2200, #1408, .T. ) ;
#326 = ADVANCED_FACE ( 'NONE', ( #2364 ), #624, .F. ) ;
#327 = DIRECTION ( 'NONE',  ( -0.3090169943749447312, 0.000000000000000000, 0.9510565162951545304 ) ) ;
#328 = ORIENTED_EDGE ( 'NONE', *, *, #1177, .F. ) ;
#329 = DIRECTION ( 'NONE',  ( 0.000000000000000000, 0.000000000000000000, 1.000000000000000000 ) ) ;
#330 = CARTESIAN_POINT ( 'NONE',  ( 0.000000000000000000, 16.00000000000000000, -3.357081043000000875 ) ) ;
#331 = CARTESIAN_POINT ( 'NONE',  ( 2.274268355067156888E-16, 13.00000000000000000, -1.857081042999982445 ) ) ;
#332 = AXIS2_PLACEMENT_3D ( 'NONE', #1619, #659, #456 ) ;
#333 = AXIS2_PLACEMENT_3D ( 'NONE', #334, #2330, #1976 ) ;
#334 = CARTESIAN_POINT ( 'NONE',  ( 0.000000000000000000, 10.00000000000000000, 0.000000000000000000 ) ) ;
#335 = LINE ( 'NONE', #723, #2303 ) ;
#336 = CARTESIAN_POINT ( 'NONE',  ( 2.478634600165493751, 0.000000000000000000, 3.583367931727416078 ) ) ;
#337 = ADVANCED_FACE ( 'NONE', ( #1953 ), #235, .T. ) ;
#338 = CARTESIAN_POINT ( 'NONE',  ( 1.638045492003194381, 9.912984974836849261, -3.066555586421745527 ) ) ;
#339 = LINE ( 'NONE', #2480, #710 ) ;
#340 = ORIENTED_EDGE ( 'NONE', *, *, #606, .T. ) ;
#341 = DIRECTION ( 'NONE',  ( 0.000000000000000000, 0.000000000000000000, -1.000000000000000000 ) ) ;
#342 = ORIENTED_EDGE ( 'NONE', *, *, #1442, .F. ) ;
#343 = ORIENTED_EDGE ( 'NONE', *, *, #1139, .F. ) ;
#344 = FACE_BOUND ( 'NONE', #2381, .T. ) ;
#345 = CARTESIAN_POINT ( 'NONE',  ( 0.000000000000000000, 10.00000000000000000, 0.000000000000000000 ) ) ;
#346 = AXIS2_PLACEMENT_3D ( 'NONE', #2334, #2493, #740 ) ;
#347 = CARTESIAN_POINT ( 'NONE',  ( 2.388061258337338643E-16, 13.00000000000000000, 1.949999999999999956 ) ) ;
#348 = CARTESIAN_POINT ( 'NONE',  ( 0.000000000000000000, 10.00000000000000000, 0.000000000000000000 ) ) ;
#349 = DIRECTION ( 'NONE',  ( -0.000000000000000000, -1.000000000000000000, -0.000000000000000000 ) ) ;
#350 = CIRCLE ( 'NONE', #1203, 3.149999999999999911 ) ;
#351 = CARTESIAN_POINT ( 'NONE',  ( -2.247722721435447379, 9.974208040145736476, 2.544480905494801881 ) ) ;
#352 = CARTESIAN_POINT ( 'NONE',  ( 0.2237918556063839826, 9.999999999966663111, 3.353035425721054175 ) ) ;
#353 = EDGE_LOOP ( 'NONE', ( #614, #2083, #786, #1729, #1545 ) ) ;
#354 = EDGE_CURVE ( 'NONE', #369, #1238, #1190, .T. ) ;
#355 = CARTESIAN_POINT ( 'NONE',  ( -3.138470898153000732, 9.997514792513996440, 1.206209339351136833 ) ) ;
#356 = VERTEX_POINT ( 'NONE', #985 ) ;
#357 = ORIENTED_EDGE ( 'NONE', *, *, #2008, .T. ) ;
#358 = ORIENTED_EDGE ( 'NONE', *, *, #2132, .T. ) ;
#359 = LINE ( 'NONE', #964, #281 ) ;
#360 = CARTESIAN_POINT ( 'NONE',  ( -3.229830459748043836, 0.000000000000000000, 2.655626181629053839 ) ) ;
#361 = CARTESIAN_POINT ( 'NONE',  ( -2.642045207455564260, 0.000000000000000000, 2.464643176003995961 ) ) ;
#362 = FACE_OUTER_BOUND ( 'NONE', #1412, .T. ) ;
#363 =( LENGTH_UNIT ( ) NAMED_UNIT ( * ) SI_UNIT ( .CENTI., .METRE. ) );
#364 = CARTESIAN_POINT ( 'NONE',  ( -2.151916188040801092, 9.999999999966952657, -2.581121089840666460 ) ) ;
#365 = DIRECTION ( 'NONE',  ( 0.000000000000000000, 1.000000000000000000, 0.000000000000000000 ) ) ;
#366 = VERTEX_POINT ( 'NONE', #448 ) ;
#367 = CYLINDRICAL_SURFACE ( 'NONE', #393, 3.357081043000000875 ) ;
#368 = ORIENTED_EDGE ( 'NONE', *, *, #1379, .T. ) ;
#369 = VERTEX_POINT ( 'NONE', #999 ) ;
#370 = VERTEX_POINT ( 'NONE', #608 ) ;
#371 = CARTESIAN_POINT ( 'NONE',  ( -2.715935615280956839, 10.00000000000000000, 1.973242727826057363 ) ) ;
#372 = EDGE_CURVE ( 'NONE', #2150, #244, #797, .T. ) ;
#373 = CARTESIAN_POINT ( 'NONE',  ( 1.909759572204373201, 0.000000000000000000, 2.760943951920020734 ) ) ;
#374 = FACE_OUTER_BOUND ( 'NONE', #851, .T. ) ;
#375 = CARTESIAN_POINT ( 'NONE',  ( 0.5997550771332577080, 9.805385467609696093, 3.489171299431910622 ) ) ;
#376 = AXIS2_PLACEMENT_3D ( 'NONE', #2018, #270, #280 ) ;
#377 = CIRCLE ( 'NONE', #333, 1.949999999999999956 ) ;
#378 = DIRECTION ( 'NONE',  ( 0.000000000000000000, 1.000000000000000000, 0.000000000000000000 ) ) ;
#379 = CARTESIAN_POINT ( 'NONE',  ( 1.037395093781010136, 10.00000000000000000, 3.192773801676069390 ) ) ;
#380 = VECTOR ( 'NONE', #2275, 100.0000000000000000 ) ;
#381 = CARTESIAN_POINT ( 'NONE',  ( 4.173925636049350629, 8.916010612725225215, -0.2500000000000000000 ) ) ;
#382 = EDGE_LOOP ( 'NONE', ( #1153, #2, #2324, #2102 ) ) ;
#383 = ORIENTED_EDGE ( 'NONE', *, *, #1209, .T. ) ;
#384 = ORIENTED_EDGE ( 'NONE', *, *, #386, .F. ) ;
#385 = FACE_OUTER_BOUND ( 'NONE', #777, .T. ) ;
#386 = EDGE_CURVE ( 'NONE', #674, #2012, #527, .T. ) ;
#387 = ORIENTED_EDGE ( 'NONE', *, *, #1549, .T. ) ;
#388 = DIRECTION ( 'NONE',  ( 0.000000000000000000, 1.000000000000000000, 0.000000000000000000 ) ) ;
#389 = CARTESIAN_POINT ( 'NONE',  ( -3.167870086428248300, 0.000000000000000000, -1.111122065653929791 ) ) ;
#390 = EDGE_CURVE ( 'NONE', #171, #571, #2433, .T. ) ;
#391 = CIRCLE ( 'NONE', #1110, 1.949999999999999956 ) ;
#392 = DIRECTION ( 'NONE',  ( 0.000000000000000000, 1.000000000000000000, 0.000000000000000000 ) ) ;
#393 = AXIS2_PLACEMENT_3D ( 'NONE', #1679, #931, #742 ) ;
#394 = DIRECTION ( 'NONE',  ( -0.3090169943749582204, 0.000000000000000000, -0.9510565162951500895 ) ) ;
#395 = CARTESIAN_POINT ( 'NONE',  ( 1.037395093781010136, 10.00000000000000000, 3.192773801676069390 ) ) ;
#396 = VECTOR ( 'NONE', #1611, 100.0000000000000142 ) ;
#397 = CARTESIAN_POINT ( 'NONE',  ( -3.111254663332623238, 9.941982169939922898, 1.444995391433284038 ) ) ;
#398 = ORIENTED_EDGE ( 'NONE', *, *, #195, .T. ) ;
#399 = ORIENTED_EDGE ( 'NONE', *, *, #58, .T. ) ;
#400 = ORIENTED_EDGE ( 'NONE', *, *, #1546, .F. ) ;
#401 = AXIS2_PLACEMENT_3D ( 'NONE', #824, #636, #599 ) ;
#402 = CARTESIAN_POINT ( 'NONE',  ( -2.502996465102044876, 10.00000000001743672, 2.243197709506029369 ) ) ;
#403 = EDGE_LOOP ( 'NONE', ( #2306, #945, #1047, #2456 ) ) ;
#404 = EDGE_CURVE ( 'NONE', #1703, #1551, #836, .T. ) ;
#405 = DIRECTION ( 'NONE',  ( -0.000000000000000000, -1.000000000000000000, -0.000000000000000000 ) ) ;
#406 = CARTESIAN_POINT ( 'NONE',  ( -4.111508338186785849, 16.00000000000000000, -1.442100690066581370 ) ) ;
#407 = ADVANCED_FACE ( 'NONE', ( #1027 ), #74, .F. ) ;
#408 = CARTESIAN_POINT ( 'NONE',  ( 0.07781418826114823439, 0.000000000000000000, -3.356179089586136755 ) ) ;
#409 = CARTESIAN_POINT ( 'NONE',  ( 3.379403884726159824, 9.970376588391939521, 0.1536358662497784300 ) ) ;
#410 = DIRECTION ( 'NONE',  ( -0.000000000000000000, 1.000000000000000000, -0.000000000000000000 ) ) ;
#411 = EDGE_LOOP ( 'NONE', ( #961, #21, #23, #774 ) ) ;
#412 = EDGE_LOOP ( 'NONE', ( #715, #1197, #237 ) ) ;
#413 = ORIENTED_EDGE ( 'NONE', *, *, #1797, .T. ) ;
#414 = ORIENTED_EDGE ( 'NONE', *, *, #1813, .T. ) ;
#415 = CARTESIAN_POINT ( 'NONE',  ( 3.503733612091612049, 9.805385467609648131, 0.5078122535212917787 ) ) ;
#416 = CYLINDRICAL_SURFACE ( 'NONE', #1766, 1.949999999999999956 ) ;
#417 = CARTESIAN_POINT ( 'NONE',  ( -2.536095482391627520, 9.805385467609646355, -2.470271688199436433 ) ) ;
#418 = CARTESIAN_POINT ( 'NONE',  ( 3.258081677584866220, 9.999999999967243980, 0.8233062267193009820 ) ) ;
#419 = VECTOR ( 'NONE', #1335, 100.0000000000000000 ) ;
#420 = EDGE_CURVE ( 'NONE', #188, #449, #274, .T. ) ;
#421 = DIRECTION ( 'NONE',  ( 0.000000000000000000, 1.000000000000000000, 0.000000000000000000 ) ) ;
#422 = VERTEX_POINT ( 'NONE', #87 ) ;
#423 = SURFACE_STYLE_FILL_AREA ( #1433 ) ;
#424 = VERTEX_POINT ( 'NONE', #1032 ) ;
#425 = VECTOR ( 'NONE', #1171, 100.0000000000000000 ) ;
#426 = ORIENTED_EDGE ( 'NONE', *, *, #2163, .T. ) ;
#427 = CARTESIAN_POINT ( 'NONE',  ( 0.000000000000000000, 0.000000000000000000, 0.000000000000000000 ) ) ;
#428 = ORIENTED_EDGE ( 'NONE', *, *, #386, .T. ) ;
#429 = DIRECTION ( 'NONE',  ( 0.000000000000000000, 0.000000000000000000, 1.000000000000000000 ) ) ;
#430 = CARTESIAN_POINT ( 'NONE',  ( 0.000000000000000000, 4.799999999999999822, 0.000000000000000000 ) ) ;
#431 = DIRECTION ( 'NONE',  ( -0.5877852522924685852, 0.000000000000000000, 0.8090169943749507819 ) ) ;
#432 = FACE_OUTER_BOUND ( 'NONE', #693, .T. ) ;
#433 = CARTESIAN_POINT ( 'NONE',  ( 3.857637417314162689E-16, 16.00000000000000000, 3.149999999999999911 ) ) ;
#434 = VECTOR ( 'NONE', #2248, 100.0000000000000142 ) ;
#435 = ORIENTED_EDGE ( 'NONE', *, *, #691, .F. ) ;
#436 = LINE ( 'NONE', #275, #464 ) ;
#437 = EDGE_LOOP ( 'NONE', ( #1944, #651, #1181, #593, #845, #91, #761, #1123, #2277, #1885, #2016, #1066, #973, #978 ) ) ;
#438 = EDGE_CURVE ( 'NONE', #2513, #1820, #1113, .T. ) ;
#439 = ORIENTED_EDGE ( 'NONE', *, *, #880, .T. ) ;
#440 = VECTOR ( 'NONE', #1773, 100.0000000000000142 ) ;
#441 = EDGE_CURVE ( 'NONE', #370, #1707, #1810, .T. ) ;
#442 = CARTESIAN_POINT ( 'NONE',  ( 2.472461737334660903, 1.300000000000000044, -0.2950000000000000955 ) ) ;
#443 = EDGE_LOOP ( 'NONE', ( #772, #1315, #965, #1517, #668, #1955, #952 ) ) ;
#444 = FACE_OUTER_BOUND ( 'NONE', #253, .T. ) ;
#445 = DIRECTION ( 'NONE',  ( 0.000000000000000000, 1.000000000000000000, 0.000000000000000000 ) ) ;
#446 = LINE ( 'NONE', #85, #1997 ) ;
#447 = CARTESIAN_POINT ( 'NONE',  ( 0.000000000000000000, 0.000000000000000000, 0.000000000000000000 ) ) ;
#448 = CARTESIAN_POINT ( 'NONE',  ( -2.536095482391627520, 9.805385467609646355, -2.470271688199436433 ) ) ;
#449 = VERTEX_POINT ( 'NONE', #442 ) ;
#450 = ORIENTED_EDGE ( 'NONE', *, *, #1160, .F. ) ;
#451 = EDGE_CURVE ( 'NONE', #2481, #276, #1482, .T. ) ;
#452 = LINE ( 'NONE', #2369, #117 ) ;
#453 = ORIENTED_EDGE ( 'NONE', *, *, #176, .T. ) ;
#454 = CARTESIAN_POINT ( 'NONE',  ( 3.572738462958666705, 9.713812937599833219, -0.8356804438990811379 ) ) ;
#455 = LINE ( 'NONE', #2205, #2187 ) ;
#456 = DIRECTION ( 'NONE',  ( 0.000000000000000000, 0.000000000000000000, 1.000000000000000000 ) ) ;
#457 = PLANE ( 'NONE',  #748 ) ;
#458 = DIRECTION ( 'NONE',  ( 0.000000000000000000, 1.000000000000000000, 0.000000000000000000 ) ) ;
#459 = LINE ( 'NONE', #626, #1466 ) ;
#460 = ORIENTED_EDGE ( 'NONE', *, *, #1629, .T. ) ;
#461 = VECTOR ( 'NONE', #1798, 100.0000000000000000 ) ;
#462 = PLANE ( 'NONE',  #1930 ) ;
#463 = AXIS2_PLACEMENT_3D ( 'NONE', #1158, #1128, #193 ) ;
#464 = VECTOR ( 'NONE', #1409, 100.0000000000000000 ) ;
#465 = CARTESIAN_POINT ( 'NONE',  ( 3.503733612091612049, 9.805385467609648131, 0.5078122535212917787 ) ) ;
#466 = EDGE_LOOP ( 'NONE', ( #286, #2096, #1585, #2199 ) ) ;
#467 = DIRECTION ( 'NONE',  ( -0.000000000000000000, -1.000000000000000000, -0.000000000000000000 ) ) ;
#468 = CYLINDRICAL_SURFACE ( 'NONE', #311, 1.000000000000000222 ) ;
#469 = EDGE_CURVE ( 'NONE', #2200, #290, #1387, .T. ) ;
#470 = DIRECTION ( 'NONE',  ( 0.000000000000000000, 0.000000000000000000, -1.000000000000000000 ) ) ;
#471 = CARTESIAN_POINT ( 'NONE',  ( -3.119770704414452922, 9.999999999967251085, 1.248983631856624088 ) ) ;
#472 = EDGE_CURVE ( 'NONE', #562, #37, #1116, .T. ) ;
#473 = SURFACE_STYLE_USAGE ( .BOTH. , #1787 ) ;
#474 = ORIENTED_EDGE ( 'NONE', *, *, #1455, .T. ) ;
#475 = DIRECTION ( 'NONE',  ( 0.000000000000000000, 0.000000000000000000, 1.000000000000000000 ) ) ;
#476 = AXIS2_PLACEMENT_3D ( 'NONE', #2426, #1477, #475 ) ;
#477 = DIRECTION ( 'NONE',  ( -0.000000000000000000, -1.000000000000000000, -0.000000000000000000 ) ) ;
#478 = AXIS2_PLACEMENT_3D ( 'NONE', #1140, #174, #1916 ) ;
#479 = ORIENTED_EDGE ( 'NONE', *, *, #1364, .F. ) ;
#480 = CARTESIAN_POINT ( 'NONE',  ( 1.776002773037349991, 9.987804755510801158, -2.871384671552680068 ) ) ;
#481 = LINE ( 'NONE', #1822, #1631 ) ;
#482 = CARTESIAN_POINT ( 'NONE',  ( 1.190409622969561543, 9.970376588388948136, 3.166527992145691695 ) ) ;
#483 = EDGE_CURVE ( 'NONE', #1410, #1572, #998, .T. ) ;
#484 = ORIENTED_EDGE ( 'NONE', *, *, #1934, .F. ) ;
#485 = DIRECTION ( 'NONE',  ( 0.000000000000000000, 1.000000000000000000, 0.000000000000000000 ) ) ;
#486 = FACE_BOUND ( 'NONE', #93, .T. ) ;
#487 = ORIENTED_EDGE ( 'NONE', *, *, #592, .F. ) ;
#488 = FACE_OUTER_BOUND ( 'NONE', #382, .T. ) ;
#489 = CARTESIAN_POINT ( 'NONE',  ( -2.035665573617855273, 16.00000000000000000, 2.669467887362023006 ) ) ;
#490 = CARTESIAN_POINT ( 'NONE',  ( -2.830189578351615332, 9.940741915401428486, 1.891955849732547490 ) ) ;
#491 = CARTESIAN_POINT ( 'NONE',  ( 3.498915154214531049E-16, 16.00000000000000000, 2.857081042999999987 ) ) ;
#492 = ORIENTED_EDGE ( 'NONE', *, *, #404, .F. ) ;
#493 = EDGE_CURVE ( 'NONE', #170, #2425, #1602, .T. ) ;
#494 = CARTESIAN_POINT ( 'NONE',  ( 1.123862791986365073, 9.963456142827974205, -3.193633669995573410 ) ) ;
#495 = ORIENTED_EDGE ( 'NONE', *, *, #1747, .T. ) ;
#496 = CIRCLE ( 'NONE', #862, 1.949999999999999956 ) ;
#497 = EDGE_CURVE ( 'NONE', #830, #318, #350, .T. ) ;
#498 = VECTOR ( 'NONE', #825, 100.0000000000000000 ) ;
#499 = CARTESIAN_POINT ( 'NONE',  ( -4.111508338186765421, 0.000000000000000000, 1.442100690066640878 ) ) ;
#500 = DIRECTION ( 'NONE',  ( -0.000000000000000000, -1.000000000000000000, -0.000000000000000000 ) ) ;
#501 = AXIS2_PLACEMENT_3D ( 'NONE', #554, #392, #2092 ) ;
#502 = CARTESIAN_POINT ( 'NONE',  ( 0.000000000000000000, 10.00000000000000000, 0.000000000000000000 ) ) ;
#503 = DIRECTION ( 'NONE',  ( 0.000000000000000000, 0.000000000000000000, -1.000000000000000000 ) ) ;
#504 = DIRECTION ( 'NONE',  ( 0.000000000000000000, 0.000000000000000000, -1.000000000000000000 ) ) ;
#505 = ORIENTED_EDGE ( 'NONE', *, *, #1887, .T. ) ;
#506 = CARTESIAN_POINT ( 'NONE',  ( -2.313812386419975553, 9.950967394495531693, -2.519756115884120629 ) ) ;
#507 = EDGE_CURVE ( 'NONE', #81, #627, #1249, .T. ) ;
#508 = PLANE ( 'NONE',  #1849 ) ;
#509 = EDGE_CURVE ( 'NONE', #557, #318, #452, .T. ) ;
#510 = VECTOR ( 'NONE', #1760, 100.0000000000000000 ) ;
#511 = CARTESIAN_POINT ( 'NONE',  ( -7.716983894603808736, 0.000000000000000000, -5.297699992987093154 ) ) ;
#512 = AXIS2_PLACEMENT_3D ( 'NONE', #1571, #1421, #222 ) ;
#513 = CARTESIAN_POINT ( 'NONE',  ( -2.472461737334660903, 3.100000000000000089, 0.000000000000000000 ) ) ;
#514 = DIRECTION ( 'NONE',  ( 0.000000000000000000, 0.000000000000000000, 1.000000000000000000 ) ) ;
#515 = CARTESIAN_POINT ( 'NONE',  ( -2.035665573617854829, 0.000000000000000000, 2.669467887362022562 ) ) ;
#516 = ORIENTED_EDGE ( 'NONE', *, *, #116, .T. ) ;
#517 = CARTESIAN_POINT ( 'NONE',  ( -2.247966124946971345, 9.972869472713545846, -2.545249671757000343 ) ) ;
#518 = DIRECTION ( 'NONE',  ( 0.000000000000000000, 0.000000000000000000, -1.000000000000000000 ) ) ;
#519 = DIRECTION ( 'NONE',  ( 0.000000000000000000, 0.000000000000000000, 1.000000000000000000 ) ) ;
#520 = EDGE_CURVE ( 'NONE', #2150, #1180, #1182, .T. ) ;
#521 = CARTESIAN_POINT ( 'NONE',  ( 0.4772695084431347046, 9.912984974834726515, -3.443714566391911980 ) ) ;
#522 = LINE ( 'NONE', #566, #2142 ) ;
#523 = CARTESIAN_POINT ( 'NONE',  ( 9.357081043000000875, 2.037731070277506440, -0.2500000000000000000 ) ) ;
#524 = CARTESIAN_POINT ( 'NONE',  ( 0.000000000000000000, 22.00000000000000000, -3.149999999999999911 ) ) ;
#525 = CARTESIAN_POINT ( 'NONE',  ( 0.5649749104129830890, 9.790271604654977367, 3.512447282348488020 ) ) ;
#526 = ORIENTED_EDGE ( 'NONE', *, *, #509, .F. ) ;
#527 = B_SPLINE_CURVE_WITH_KNOTS ( 'NONE', 3,
 ( #46, #1942, #249, #1217 ),
 .UNSPECIFIED., .F., .F.,
 ( 4, 4 ),
 ( 0.005680763558850419198, 0.005909546365513530797 ),
 .UNSPECIFIED. ) ;
#528 = CARTESIAN_POINT ( 'NONE',  ( 2.653732930956972158, 2.037731070277506440, 8.976367148040708344 ) ) ;
#529 = ORIENTED_EDGE ( 'NONE', *, *, #1454, .T. ) ;
#530 = CARTESIAN_POINT ( 'NONE',  ( -2.568080356712814094, 9.946472080081241174, 2.245372042250542322 ) ) ;
#531 = LINE ( 'NONE', #2089, #264 ) ;
#532 = CIRCLE ( 'NONE', #1265, 3.357081043000000875 ) ;
#533 = AXIS2_PLACEMENT_3D ( 'NONE', #1962, #1591, #846 ) ;
#534 = EDGE_CURVE ( 'NONE', #1960, #1488, #2015, .T. ) ;
#535 = CARTESIAN_POINT ( 'NONE',  ( 2.472461737334660903, 3.100000000000000089, 0.000000000000000000 ) ) ;
#536 = DIRECTION ( 'NONE',  ( 0.000000000000000000, 0.000000000000000000, -1.000000000000000000 ) ) ;
#537 = VECTOR ( 'NONE', #1082, 100.0000000000000000 ) ;
#538 = CARTESIAN_POINT ( 'NONE',  ( 0.000000000000000000, 22.00000000000000000, 0.000000000000000000 ) ) ;
#539 = EDGE_CURVE ( 'NONE', #704, #1358, #1363, .T. ) ;
#540 = CARTESIAN_POINT ( 'NONE',  ( -2.075362597741801984, 9.999999999999991118, 2.639195987195412041 ) ) ;
#541 = DIRECTION ( 'NONE',  ( 0.000000000000000000, -1.000000000000000000, 0.000000000000000000 ) ) ;
#542 = ORIENTED_EDGE ( 'NONE', *, *, #1881, .F. ) ;
#543 = CARTESIAN_POINT ( 'NONE',  ( -3.115336021310400660, 9.972869472713540517, 1.351417428041429947 ) ) ;
#544 = VERTEX_POINT ( 'NONE', #92 ) ;
#545 = VERTEX_POINT ( 'NONE', #1085 ) ;
#546 = ORIENTED_EDGE ( 'NONE', *, *, #1493, .F. ) ;
#547 = DIRECTION ( 'NONE',  ( 0.000000000000000000, 0.000000000000000000, -1.000000000000000000 ) ) ;
#548 = DIRECTION ( 'NONE',  ( 0.000000000000000000, 1.000000000000000000, 0.000000000000000000 ) ) ;
#549 = VECTOR ( 'NONE', #1651, 100.0000000000000000 ) ;
#550 = CARTESIAN_POINT ( 'NONE',  ( 3.129261189104547203, 2.037731070277506440, 8.821858650853229733 ) ) ;
#551 = CARTESIAN_POINT ( 'NONE',  ( -3.064693414196530963, 9.833339162961905799, -1.706881779011332645 ) ) ;
#552 = CIRCLE ( 'NONE', #2263, 2.857081042999999987 ) ;
#553 =( BOUNDED_SURFACE ( )  B_SPLINE_SURFACE ( 3, 2, ( 
 ( #725, #1525, #166 ),
 ( #2109, #2492, #2288 ),
 ( #928, #916, #1311 ),
 ( #1175, #1496, #768 ),
 ( #364, #2140, #1132 ),
 ( #968, #567, #2507 ) ),
 .UNSPECIFIED., .F., .F., .F. ) 
 B_SPLINE_SURFACE_WITH_KNOTS ( ( 4, 2, 4 ),
 ( 3, 3 ),
 ( -3.579676697395627012E-05, 0.004522367639277433300, 0.009080532045528822566 ),
 ( 0.000000000000000000, 1.000000000000000000 ),
 .UNSPECIFIED. ) 
 GEOMETRIC_REPRESENTATION_ITEM ( )  RATIONAL_B_SPLINE_SURFACE ( (
 ( 1.000000000000000000, 1.000000000000000000, 1.000000000000000000),
 ( 1.000000000000000000, 0.9999971713163304798, 1.000000000000000000),
 ( 1.000000000000000000, 0.9972941864889172114, 1.000000000000000000),
 ( 1.000000000000000000, 0.9873438263593042885, 1.000000000000000000),
 ( 1.000000000000000000, 0.9800842286241268075, 1.000000000000000000),
 ( 1.000000000000000000, 0.9710943484845422358, 1.000000000000000000) ) ) 
 REPRESENTATION_ITEM ( '' )  SURFACE ( )  );
#554 = CARTESIAN_POINT ( 'NONE',  ( 0.000000000000000000, 10.00000000000000000, 0.000000000000000000 ) ) ;
#555 = CARTESIAN_POINT ( 'NONE',  ( -2.830189578353198065, 9.940741915394662342, -1.891955849739038520 ) ) ;
#556 = DIRECTION ( 'NONE',  ( -0.6461096999395609108, 0.6018150231520467131, 0.4694261747628825088 ) ) ;
#557 = VERTEX_POINT ( 'NONE', #1054 ) ;
#558 = ADVANCED_FACE ( 'NONE', ( #2040 ), #1828, .F. ) ;
#559 = DIRECTION ( 'NONE',  ( -0.000000000000000000, 1.000000000000000000, -0.000000000000000000 ) ) ;
#560 = ORIENTED_EDGE ( 'NONE', *, *, #908, .T. ) ;
#561 = ORIENTED_EDGE ( 'NONE', *, *, #2417, .F. ) ;
#562 = VERTEX_POINT ( 'NONE', #101 ) ;
#563 = DIRECTION ( 'NONE',  ( 0.000000000000000000, 1.000000000000000000, 0.000000000000000000 ) ) ;
#564 = CARTESIAN_POINT ( 'NONE',  ( -3.167870086428232312, 0.000000000000000000, 1.111122065653975532 ) ) ;
#565 = LINE ( 'NONE', #1336, #266 ) ;
#566 = CARTESIAN_POINT ( 'NONE',  ( -2.568989302207836722, 10.00000000000000000, 2.175496976419793782 ) ) ;
#567 = CARTESIAN_POINT ( 'NONE',  ( -2.243196956924528696, 9.901912455097642507, -2.749662131773771279 ) ) ;
#568 = CARTESIAN_POINT ( 'NONE',  ( 2.472461737334660903, 3.100000000000000089, 0.000000000000000000 ) ) ;
#569 = CARTESIAN_POINT ( 'NONE',  ( -3.113759937774220887, 9.909437148577234566, 1.512402544829608564 ) ) ;
#570 = ORIENTED_EDGE ( 'NONE', *, *, #2218, .F. ) ;
#571 = VERTEX_POINT ( 'NONE', #330 ) ;
#572 = ORIENTED_EDGE ( 'NONE', *, *, #2431, .T. ) ;
#573 = EDGE_CURVE ( 'NONE', #1820, #215, #1281, .T. ) ;
#574 = CARTESIAN_POINT ( 'NONE',  ( -2.643690277196257821, 9.970376588389388672, 2.110657791723234311 ) ) ;
#575 = ADVANCED_FACE ( 'NONE', ( #2054 ), #2031, .T. ) ;
#576 = DIRECTION ( 'NONE',  ( 0.000000000000000000, 0.000000000000000000, 1.000000000000000000 ) ) ;
#577 = ORIENTED_EDGE ( 'NONE', *, *, #2444, .F. ) ;
#578 = DIRECTION ( 'NONE',  ( 0.000000000000000000, 0.000000000000000000, -1.000000000000000000 ) ) ;
#579 = CARTESIAN_POINT ( 'NONE',  ( 3.503733612091573857, 9.805385467609697869, -0.5078122535211331279 ) ) ;
#580 = VECTOR ( 'NONE', #1811, 100.0000000000000000 ) ;
#581 = APPLICATION_PROTOCOL_DEFINITION ( 'draft international standard', 'automotive_design', 1998, #1622 ) ;
#582 = CONICAL_SURFACE ( 'NONE', #1834, 1.857081042999982445, 0.7853981633974538301 ) ;
#583 = DIRECTION ( 'NONE',  ( 0.000000000000000000, -0.7837913571415333625, 0.6210242414513569287 ) ) ;
#584 = DIRECTION ( 'NONE',  ( 0.000000000000000000, 0.000000000000000000, -1.000000000000000000 ) ) ;
#585 = VECTOR ( 'NONE', #1847, 100.0000000000000142 ) ;
#586 = CYLINDRICAL_SURFACE ( 'NONE', #1320, 2.857081042999999987 ) ;
#587 = EDGE_LOOP ( 'NONE', ( #460, #1277, #1738, #1386 ) ) ;
#588 = ORIENTED_EDGE ( 'NONE', *, *, #483, .F. ) ;
#589 = ORIENTED_EDGE ( 'NONE', *, *, #55, .F. ) ;
#590 = ADVANCED_FACE ( 'NONE', ( #486, #310, #909, #1272 ), #508, .F. ) ;
#591 = CARTESIAN_POINT ( 'NONE',  ( -2.862881928354076955, 0.000000000000000000, 1.770988479232322721 ) ) ;
#592 = EDGE_CURVE ( 'NONE', #2145, #1446, #2194, .T. ) ;
#593 = ORIENTED_EDGE ( 'NONE', *, *, #1144, .T. ) ;
#594 = DIRECTION ( 'NONE',  ( -0.000000000000000000, -1.000000000000000000, -0.000000000000000000 ) ) ;
#595 = DIRECTION ( 'NONE',  ( 0.000000000000000000, 1.000000000000000000, 0.000000000000000000 ) ) ;
#596 = VECTOR ( 'NONE', #2058, 100.0000000000000000 ) ;
#597 = DIRECTION ( 'NONE',  ( 0.000000000000000000, 0.000000000000000000, -1.000000000000000000 ) ) ;
#598 = CIRCLE ( 'NONE', #2266, 2.857081042999999987 ) ;
#599 = DIRECTION ( 'NONE',  ( 0.000000000000000000, 0.000000000000000000, 1.000000000000000000 ) ) ;
#600 = EDGE_LOOP ( 'NONE', ( #2158, #368, #1573, #2113, #22 ) ) ;
#601 = ORIENTED_EDGE ( 'NONE', *, *, #806, .F. ) ;
#602 = FACE_OUTER_BOUND ( 'NONE', #1516, .T. ) ;
#603 = VERTEX_POINT ( 'NONE', #1065 ) ;
#604 = LINE ( 'NONE', #993, #781 ) ;
#605 = DIRECTION ( 'NONE',  ( -0.000000000000000000, -1.000000000000000000, -0.000000000000000000 ) ) ;
#606 = EDGE_CURVE ( 'NONE', #1345, #611, #1241, .T. ) ;
#607 = PLANE ( 'NONE',  #1303 ) ;
#608 = CARTESIAN_POINT ( 'NONE',  ( 0.000000000000000000, 1.300000000000001155, -2.857081042999999987 ) ) ;
#609 = EDGE_LOOP ( 'NONE', ( #484, #2365 ) ) ;
#610 = CARTESIAN_POINT ( 'NONE',  ( 2.472461737334660903, 1.300000000000000044, 0.000000000000000000 ) ) ;
#611 = VERTEX_POINT ( 'NONE', #2473 ) ;
#612 = CARTESIAN_POINT ( 'NONE',  ( 0.000000000000000000, 22.00000000000000000, 0.000000000000000000 ) ) ;
#613 = DIRECTION ( 'NONE',  ( 0.000000000000000000, 1.000000000000000000, 0.000000000000000000 ) ) ;
#614 = ORIENTED_EDGE ( 'NONE', *, *, #1853, .F. ) ;
#615 = CARTESIAN_POINT ( 'NONE',  ( 9.357081043000000875, 2.037731070277506440, -0.2500000000000000000 ) ) ;
#616 = FACE_BOUND ( 'NONE', #256, .T. ) ;
#617 = EDGE_CURVE ( 'NONE', #37, #611, #2466, .T. ) ;
#618 = CIRCLE ( 'NONE', #896, 1.000000000000000000 ) ;
#619 = FACE_OUTER_BOUND ( 'NONE', #1083, .T. ) ;
#620 = CARTESIAN_POINT ( 'NONE',  ( -3.229830459748043836, 0.000000000000000000, 2.655626181629053839 ) ) ;
#621 = VECTOR ( 'NONE', #2486, 100.0000000000000000 ) ;
#622 =( BOUNDED_SURFACE ( )  B_SPLINE_SURFACE ( 3, 2, ( 
 ( #282, #2442, #1854 ),
 ( #1484, #889, #869 ),
 ( #1461, #1088, #2273 ),
 ( #1049, #521, #1862 ),
 ( #2239, #2024, #858 ),
 ( #1632, #2057, #2423 ) ),
 .UNSPECIFIED., .F., .F., .F. ) 
 B_SPLINE_SURFACE_WITH_KNOTS ( ( 4, 2, 4 ),
 ( 3, 3 ),
 ( -3.579676697388211746E-05, 0.004522367639277591160, 0.009080532045529063692 ),
 ( 0.000000000000000000, 1.000000000000000000 ),
 .UNSPECIFIED. ) 
 GEOMETRIC_REPRESENTATION_ITEM ( )  RATIONAL_B_SPLINE_SURFACE ( (
 ( 1.000000000000000000, 1.000000000000000000, 1.000000000000000000),
 ( 1.000000000000000000, 0.9999971713165213272, 1.000000000000000000),
 ( 1.000000000000000000, 0.9972941864886638585, 1.000000000000000000),
 ( 1.000000000000000000, 0.9873438263595571973, 1.000000000000000000),
 ( 1.000000000000000000, 0.9800842286239369594, 1.000000000000000000),
 ( 1.000000000000000000, 0.9710943484845421247, 1.000000000000000000) ) ) 
 REPRESENTATION_ITEM ( '' )  SURFACE ( )  );
#623 = EDGE_CURVE ( 'NONE', #1002, #217, #1637, .T. ) ;
#624 = CYLINDRICAL_SURFACE ( 'NONE', #2312, 0.2950000000000000955 ) ;
#625 = ORIENTED_EDGE ( 'NONE', *, *, #1052, .F. ) ;
#626 = CARTESIAN_POINT ( 'NONE',  ( -7.716983894603808736, 2.037731070277506440, -5.297699992987093154 ) ) ;
#627 = VERTEX_POINT ( 'NONE', #1851 ) ;
#628 = VECTOR ( 'NONE', #1584, 100.0000000000000000 ) ;
#629 = ORIENTED_EDGE ( 'NONE', *, *, #990, .T. ) ;
#630 = DIRECTION ( 'NONE',  ( -0.1859710696241333172, 0.7986355100472939395, 0.5723600993730734166 ) ) ;
#631 = ORIENTED_EDGE ( 'NONE', *, *, #469, .F. ) ;
#632 = LINE ( 'NONE', #1404, #425 ) ;
#633 = DIRECTION ( 'NONE',  ( -0.000000000000000000, -1.000000000000000000, -0.000000000000000000 ) ) ;
#634 = LINE ( 'NONE', #2376, #461 ) ;
#635 = FACE_OUTER_BOUND ( 'NONE', #741, .T. ) ;
#636 = DIRECTION ( 'NONE',  ( -0.000000000000000000, -1.000000000000000000, -0.000000000000000000 ) ) ;
#637 = DIRECTION ( 'NONE',  ( -0.000000000000000000, 1.000000000000000000, 0.000000000000000000 ) ) ;
#638 = ORIENTED_EDGE ( 'NONE', *, *, #297, .T. ) ;
#639 = EDGE_CURVE ( 'NONE', #1437, #545, #1935, .T. ) ;
#640 = AXIS2_PLACEMENT_3D ( 'NONE', #1062, #1837, #1670 ) ;
#641 = EDGE_LOOP ( 'NONE', ( #2171, #263 ) ) ;
#642 = VECTOR ( 'NONE', #458, 100.0000000000000000 ) ;
#643 = CARTESIAN_POINT ( 'NONE',  ( -2.570383386009893023, 9.833339162961905799, 2.387241164915015812 ) ) ;
#644 = ORIENTED_EDGE ( 'NONE', *, *, #1106, .F. ) ;
#645 = CARTESIAN_POINT ( 'NONE',  ( 3.214398265626356554, 10.00000000000000000, -0.9683165387455930917 ) ) ;
#646 = CARTESIAN_POINT ( 'NONE',  ( 0.2905357785932188297, 9.981470843556019545, 3.372887775977471136 ) ) ;
#647 = DIRECTION ( 'NONE',  ( 0.000000000000000000, 1.000000000000000000, 0.000000000000000000 ) ) ;
#648 = CARTESIAN_POINT ( 'NONE',  ( 3.294031201983963708, 9.999999999982211563, 0.6680461876861375492 ) ) ;
#649 = CARTESIAN_POINT ( 'NONE',  ( -2.472461737334660903, 1.300000000000000044, 0.000000000000000000 ) ) ;
#650 = CARTESIAN_POINT ( 'NONE',  ( 1.052049825722768617, 8.916010612725225215, 4.046893423289852798 ) ) ;
#651 = ORIENTED_EDGE ( 'NONE', *, *, #1652, .F. ) ;
#652 = ORIENTED_EDGE ( 'NONE', *, *, #497, .T. ) ;
#653 = EDGE_CURVE ( 'NONE', #2339, #1762, #911, .T. ) ;
#654 = CARTESIAN_POINT ( 'NONE',  ( 3.394035279459522769, 9.921149882957843502, 0.6236719509287430574 ) ) ;
#655 = ORIENTED_EDGE ( 'NONE', *, *, #1778, .F. ) ;
#656 = ADVANCED_FACE ( 'NONE', ( #1872 ), #2257, .F. ) ;
#657 = CARTESIAN_POINT ( 'NONE',  ( 1.527578083870343661, 8.916010612725225215, 3.892384926102374187 ) ) ;
#658 = CARTESIAN_POINT ( 'NONE',  ( 1.037395093781010358, 10.00000000000000000, 3.192773801676070722 ) ) ;
#659 = DIRECTION ( 'NONE',  ( 0.000000000000000000, 1.000000000000000000, 0.000000000000000000 ) ) ;
#660 = CARTESIAN_POINT ( 'NONE',  ( -3.165949027307227936, 9.790271604654970261, 1.622728972183918428 ) ) ;
#661 = DIRECTION ( 'NONE',  ( 0.000000000000000000, 0.000000000000000000, 1.000000000000000000 ) ) ;
#662 = VERTEX_POINT ( 'NONE', #1290 ) ;
#663 = VECTOR ( 'NONE', #833, 100.0000000000000000 ) ;
#664 = CARTESIAN_POINT ( 'NONE',  ( -2.536095482391627520, 9.805385467609646355, -2.470271688199436433 ) ) ;
#665 = VECTOR ( 'NONE', #1456, 100.0000000000000000 ) ;
#666 = ADVANCED_FACE ( 'NONE', ( #2073 ), #314, .F. ) ;
#667 = CARTESIAN_POINT ( 'NONE',  ( 3.230297598812184479, 9.999999999999991118, 0.9152417700153113733 ) ) ;
#668 = ORIENTED_EDGE ( 'NONE', *, *, #325, .F. ) ;
#669 = LINE ( 'NONE', #2258, #549 ) ;
#670 = EDGE_CURVE ( 'NONE', #1446, #2203, #2280, .T. ) ;
#671 = FACE_OUTER_BOUND ( 'NONE', #1628, .T. ) ;
#672 = CARTESIAN_POINT ( 'NONE',  ( 0.000000000000000000, 13.00000000000000000, 0.000000000000000000 ) ) ;
#673 = DIRECTION ( 'NONE',  ( 0.000000000000000000, 1.000000000000000000, 0.000000000000000000 ) ) ;
#674 = VERTEX_POINT ( 'NONE', #2104 ) ;
#675 = FACE_OUTER_BOUND ( 'NONE', #1251, .T. ) ;
#676 = CIRCLE ( 'NONE', #476, 2.857081042999999987 ) ;
#677 = CARTESIAN_POINT ( 'NONE',  ( 3.410817267744401526, 9.928689621219511707, -0.1654006872379119586 ) ) ;
#678 = AXIS2_PLACEMENT_3D ( 'NONE', #59, #2402, #2156 ) ;
#679 = ORIENTED_EDGE ( 'NONE', *, *, #1934, .T. ) ;
#680 = CARTESIAN_POINT ( 'NONE',  ( 1.641961853822400119, 9.921149882957841726, -3.035194137313667273 ) ) ;
#681 = EDGE_CURVE ( 'NONE', #1707, #370, #598, .T. ) ;
#682 = LINE ( 'NONE', #489, #819 ) ;
#683 = CARTESIAN_POINT ( 'NONE',  ( -3.308270069453310480, 9.901912455097642507, 1.283714755709200794 ) ) ;
#684 = CARTESIAN_POINT ( 'NONE',  ( 1.898816233221896299, 9.713812937599829667, -3.139636737183562509 ) ) ;
#685 = ORIENTED_EDGE ( 'NONE', *, *, #752, .F. ) ;
#686 = DIRECTION ( 'NONE',  ( 0.000000000000000000, 1.000000000000000000, 0.000000000000000000 ) ) ;
#687 = CARTESIAN_POINT ( 'NONE',  ( 0.5688432539346055528, 9.840512025481524816, -3.471383206963020385 ) ) ;
#688 = DIRECTION ( 'NONE',  ( 0.000000000000000000, 0.000000000000000000, 1.000000000000000000 ) ) ;
#689 = CARTESIAN_POINT ( 'NONE',  ( 3.478989400083916425E-16, 22.00000000000000000, 2.840810430000000331 ) ) ;
#690 = CARTESIAN_POINT ( 'NONE',  ( 1.607490408099634172, 9.790271604655140791, 3.173713463521902423 ) ) ;
#691 = EDGE_CURVE ( 'NONE', #1926, #244, #1754, .T. ) ;
#692 = CARTESIAN_POINT ( 'NONE',  ( 4.173925636049350629, 0.000000000000000000, 1.250000000000000000 ) ) ;
#693 = EDGE_LOOP ( 'NONE', ( #1514, #2483, #1912 ) ) ;
#694 = EDGE_CURVE ( 'NONE', #1166, #2130, #1725, .T. ) ;
#695 = CARTESIAN_POINT ( 'NONE',  ( -2.500644809158630189, 9.840499054519771249, -2.474048937575987317 ) ) ;
#696 = AXIS2_PLACEMENT_3D ( 'NONE', #2221, #1380, #470 ) ;
#697 = VECTOR ( 'NONE', #1617, 100.0000000000000000 ) ;
#698 = CARTESIAN_POINT ( 'NONE',  ( 0.000000000000000000, 5.800000000000007816, 0.000000000000000000 ) ) ;
#699 = LINE ( 'NONE', #2228, #1864 ) ;
#700 = CIRCLE ( 'NONE', #1507, 2.840810430000000331 ) ;
#701 = CARTESIAN_POINT ( 'NONE',  ( -7.716983894603729688, 2.037731070277506440, 5.297699992987204176 ) ) ;
#702 = CARTESIAN_POINT ( 'NONE',  ( -3.127682789621781811, 9.912984974834730068, 1.518076600826744560 ) ) ;
#703 = CARTESIAN_POINT ( 'NONE',  ( 1.203280529884198868, 10.00000000006598988, -3.138874356115674225 ) ) ;
#704 = VERTEX_POINT ( 'NONE', #2313 ) ;
#705 = CARTESIAN_POINT ( 'NONE',  ( -2.786394870509386834, 9.963456142834562712, 1.923113938098023556 ) ) ;
#706 = ADVANCED_FACE ( 'NONE', ( #216, #344 ), #977, .F. ) ;
#707 = DIRECTION ( 'NONE',  ( -0.000000000000000000, -1.000000000000000000, -0.000000000000000000 ) ) ;
#708 = CARTESIAN_POINT ( 'NONE',  ( 3.215961899580620731, 10.00000000000000000, -0.9631106840419632054 ) ) ;
#709 = VECTOR ( 'NONE', #1210, 100.0000000000000000 ) ;
#710 = VECTOR ( 'NONE', #1513, 100.0000000000000000 ) ;
#711 = DIRECTION ( 'NONE',  ( 0.4868785812001601987, 0.7986355100472940505, 0.3537379952168235309 ) ) ;
#712 = CARTESIAN_POINT ( 'NONE',  ( 0.000000000000000000, 0.000000000000000000, 0.000000000000000000 ) ) ;
#713 = CARTESIAN_POINT ( 'NONE',  ( -3.167870086428248300, 10.00000000000000000, -1.111122065653929791 ) ) ;
#714 = DIRECTION ( 'NONE',  ( 0.000000000000000000, 0.000000000000000000, 1.000000000000000000 ) ) ;
#715 = ORIENTED_EDGE ( 'NONE', *, *, #58, .F. ) ;
#716 = CARTESIAN_POINT ( 'NONE',  ( 1.052049825722711329, 8.916010612725225215, -4.046893423289868785 ) ) ;
#717 = VERTEX_POINT ( 'NONE', #922 ) ;
#718 = EDGE_CURVE ( 'NONE', #2145, #921, #2117, .T. ) ;
#719 = CARTESIAN_POINT ( 'NONE',  ( 0.000000000000000000, 1.300000000000000044, 0.000000000000000000 ) ) ;
#720 = LINE ( 'NONE', #331, #419 ) ;
#721 = ADVANCED_FACE ( 'NONE', ( #1111 ), #1621, .T. ) ;
#722 = CARTESIAN_POINT ( 'NONE',  ( -2.472461737334660903, 3.100000000000000089, 0.000000000000000000 ) ) ;
#723 = CARTESIAN_POINT ( 'NONE',  ( -2.862881928354076955, 10.00000000000000000, 1.770988479232322721 ) ) ;
#724 = CARTESIAN_POINT ( 'NONE',  ( 2.388061258337338643E-16, 13.09291895700001618, 1.949999999999999956 ) ) ;
#725 = CARTESIAN_POINT ( 'NONE',  ( -2.715935615280984372, 10.00000000000000000, -1.973242727826020060 ) ) ;
#726 = FACE_OUTER_BOUND ( 'NONE', #1721, .T. ) ;
#727 = ORIENTED_EDGE ( 'NONE', *, *, #1797, .F. ) ;
#728 = CARTESIAN_POINT ( 'NONE',  ( 0.000000000000000000, 16.00000000000000000, 0.000000000000000000 ) ) ;
#729 = ORIENTED_EDGE ( 'NONE', *, *, #1295, .F. ) ;
#730 = ORIENTED_EDGE ( 'NONE', *, *, #226, .F. ) ;
#731 = CARTESIAN_POINT ( 'NONE',  ( -2.521639015937992223, 9.790271604656199500, 2.509545623009519666 ) ) ;
#732 = DIRECTION ( 'NONE',  ( 0.5877852522924802425, 0.000000000000000000, 0.8090169943749423442 ) ) ;
#733 = CIRCLE ( 'NONE', #1061, 1.949999999999999956 ) ;
#734 = CONICAL_SURFACE ( 'NONE', #533, 1.857081042999982445, 0.7853981633974531640 ) ;
#735 = CARTESIAN_POINT ( 'NONE',  ( 3.129261189104422414, 2.037731070277506440, -8.821858650853277695 ) ) ;
#736 = DIRECTION ( 'NONE',  ( 0.000000000000000000, -0.000000000000000000, 1.000000000000000000 ) ) ;
#737 = ADVANCED_FACE ( 'NONE', ( #2327 ), #2296, .T. ) ;
#738 = CARTESIAN_POINT ( 'NONE',  ( 0.8966950990432330793, 9.928689621219504602, -3.294991611618156568 ) ) ;
#739 = CARTESIAN_POINT ( 'NONE',  ( 0.2377641290737875501, 0.000000000000000000, -0.07725424859373955511 ) ) ;
#740 = DIRECTION ( 'NONE',  ( -0.3090169943749447312, 0.000000000000000000, 0.9510565162951545304 ) ) ;
#741 = EDGE_LOOP ( 'NONE', ( #300, #340, #202, #2168, #1756, #1969, #2136 ) ) ;
#742 = DIRECTION ( 'NONE',  ( 0.000000000000000000, 0.000000000000000000, -1.000000000000000000 ) ) ;
#743 = ORIENTED_EDGE ( 'NONE', *, *, #1986, .T. ) ;
#744 = ORIENTED_EDGE ( 'NONE', *, *, #1613, .F. ) ;
#745 = ORIENTED_EDGE ( 'NONE', *, *, #2008, .F. ) ;
#746 = DIRECTION ( 'NONE',  ( 0.000000000000000000, 0.000000000000000000, 1.000000000000000000 ) ) ;
#747 = CARTESIAN_POINT ( 'NONE',  ( 4.173925636049350629, 0.000000000000000000, -1.250000000000000000 ) ) ;
#748 = AXIS2_PLACEMENT_3D ( 'NONE', #2007, #2377, #273 ) ;
#749 = CARTESIAN_POINT ( 'NONE',  ( 4.173925636049350629, 0.000000000000000000, -0.2500000000000000000 ) ) ;
#750 = PLANE ( 'NONE',  #236 ) ;
#751 = AXIS2_PLACEMENT_3D ( 'NONE', #63, #1996, #50 ) ;
#752 = EDGE_CURVE ( 'NONE', #1488, #1848, #359, .T. ) ;
#753 = CIRCLE ( 'NONE', #2230, 1.000000000000000222 ) ;
#754 = CARTESIAN_POINT ( 'NONE',  ( -2.378668464629968504, 9.923048358812549097, 2.499003913979874092 ) ) ;
#755 = CYLINDRICAL_SURFACE ( 'NONE', #2026, 1.000000000000000222 ) ;
#756 = ORIENTED_EDGE ( 'NONE', *, *, #1310, .F. ) ;
#757 = EDGE_CURVE ( 'NONE', #2184, #277, #123, .T. ) ;
#758 = DIRECTION ( 'NONE',  ( -0.5877852522924685852, 0.000000000000000000, 0.8090169943749507819 ) ) ;
#759 = ORIENTED_EDGE ( 'NONE', *, *, #507, .T. ) ;
#760 = ORIENTED_EDGE ( 'NONE', *, *, #420, .F. ) ;
#761 = ORIENTED_EDGE ( 'NONE', *, *, #2229, .T. ) ;
#762 = CARTESIAN_POINT ( 'NONE',  ( -2.327313105792716108, 9.903454741278549633, 2.631908939323622576 ) ) ;
#763 = CARTESIAN_POINT ( 'NONE',  ( 0.000000000000000000, 1.300000000000000044, -1.949999999999999956 ) ) ;
#764 = EDGE_LOOP ( 'NONE', ( #1719, #810, #2509, #589 ) ) ;
#765 = CARTESIAN_POINT ( 'NONE',  ( -2.862881928354102712, 10.00000000000000000, -1.770988479232280977 ) ) ;
#766 = DIRECTION ( 'NONE',  ( 0.000000000000000000, 1.000000000000000000, 0.000000000000000000 ) ) ;
#767 = CARTESIAN_POINT ( 'NONE',  ( 0.000000000000000000, 0.000000000000000000, 0.000000000000000000 ) ) ;
#768 = CARTESIAN_POINT ( 'NONE',  ( -2.521639015939933781, 9.790271604653092652, -2.509545623010844828 ) ) ;
#769 = FACE_OUTER_BOUND ( 'NONE', #1416, .T. ) ;
#770 = EDGE_CURVE ( 'NONE', #204, #545, #2297, .T. ) ;
#771 = DIRECTION ( 'NONE',  ( -0.000000000000000000, -1.000000000000000000, -0.000000000000000000 ) ) ;
#772 = ORIENTED_EDGE ( 'NONE', *, *, #757, .T. ) ;
#773 = ORIENTED_EDGE ( 'NONE', *, *, #1747, .F. ) ;
#774 = ORIENTED_EDGE ( 'NONE', *, *, #2219, .F. ) ;
#775 = ADVANCED_FACE ( 'NONE', ( #1164 ), #2373, .T. ) ;
#776 = DIRECTION ( 'NONE',  ( 0.000000000000000000, 1.000000000000000000, 0.000000000000000000 ) ) ;
#777 = EDGE_LOOP ( 'NONE', ( #450, #2265, #1560 ) ) ;
#778 = DIRECTION ( 'NONE',  ( -0.000000000000000000, 1.000000000000000000, -0.000000000000000000 ) ) ;
#779 = CARTESIAN_POINT ( 'NONE',  ( 0.1488951115215400300, 9.999029897890149954, 3.355910417664811796 ) ) ;
#780 = CIRCLE ( 'NONE', #2450, 1.000000000000000222 ) ;
#781 = VECTOR ( 'NONE', #1184, 99.99999999999998579 ) ;
#782 = CARTESIAN_POINT ( 'NONE',  ( -2.335356516853972941, 9.943408935941576487, 2.511684166336316970 ) ) ;
#783 = FACE_OUTER_BOUND ( 'NONE', #1694, .T. ) ;
#784 = AXIS2_PLACEMENT_3D ( 'NONE', #1878, #2445, #327 ) ;
#785 = CARTESIAN_POINT ( 'NONE',  ( 1.052049825722768395, 0.000000000000000000, 4.046893423289852798 ) ) ;
#786 = ORIENTED_EDGE ( 'NONE', *, *, #770, .F. ) ;
#787 = ORIENTED_EDGE ( 'NONE', *, *, #2021, .F. ) ;
#788 = ORIENTED_EDGE ( 'NONE', *, *, #1783, .F. ) ;
#789 = CARTESIAN_POINT ( 'NONE',  ( -2.272259525433792948, 9.999999999982565058, 2.476643679982761803 ) ) ;
#790 = EDGE_CURVE ( 'NONE', #1317, #1002, #183, .T. ) ;
#791 = VERTEX_POINT ( 'NONE', #1497 ) ;
#792 = CARTESIAN_POINT ( 'NONE',  ( 3.546794096008778485, 9.748242275410902380, -0.6912993790756679635 ) ) ;
#793 = DIRECTION ( 'NONE',  ( -0.000000000000000000, -1.000000000000000000, -0.000000000000000000 ) ) ;
#794 = AXIS2_PLACEMENT_3D ( 'NONE', #672, #1474, #1058 ) ;
#795 = LINE ( 'NONE', #1407, #580 ) ;
#796 = CARTESIAN_POINT ( 'NONE',  ( 1.580223994540000287, 9.840512025481530145, 3.142765683949698907 ) ) ;
#797 = LINE ( 'NONE', #1382, #440 ) ;
#798 = ORIENTED_EDGE ( 'NONE', *, *, #208, .T. ) ;
#799 = ORIENTED_EDGE ( 'NONE', *, *, #1106, .T. ) ;
#800 = ORIENTED_EDGE ( 'NONE', *, *, #1733, .T. ) ;
#801 = ADVANCED_FACE ( 'NONE', ( #210 ), #755, .F. ) ;
#802 = DIRECTION ( 'NONE',  ( 0.000000000000000000, 1.000000000000000000, 0.000000000000000000 ) ) ;
#803 = ORIENTED_EDGE ( 'NONE', *, *, #573, .F. ) ;
#804 = CARTESIAN_POINT ( 'NONE',  ( 3.923434491649405942, 9.248423588762943126, 0.2500000000000001110 ) ) ;
#805 = FACE_OUTER_BOUND ( 'NONE', #279, .T. ) ;
#806 = EDGE_CURVE ( 'NONE', #2344, #1762, #339, .T. ) ;
#807 = CARTESIAN_POINT ( 'NONE',  ( -3.275752279159681368, 9.748242275410989421, -1.525480316678475168 ) ) ;
#808 = CARTESIAN_POINT ( 'NONE',  ( -2.818458453000748598, 10.00000000006503242, 1.832132147469766492 ) ) ;
#809 = CYLINDRICAL_SURFACE ( 'NONE', #2146, 1.000000000000000222 ) ;
#810 = ORIENTED_EDGE ( 'NONE', *, *, #1481, .F. ) ;
#811 = CARTESIAN_POINT ( 'NONE',  ( 2.388061258337338643E-16, 4.799999999999999822, 1.949999999999999956 ) ) ;
#812 = EDGE_LOOP ( 'NONE', ( #239, #867, #570, #2354, #744 ) ) ;
#813 =( BOUNDED_CURVE ( )  B_SPLINE_CURVE ( 3, ( #415, #1417, #804, #245 ),
 .UNSPECIFIED., .F., .F. ) 
 B_SPLINE_CURVE_WITH_KNOTS ( ( 4, 4 ),
 ( 3.977921496213519870, 4.712388980384689674 ),
 .UNSPECIFIED. ) 
 CURVE ( )  GEOMETRIC_REPRESENTATION_ITEM ( )  RATIONAL_B_SPLINE_CURVE ( ( 1.000000000000000000, 0.9555493991423477107, 0.9555493991423477107, 1.000000000000000000 ) ) 
 REPRESENTATION_ITEM ( '' )  );
#814 = ORIENTED_EDGE ( 'NONE', *, *, #1454, .F. ) ;
#815 = CARTESIAN_POINT ( 'NONE',  ( -7.716983894603808736, 2.037731070277506440, -5.297699992987093154 ) ) ;
#816 = ORIENTED_EDGE ( 'NONE', *, *, #1174, .T. ) ;
#817 = CARTESIAN_POINT ( 'NONE',  ( 3.397417223845300871, 9.946472080083342604, -0.3070643804971986413 ) ) ;
#818 = CARTESIAN_POINT ( 'NONE',  ( 0.1009933094276399546, 9.999813094072873554, 3.355910417664811352 ) ) ;
#819 = VECTOR ( 'NONE', #1263, 100.0000000000000000 ) ;
#820 = ADVANCED_FACE ( 'NONE', ( #726 ), #18, .T. ) ;
#821 = CARTESIAN_POINT ( 'NONE',  ( 2.388061258337338643E-16, 4.892918957000016889, 1.949999999999999956 ) ) ;
#822 = DIRECTION ( 'NONE',  ( -0.000000000000000000, -1.000000000000000000, -0.000000000000000000 ) ) ;
#823 = AXIS2_PLACEMENT_3D ( 'NONE', #502, #315, #1080 ) ;
#824 = CARTESIAN_POINT ( 'NONE',  ( 0.000000000000000000, 14.00000000000000711, 0.000000000000000000 ) ) ;
#825 = DIRECTION ( 'NONE',  ( -0.000000000000000000, -1.000000000000000000, -0.000000000000000000 ) ) ;
#826 = ORIENTED_EDGE ( 'NONE', *, *, #99, .F. ) ;
#827 = AXIS2_PLACEMENT_3D ( 'NONE', #1445, #2233, #2264 ) ;
#828 = ORIENTED_EDGE ( 'NONE', *, *, #1736, .T. ) ;
#829 = CARTESIAN_POINT ( 'NONE',  ( 3.248068353805019015, 9.997514792513998216, 0.8689030543746298907 ) ) ;
#830 = VERTEX_POINT ( 'NONE', #155 ) ;
#831 = CARTESIAN_POINT ( 'NONE',  ( 3.294031201983606216, 9.999999999982414067, -0.6680461876868885041 ) ) ;
#832 = CARTESIAN_POINT ( 'NONE',  ( -7.716983894603729688, 2.037731070277506440, 5.297699992987204176 ) ) ;
#833 = DIRECTION ( 'NONE',  ( -0.000000000000000000, -1.000000000000000000, -0.000000000000000000 ) ) ;
#834 = CARTESIAN_POINT ( 'NONE',  ( 1.641644977083237755, 9.923048358812549097, 3.034482821821404386 ) ) ;
#835 = ADVANCED_FACE ( 'NONE', ( #769 ), #1312, .T. ) ;
#836 = LINE ( 'NONE', #261, #396 ) ;
#837 = CIRCLE ( 'NONE', #1606, 3.357081043000000875 ) ;
#838 = EDGE_LOOP ( 'NONE', ( #479, #1982, #384, #343 ) ) ;
#839 = CIRCLE ( 'NONE', #2190, 3.357081043000000875 ) ;
#840 = EDGE_CURVE ( 'NONE', #1707, #1572, #1923, .T. ) ;
#841 = EDGE_LOOP ( 'NONE', ( #546, #1151, #2471, #577 ) ) ;
#842 = AXIS2_PLACEMENT_3D ( 'NONE', #320, #299, #1650 ) ;
#843 = CARTESIAN_POINT ( 'NONE',  ( 3.366404877179460797, 9.941982169939930003, 0.6597237787701319967 ) ) ;
#844 = B_SPLINE_CURVE_WITH_KNOTS ( 'NONE', 3,
 ( #1324, #551, #955, #178, #4, #1714 ),
 .UNSPECIFIED., .F., .F.,
 ( 4, 2, 4 ),
 ( 0.000000000000000000, 0.002816304339577614235, 0.005632608679155228469 ),
 .UNSPECIFIED. ) ;
#845 = ORIENTED_EDGE ( 'NONE', *, *, #1212, .T. ) ;
#846 = DIRECTION ( 'NONE',  ( 0.000000000000000000, 0.000000000000000000, 1.000000000000000000 ) ) ;
#847 = CARTESIAN_POINT ( 'NONE',  ( 1.681423124287143356, 9.950967394495529916, -2.979213809077557062 ) ) ;
#848 = CARTESIAN_POINT ( 'NONE',  ( -3.523723085894317375, 0.000000000000000000, -2.251117684441532152 ) ) ;
#849 = CARTESIAN_POINT ( 'NONE',  ( 3.546794096008851316, 9.748242275410804680, 0.6912993790756819523 ) ) ;
#850 = CARTESIAN_POINT ( 'NONE',  ( 0.000000000000000000, 0.000000000000000000, 0.2500000000000000000 ) ) ;
#851 = EDGE_LOOP ( 'NONE', ( #542, #1365, #1614, #121 ) ) ;
#852 = ADVANCED_FACE ( 'NONE', ( #783 ), #1906, .T. ) ;
#853 = CARTESIAN_POINT ( 'NONE',  ( -3.064693414196506982, 9.833339162961905799, 1.706881779011377054 ) ) ;
#854 = EDGE_CURVE ( 'NONE', #318, #830, #1073, .T. ) ;
#855 = CARTESIAN_POINT ( 'NONE',  ( -3.133064589497917218, 9.805385467609696093, 1.648614202098457104 ) ) ;
#856 = EDGE_LOOP ( 'NONE', ( #2395, #2498, #1029, #2414 ) ) ;
#857 = CARTESIAN_POINT ( 'NONE',  ( 3.498915154214531049E-16, 16.00000000000000000, 2.857081042999999987 ) ) ;
#858 = CARTESIAN_POINT ( 'NONE',  ( 0.2237918556068250187, 9.999999999967501552, -3.353035425719428364 ) ) ;
#859 = CARTESIAN_POINT ( 'NONE',  ( -3.275752279159704017, 9.748242275411504565, 1.525480316677801484 ) ) ;
#860 = DIRECTION ( 'NONE',  ( 0.000000000000000000, 1.000000000000000000, 0.000000000000000000 ) ) ;
#861 = ORIENTED_EDGE ( 'NONE', *, *, #1629, .F. ) ;
#862 = AXIS2_PLACEMENT_3D ( 'NONE', #162, #1534, #1861 ) ;
#863 = DIRECTION ( 'NONE',  ( -0.8090169943749507819, 0.000000000000000000, -0.5877852522924685852 ) ) ;
#864 =( GEOMETRIC_REPRESENTATION_CONTEXT ( 3 ) GLOBAL_UNCERTAINTY_ASSIGNED_CONTEXT ( ( #2357 ) ) GLOBAL_UNIT_ASSIGNED_CONTEXT ( ( #2028, #1801, #2169 ) ) REPRESENTATION_CONTEXT ( 'NONE', 'WORKASPACE' ) );
#865 = EDGE_CURVE ( 'NONE', #1450, #276, #2023, .T. ) ;
#866 = CARTESIAN_POINT ( 'NONE',  ( 3.384618814576458856, 9.963456142830494855, -0.08196995390536983284 ) ) ;
#867 = ORIENTED_EDGE ( 'NONE', *, *, #472, .T. ) ;
#868 = LINE ( 'NONE', #1841, #196 ) ;
#869 = CARTESIAN_POINT ( 'NONE',  ( 0.8715096576470172662, 10.00000000006588330, -3.246673247141988572 ) ) ;
#870 = CYLINDRICAL_SURFACE ( 'NONE', #874, 1.000000000000000000 ) ;
#871 = B_SPLINE_CURVE_WITH_KNOTS ( 'NONE', 3,
 ( #375, #1147, #194, #2331, #980, #1578, #646, #16, #779, #818 ),
 .UNSPECIFIED., .F., .F.,
 ( 4, 2, 2, 2, 4 ),
 ( 0.000000000000000000, 0.001420190889712604149, 0.002840381779425208298, 0.004260572669137813531, 0.005680763558850419198 ),
 .UNSPECIFIED. ) ;
#872 = DIRECTION ( 'NONE',  ( -0.000000000000000000, -1.000000000000000000, -0.000000000000000000 ) ) ;
#873 = ORIENTED_EDGE ( 'NONE', *, *, #271, .T. ) ;
#874 = AXIS2_PLACEMENT_3D ( 'NONE', #1662, #1070, #503 ) ;
#875 = DIRECTION ( 'NONE',  ( 0.000000000000000000, 1.000000000000000000, 0.000000000000000000 ) ) ;
#876 = CLOSED_SHELL ( 'NONE', ( #407, #2067, #2055, #2097, #1695, #558, #211, #2487, #25, #7, #103, #737, #2355, #160, #1368, #1064, #1194, #1090, #142, #242, #1067, #1100, #2027, #656, #1952, #2256, #891, #1395, #1255, #1021, #2153, #941, #835, #2321, #1827, #575, #1753, #173, #2038, #27, #1467, #1527, #852, #1901, #1640, #129, #1579, #1921, #801, #1227, #1221, #1595, #1765, #1226, #258, #1258, #1817, #2391, #1641, #1561, #721, #953, #1004, #775, #590, #1242, #706, #958, #284, #666, #1972, #820, #326, #337 ) ) ;
#877 = DIRECTION ( 'NONE',  ( 0.000000000000000000, -0.000000000000000000, 1.000000000000000000 ) ) ;
#878 = AXIS2_PLACEMENT_3D ( 'NONE', #212, #1815, #2010 ) ;
#879 = DIRECTION ( 'NONE',  ( -0.000000000000000000, 0.000000000000000000, -1.000000000000000000 ) ) ;
#880 = EDGE_CURVE ( 'NONE', #986, #277, #974, .T. ) ;
#881 = CARTESIAN_POINT ( 'NONE',  ( 1.527578083870288816, 0.000000000000000000, -3.892384926102396836 ) ) ;
#882 = CARTESIAN_POINT ( 'NONE',  ( 1.909759572204373201, 10.00000000000000000, 2.760943951920020734 ) ) ;
#883 = EDGE_CURVE ( 'NONE', #1624, #2408, #2506, .T. ) ;
#884 = CARTESIAN_POINT ( 'NONE',  ( 0.7996309647072226134, 0.000000000000000000, 3.270028050269809139 ) ) ;
#885 = EDGE_LOOP ( 'NONE', ( #1332, #1192, #1124, #2379, #685 ) ) ;
#886 = CARTESIAN_POINT ( 'NONE',  ( -2.035665573617893465, 10.00000000000000000, -2.669467887361992808 ) ) ;
#887 = CARTESIAN_POINT ( 'NONE',  ( 3.357081043000000875, 10.00000000000000000, 0.000000000000000000 ) ) ;
#888 = DIRECTION ( 'NONE',  ( -0.000000000000000000, -1.000000000000000000, -0.000000000000000000 ) ) ;
#889 = CARTESIAN_POINT ( 'NONE',  ( 0.8981768395064160249, 9.970376588389861183, -3.261480179382770128 ) ) ;
#890 = CARTESIAN_POINT ( 'NONE',  ( 3.384618814573883583, 9.963456142833912565, 0.08196995390778982760 ) ) ;
#891 = ADVANCED_FACE ( 'NONE', ( #635 ), #457, .T. ) ;
#892 = EDGE_CURVE ( 'NONE', #1109, #217, #1038, .T. ) ;
#893 = CARTESIAN_POINT ( 'NONE',  ( 0.000000000000000000, 4.892918957000016889, -1.949999999999999956 ) ) ;
#894 = ORIENTED_EDGE ( 'NONE', *, *, #1439, .T. ) ;
#895 = PLANE ( 'NONE',  #640 ) ;
#896 = AXIS2_PLACEMENT_3D ( 'NONE', #747, #548, #519 ) ;
#897 = PRESENTATION_LAYER_ASSIGNMENT (  '', '', ( #2002 ) ) ;
#898 = DIRECTION ( 'NONE',  ( -0.9510565162951545304, 0.000000000000000000, -0.3090169943749447312 ) ) ;
#899 = CARTESIAN_POINT ( 'NONE',  ( 1.909759572204334122, 16.00000000000000000, -2.760943951920048267 ) ) ;
#900 = AXIS2_PLACEMENT_3D ( 'NONE', #538, #2108, #2286 ) ;
#901 = CARTESIAN_POINT ( 'NONE',  ( 1.211305901837896215, 9.928689621219511707, 3.192768365142521159 ) ) ;
#902 = CARTESIAN_POINT ( 'NONE',  ( 3.215961899580620731, 10.00000000000000000, -0.9631106840419632054 ) ) ;
#903 = CARTESIAN_POINT ( 'NONE',  ( -2.571295841626981993, 9.770519814561200889, 2.466521109639022047 ) ) ;
#904 = VERTEX_POINT ( 'NONE', #1381 ) ;
#905 = EDGE_CURVE ( 'NONE', #424, #2200, #1653, .T. ) ;
#906 = CARTESIAN_POINT ( 'NONE',  ( 0.000000000000000000, 10.00000000000000000, -1.949999999999999956 ) ) ;
#907 = VERTEX_POINT ( 'NONE', #1581 ) ;
#908 = EDGE_CURVE ( 'NONE', #2130, #1960, #997, .T. ) ;
#909 = FACE_BOUND ( 'NONE', #1016, .T. ) ;
#910 = PLANE ( 'NONE',  #1022 ) ;
#911 = CIRCLE ( 'NONE', #84, 2.857081042999999987 ) ;
#912 = AXIS2_PLACEMENT_3D ( 'NONE', #2133, #2485, #547 ) ;
#913 = DIRECTION ( 'NONE',  ( 0.3090169943749581649, -0.000000000000000000, 0.9510565162951500895 ) ) ;
#914 = CARTESIAN_POINT ( 'NONE',  ( 3.393260857927951069, 9.923048358812550873, -0.6235903918165235371 ) ) ;
#915 = CARTESIAN_POINT ( 'NONE',  ( 1.527578083870288816, 8.916010612725225215, -3.892384926102396836 ) ) ;
#916 = CARTESIAN_POINT ( 'NONE',  ( -2.568080356712308276, 9.946472080082282119, -2.245372042250791900 ) ) ;
#917 = CARTESIAN_POINT ( 'NONE',  ( 0.7064481455022076917, 10.00000000001741007, 3.286009477460844597 ) ) ;
#918 = VERTEX_POINT ( 'NONE', #1597 ) ;
#919 = DIRECTION ( 'NONE',  ( 0.000000000000000000, 0.000000000000000000, 1.000000000000000000 ) ) ;
#920 = ORIENTED_EDGE ( 'NONE', *, *, #438, .T. ) ;
#921 = VERTEX_POINT ( 'NONE', #1570 ) ;
#922 = CARTESIAN_POINT ( 'NONE',  ( 1.909759572204334122, 10.00000000000000000, -2.760943951920048267 ) ) ;
#923 = EDGE_CURVE ( 'NONE', #370, #1410, #984, .T. ) ;
#924 = DIRECTION ( 'NONE',  ( 0.000000000000000000, 1.000000000000000000, -0.000000000000000000 ) ) ;
#925 = DIRECTION ( 'NONE',  ( 0.000000000000000000, 0.000000000000000000, 1.000000000000000000 ) ) ;
#926 = DIRECTION ( 'NONE',  ( 0.4868785812001550362, 0.7986355100472940505, -0.3537379952168305808 ) ) ;
#927 = LINE ( 'NONE', #2124, #2422 ) ;
#928 = CARTESIAN_POINT ( 'NONE',  ( -2.502996465100497225, 10.00000000001744205, -2.243197709507583681 ) ) ;
#929 = DIRECTION ( 'NONE',  ( -0.9510565162951500895, 0.000000000000000000, 0.3090169943749581649 ) ) ;
#930 = ORIENTED_EDGE ( 'NONE', *, *, #938, .T. ) ;
#931 = DIRECTION ( 'NONE',  ( -0.000000000000000000, -1.000000000000000000, -0.000000000000000000 ) ) ;
#932 = ORIENTED_EDGE ( 'NONE', *, *, #287, .F. ) ;
#933 = EDGE_LOOP ( 'NONE', ( #948, #1351 ) ) ;
#934 = VERTEX_POINT ( 'NONE', #1024 ) ;
#935 = CARTESIAN_POINT ( 'NONE',  ( 1.565671382664852063, 9.805385467609697869, 3.175326066852160345 ) ) ;
#936 = DIRECTION ( 'NONE',  ( 0.000000000000000000, 1.000000000000000000, 0.000000000000000000 ) ) ;
#937 = COLOUR_RGB ( '',0.7921568627450980005, 0.8196078431372548767, 0.9333333333333333481 ) ;
#938 = EDGE_CURVE ( 'NONE', #1501, #662, #1443, .T. ) ;
#939 = DIRECTION ( 'NONE',  ( -0.000000000000000000, -1.000000000000000000, -0.000000000000000000 ) ) ;
#940 = CARTESIAN_POINT ( 'NONE',  ( 3.449552148148474995, 9.871130500805431751, -0.5592688344585640126 ) ) ;
#941 = ADVANCED_FACE ( 'NONE', ( #432 ), #1755, .T. ) ;
#942 = AXIS2_PLACEMENT_3D ( 'NONE', #1296, #1101, #165 ) ;
#943 = CARTESIAN_POINT ( 'NONE',  ( 0.000000000000000000, 4.892918957000016889, 0.000000000000000000 ) ) ;
#944 = DIRECTION ( 'NONE',  ( -0.000000000000000000, -1.000000000000000000, -0.000000000000000000 ) ) ;
#945 = ORIENTED_EDGE ( 'NONE', *, *, #752, .T. ) ;
#946 = CARTESIAN_POINT ( 'NONE',  ( -7.423091268457489456, 2.037731070277506440, 5.702208490174675681 ) ) ;
#947 = ORIENTED_EDGE ( 'NONE', *, *, #2132, .F. ) ;
#948 = ORIENTED_EDGE ( 'NONE', *, *, #1549, .F. ) ;
#949 = VERTEX_POINT ( 'NONE', #620 ) ;
#950 = CARTESIAN_POINT ( 'NONE',  ( -2.399205492437458176, 9.713812937599833219, 2.776082659806360375 ) ) ;
#951 = DIRECTION ( 'NONE',  ( 1.000000000000000000, 0.000000000000000000, 0.000000000000000000 ) ) ;
#952 = ORIENTED_EDGE ( 'NONE', *, *, #39, .T. ) ;
#953 = ADVANCED_FACE ( 'NONE', ( #2155 ), #1237, .T. ) ;
#954 = CARTESIAN_POINT ( 'NONE',  ( 0.000000000000000000, 0.000000000000000000, 0.000000000000000000 ) ) ;
#955 = CARTESIAN_POINT ( 'NONE',  ( -2.995709616070050263, 9.863678300712273028, -1.762934367544206626 ) ) ;
#956 = VECTOR ( 'NONE', #1319, 100.0000000000000000 ) ;
#957 =( BOUNDED_CURVE ( )  B_SPLINE_CURVE ( 3, ( #2332, #152, #1700, #915 ),
 .UNSPECIFIED., .F., .F. ) 
 B_SPLINE_CURVE_WITH_KNOTS ( ( 4, 4 ),
 ( 3.977921496213520314, 4.712388980384688786 ),
 .UNSPECIFIED. ) 
 CURVE ( )  GEOMETRIC_REPRESENTATION_ITEM ( )  RATIONAL_B_SPLINE_CURVE ( ( 1.000000000000000000, 0.9555493991423478217, 0.9555493991423478217, 1.000000000000000000 ) ) 
 REPRESENTATION_ITEM ( '' )  );
#958 = ADVANCED_FACE ( 'NONE', ( #2443 ), #2069, .F. ) ;
#959 = CARTESIAN_POINT ( 'NONE',  ( -3.523723085894317375, 8.916010612725225215, -2.251117684441532152 ) ) ;
#960 = PLANE ( 'NONE',  #2060 ) ;
#961 = ORIENTED_EDGE ( 'NONE', *, *, #2474, .F. ) ;
#962 = ORIENTED_EDGE ( 'NONE', *, *, #790, .F. ) ;
#963 = EDGE_LOOP ( 'NONE', ( #495, #743, #223, #803 ) ) ;
#964 = CARTESIAN_POINT ( 'NONE',  ( 1.527578083870288816, 0.000000000000000000, -3.892384926102396836 ) ) ;
#965 = ORIENTED_EDGE ( 'NONE', *, *, #1364, .T. ) ;
#966 = DIRECTION ( 'NONE',  ( 0.000000000000000000, 0.000000000000000000, -1.000000000000000000 ) ) ;
#967 = CARTESIAN_POINT ( 'NONE',  ( -2.035665573617893909, 16.00000000000000000, -2.669467887361993697 ) ) ;
#968 = CARTESIAN_POINT ( 'NONE',  ( -2.031340642555540477, 10.00000000000000000, -2.672760431309177509 ) ) ;
#969 = CARTESIAN_POINT ( 'NONE',  ( 0.8168655507555380169, 9.558672630023956174, -3.614106705407433395 ) ) ;
#970 = EDGE_CURVE ( 'NONE', #611, #562, #2013, .T. ) ;
#971 =( BOUNDED_CURVE ( )  B_SPLINE_CURVE ( 3, ( #1086, #1506, #134, #2298 ),
 .UNSPECIFIED., .F., .F. ) 
 B_SPLINE_CURVE_WITH_KNOTS ( ( 4, 4 ),
 ( 1.570796326794896558, 2.199114857512864507 ),
 .UNSPECIFIED. ) 
 CURVE ( )  GEOMETRIC_REPRESENTATION_ITEM ( )  RATIONAL_B_SPLINE_CURVE ( ( 1.000000000000000000, 0.9673710108634346883, 0.9673710108634346883, 1.000000000000000000 ) ) 
 REPRESENTATION_ITEM ( '' )  );
#972 = CARTESIAN_POINT ( 'NONE',  ( 0.000000000000000000, 16.00000000000000000, 0.000000000000000000 ) ) ;
#973 = ORIENTED_EDGE ( 'NONE', *, *, #1842, .T. ) ;
#974 = B_SPLINE_CURVE_WITH_KNOTS ( 'NONE', 3,
 ( #2126, #1356, #1298, #72, #1176, #2348, #834, #1609, #796, #2207 ),
 .UNSPECIFIED., .F., .F.,
 ( 4, 2, 2, 2, 4 ),
 ( 0.000000000000000000, 0.001482210797659544834, 0.002964421595319089667, 0.004446632392978634718, 0.005928843190638179335 ),
 .UNSPECIFIED. ) ;
#975 = ORIENTED_EDGE ( 'NONE', *, *, #1970, .T. ) ;
#976 = ORIENTED_EDGE ( 'NONE', *, *, #694, .F. ) ;
#977 = PLANE ( 'NONE',  #2149 ) ;
#978 = ORIENTED_EDGE ( 'NONE', *, *, #2003, .T. ) ;
#979 = LINE ( 'NONE', #1793, #697 ) ;
#980 = CARTESIAN_POINT ( 'NONE',  ( 0.4217624209222563536, 9.939403798899645537, 3.407693635457922809 ) ) ;
#981 = AXIS2_PLACEMENT_3D ( 'NONE', #2066, #1672, #2461 ) ;
#982 = AXIS2_PLACEMENT_3D ( 'NONE', #550, #913, #1553 ) ;
#983 = CARTESIAN_POINT ( 'NONE',  ( -3.167870086428249188, 16.00000000000000000, -1.111122065653930013 ) ) ;
#984 = LINE ( 'NONE', #2390, #510 ) ;
#985 = CARTESIAN_POINT ( 'NONE',  ( 1.527578083870343661, 0.000000000000000000, 3.892384926102374187 ) ) ;
#986 = VERTEX_POINT ( 'NONE', #882 ) ;
#987 = ORIENTED_EDGE ( 'NONE', *, *, #1160, .T. ) ;
#988 = EDGE_CURVE ( 'NONE', #186, #215, #391, .T. ) ;
#989 = CYLINDRICAL_SURFACE ( 'NONE', #1607, 2.840810430000000331 ) ;
#990 = EDGE_CURVE ( 'NONE', #170, #1450, #1081, .T. ) ;
#991 = CARTESIAN_POINT ( 'NONE',  ( 1.052049825722768395, 0.000000000000000000, 4.046893423289852798 ) ) ;
#992 = ORIENTED_EDGE ( 'NONE', *, *, #2185, .T. ) ;
#993 = CARTESIAN_POINT ( 'NONE',  ( 0.7996309647071764282, 10.00000000000000000, -3.270028050269820685 ) ) ;
#994 = CARTESIAN_POINT ( 'NONE',  ( 2.478634600165443569, 16.00000000000000000, -3.583367931727452049 ) ) ;
#995 = CIRCLE ( 'NONE', #2429, 3.357081043000000875 ) ;
#996 = CARTESIAN_POINT ( 'NONE',  ( 2.472461737334660903, 3.100000000000000089, 0.2950000000000000955 ) ) ;
#997 = LINE ( 'NONE', #2165, #1318 ) ;
#998 = CIRCLE ( 'NONE', #2148, 2.857081042999999987 ) ;
#999 = CARTESIAN_POINT ( 'NONE',  ( -7.423091268457489456, 0.000000000000000000, 5.702208490174675681 ) ) ;
#1000 = ORIENTED_EDGE ( 'NONE', *, *, #908, .F. ) ;
#1001 = DIRECTION ( 'NONE',  ( -0.5877852522924802425, 0.000000000000000000, -0.8090169943749423442 ) ) ;
#1002 = VERTEX_POINT ( 'NONE', #1286 ) ;
#1003 = ORIENTED_EDGE ( 'NONE', *, *, #1697, .F. ) ;
#1004 = ADVANCED_FACE ( 'NONE', ( #324 ), #1415, .T. ) ;
#1005 = DIRECTION ( 'NONE',  ( 0.000000000000000000, 0.000000000000000000, 1.000000000000000000 ) ) ;
#1006 = ORIENTED_EDGE ( 'NONE', *, *, #390, .T. ) ;
#1007 = CARTESIAN_POINT ( 'NONE',  ( 2.653732930956844704, 2.037731070277506440, -8.976367148040749200 ) ) ;
#1008 = DIRECTION ( 'NONE',  ( 0.000000000000000000, 1.000000000000000000, 0.000000000000000000 ) ) ;
#1009 = PRODUCT_CONTEXT ( 'NONE', #1622, 'mechanical' ) ;
#1010 = CYLINDRICAL_SURFACE ( 'NONE', #2079, 1.949999999999999956 ) ;
#1011 = CARTESIAN_POINT ( 'NONE',  ( 3.357081043000000875, 10.00000000000000000, 8.673617379884035472E-17 ) ) ;
#1012 = CARTESIAN_POINT ( 'NONE',  ( -2.472461737334660903, 3.100000000000000089, 0.000000000000000000 ) ) ;
#1013 = VERTEX_POINT ( 'NONE', #128 ) ;
#1014 = FACE_OUTER_BOUND ( 'NONE', #856, .T. ) ;
#1015 = ORIENTED_EDGE ( 'NONE', *, *, #1280, .T. ) ;
#1016 = EDGE_LOOP ( 'NONE', ( #894, #2050 ) ) ;
#1017 = CARTESIAN_POINT ( 'NONE',  ( -3.138550414176018766, 9.997512442031297297, -1.205965246311572425 ) ) ;
#1018 = ORIENTED_EDGE ( 'NONE', *, *, #988, .T. ) ;
#1019 = CARTESIAN_POINT ( 'NONE',  ( 3.515122724732094639, 9.790271604657243998, -0.5480828320015214139 ) ) ;
#1020 = CARTESIAN_POINT ( 'NONE',  ( 1.052049825722711551, 0.000000000000000000, -4.046893423289869673 ) ) ;
#1021 = ADVANCED_FACE ( 'NONE', ( #2035 ), #870, .F. ) ;
#1022 = AXIS2_PLACEMENT_3D ( 'NONE', #1521, #732, #2105 ) ;
#1023 = DIRECTION ( 'NONE',  ( 0.000000000000000000, 0.000000000000000000, -1.000000000000000000 ) ) ;
#1024 = CARTESIAN_POINT ( 'NONE',  ( 2.472461737334660903, 3.100000000000000089, 0.2950000000000000955 ) ) ;
#1025 = EDGE_CURVE ( 'NONE', #2358, #1789, #1275, .T. ) ;
#1026 = CIRCLE ( 'NONE', #1187, 2.857081042999999987 ) ;
#1027 = FACE_OUTER_BOUND ( 'NONE', #2101, .T. ) ;
#1028 = CARTESIAN_POINT ( 'NONE',  ( 3.923434491649434364, 9.248423588762905823, -0.2500000000000000000 ) ) ;
#1029 = ORIENTED_EDGE ( 'NONE', *, *, #1918, .T. ) ;
#1030 = CIRCLE ( 'NONE', #1469, 1.000000000000000222 ) ;
#1031 = ORIENTED_EDGE ( 'NONE', *, *, #1125, .T. ) ;
#1032 = CARTESIAN_POINT ( 'NONE',  ( 0.5997550771332577080, 9.805385467609696093, 3.489171299431910622 ) ) ;
#1033 = ORIENTED_EDGE ( 'NONE', *, *, #670, .F. ) ;
#1034 = FACE_OUTER_BOUND ( 'NONE', #268, .T. ) ;
#1035 = FACE_OUTER_BOUND ( 'NONE', #1635, .T. ) ;
#1036 = EDGE_CURVE ( 'NONE', #1358, #2145, #1844, .T. ) ;
#1037 = CARTESIAN_POINT ( 'NONE',  ( -2.906876243541023364, 10.00000000001751488, -1.687304884418514339 ) ) ;
#1038 = LINE ( 'NONE', #221, #1724 ) ;
#1039 = AXIS2_PLACEMENT_3D ( 'NONE', #1214, #445, #1172 ) ;
#1040 = EDGE_CURVE ( 'NONE', #1531, #1345, #2123, .T. ) ;
#1041 = CARTESIAN_POINT ( 'NONE',  ( 2.472461737334660903, 3.100000000000000089, -0.2950000000000000955 ) ) ;
#1042 = PRESENTATION_STYLE_ASSIGNMENT (( #473 ) ) ;
#1043 = ORIENTED_EDGE ( 'NONE', *, *, #2166, .T. ) ;
#1044 = AXIS2_PLACEMENT_3D ( 'NONE', #499, #1671, #2236 ) ;
#1045 = ORIENTED_EDGE ( 'NONE', *, *, #287, .T. ) ;
#1046 = CARTESIAN_POINT ( 'NONE',  ( 3.449732754949297320, 9.870899395104574481, 0.5591153814133545952 ) ) ;
#1047 = ORIENTED_EDGE ( 'NONE', *, *, #1669, .T. ) ;
#1048 = CARTESIAN_POINT ( 'NONE',  ( 3.498915154214531049E-16, 16.00000000000000000, 2.857081042999999987 ) ) ;
#1049 = CARTESIAN_POINT ( 'NONE',  ( 0.5649749104120074250, 9.790271604656023641, -3.512447282347968436 ) ) ;
#1050 = CARTESIAN_POINT ( 'NONE',  ( 3.503733612091612049, 9.805385467609648131, 0.5078122535212917787 ) ) ;
#1051 = ORIENTED_EDGE ( 'NONE', *, *, #1212, .F. ) ;
#1052 = EDGE_CURVE ( 'NONE', #276, #184, #844, .T. ) ;
#1053 = CARTESIAN_POINT ( 'NONE',  ( -2.400585032697665433, 9.909437148577239896, -2.494003590310708507 ) ) ;
#1054 = CARTESIAN_POINT ( 'NONE',  ( 3.857637417314162689E-16, 22.00000000000000000, 3.149999999999999911 ) ) ;
#1055 = ORIENTED_EDGE ( 'NONE', *, *, #1626, .T. ) ;
#1056 = DIRECTION ( 'NONE',  ( 0.000000000000000000, 1.000000000000000000, 0.000000000000000000 ) ) ;
#1057 = LINE ( 'NONE', #1832, #1908 ) ;
#1058 = DIRECTION ( 'NONE',  ( 0.000000000000000000, 0.000000000000000000, -1.000000000000000000 ) ) ;
#1059 = FACE_OUTER_BOUND ( 'NONE', #403, .T. ) ;
#1060 = ORIENTED_EDGE ( 'NONE', *, *, #2075, .F. ) ;
#1061 = AXIS2_PLACEMENT_3D ( 'NONE', #1483, #2271, #1291 ) ;
#1062 = CARTESIAN_POINT ( 'NONE',  ( -0.2377641290737875501, 0.000000000000000000, 0.07725424859373955511 ) ) ;
#1063 = AXIS2_PLACEMENT_3D ( 'NONE', #88, #285, #238 ) ;
#1064 = ADVANCED_FACE ( 'NONE', ( #2477 ), #2503, .F. ) ;
#1065 = CARTESIAN_POINT ( 'NONE',  ( 1.037395093780965061, 10.00000000000000000, -3.192773801676085377 ) ) ;
#1066 = ORIENTED_EDGE ( 'NONE', *, *, #2343, .T. ) ;
#1067 = ADVANCED_FACE ( 'NONE', ( #1699, #2122 ), #750, .T. ) ;
#1068 = LINE ( 'NONE', #857, #2093 ) ;
#1069 = DIRECTION ( 'NONE',  ( -0.000000000000000000, -1.000000000000000000, -0.000000000000000000 ) ) ;
#1070 = DIRECTION ( 'NONE',  ( -0.000000000000000000, -1.000000000000000000, -0.000000000000000000 ) ) ;
#1071 = CARTESIAN_POINT ( 'NONE',  ( 1.921898106613630475, 9.901912455097640731, -2.983099410723867528 ) ) ;
#1072 = ORIENTED_EDGE ( 'NONE', *, *, #1425, .T. ) ;
#1073 = CIRCLE ( 'NONE', #1244, 3.149999999999999911 ) ;
#1074 = CARTESIAN_POINT ( 'NONE',  ( 3.357081043000000875, 10.00000000000000000, 0.2500000000000000000 ) ) ;
#1075 = AXIS2_PLACEMENT_3D ( 'NONE', #2128, #1909, #341 ) ;
#1076 = DIRECTION ( 'NONE',  ( 0.000000000000000000, 1.000000000000000000, 0.000000000000000000 ) ) ;
#1077 = VECTOR ( 'NONE', #1076, 100.0000000000000000 ) ;
#1078 = CARTESIAN_POINT ( 'NONE',  ( 1.830084232108956321, 9.997514792513999993, -2.820590762992282396 ) ) ;
#1079 = EDGE_CURVE ( 'NONE', #1108, #1446, #1278, .T. ) ;
#1080 = DIRECTION ( 'NONE',  ( 0.000000000000000000, 0.000000000000000000, 1.000000000000000000 ) ) ;
#1081 = LINE ( 'NONE', #1655, #2262 ) ;
#1082 = DIRECTION ( 'NONE',  ( -0.000000000000000000, -1.000000000000000000, -0.000000000000000000 ) ) ;
#1083 = EDGE_LOOP ( 'NONE', ( #492, #2243, #2383, #1706 ) ) ;
#1084 = CARTESIAN_POINT ( 'NONE',  ( -2.117014096086442532, 9.997514792513998216, -2.612124014257843463 ) ) ;
#1085 = CARTESIAN_POINT ( 'NONE',  ( 0.5997550771332063047, 9.805385467609696093, -3.489171299431919948 ) ) ;
#1086 = CARTESIAN_POINT ( 'NONE',  ( -3.229830459748044724, 8.916010612725225215, 2.655626181629053839 ) ) ;
#1087 = EDGE_CURVE ( 'NONE', #1211, #1358, #335, .T. ) ;
#1088 = CARTESIAN_POINT ( 'NONE',  ( 0.7578240791556535294, 9.946472080084388878, -3.326023901252856962 ) ) ;
#1089 = DIRECTION ( 'NONE',  ( 0.4868785812001601987, 0.7986355100472940505, 0.3537379952168235309 ) ) ;
#1090 = ADVANCED_FACE ( 'NONE', ( #362, #2464 ), #2283, .F. ) ;
#1091 = CARTESIAN_POINT ( 'NONE',  ( 0.000000000000000000, 16.00000000000000000, 0.000000000000000000 ) ) ;
#1092 = ORIENTED_EDGE ( 'NONE', *, *, #99, .T. ) ;
#1093 = LINE ( 'NONE', #1468, #1726 ) ;
#1094 = VECTOR ( 'NONE', #1893, 100.0000000000000000 ) ;
#1095 = AXIS2_PLACEMENT_3D ( 'NONE', #205, #966, #1494 ) ;
#1096 = CARTESIAN_POINT ( 'NONE',  ( 0.3228375292943589381, 9.974208040145732923, -3.379706561310306778 ) ) ;
#1097 = DIRECTION ( 'NONE',  ( 0.000000000000000000, -1.000000000000000000, 0.000000000000000000 ) ) ;
#1098 = CARTESIAN_POINT ( 'NONE',  ( 3.357081043000000875, 0.000000000000000000, 0.2500000000000000000 ) ) ;
#1099 = CARTESIAN_POINT ( 'NONE',  ( 0.000000000000000000, 0.000000000000000000, 0.000000000000000000 ) ) ;
#1100 = ADVANCED_FACE ( 'NONE', ( #2489, #2091 ), #1920, .F. ) ;
#1101 = DIRECTION ( 'NONE',  ( 0.000000000000000000, 1.000000000000000000, 0.000000000000000000 ) ) ;
#1102 = CARTESIAN_POINT ( 'NONE',  ( 1.789813359264602166, 9.999999999966446396, -2.844204194458805457 ) ) ;
#1103 = CARTESIAN_POINT ( 'NONE',  ( 0.8981768395051538123, 9.970376588392257489, 3.261480179380515043 ) ) ;
#1104 = VERTEX_POINT ( 'NONE', #1510 ) ;
#1105 = EDGE_CURVE ( 'NONE', #78, #184, #1928, .T. ) ;
#1106 = EDGE_CURVE ( 'NONE', #1108, #1703, #114, .T. ) ;
#1107 = FACE_OUTER_BOUND ( 'NONE', #1576, .T. ) ;
#1108 = VERTEX_POINT ( 'NONE', #389 ) ;
#1109 = VERTEX_POINT ( 'NONE', #2316 ) ;
#1110 = AXIS2_PLACEMENT_3D ( 'NONE', #2251, #283, #514 ) ;
#1111 = FACE_OUTER_BOUND ( 'NONE', #9, .T. ) ;
#1112 = CARTESIAN_POINT ( 'NONE',  ( 0.1009933094276185134, 0.000000000000000000, 4.355910417664811796 ) ) ;
#1113 = CIRCLE ( 'NONE', #1568, 1.949999999999999956 ) ;
#1114 = DIRECTION ( 'NONE',  ( 0.000000000000000000, 1.000000000000000000, -0.000000000000000000 ) ) ;
#1115 = DIRECTION ( 'NONE',  ( 0.000000000000000000, 0.000000000000000000, 1.000000000000000000 ) ) ;
#1116 = B_SPLINE_CURVE_WITH_KNOTS ( 'NONE', 3,
 ( #465, #1987, #1046, #1819, #654, #843, #2407, #2225, #1196, #40, #255, #829, #667, #1804 ),
 .UNSPECIFIED., .F., .F.,
 ( 4, 2, 2, 2, 2, 2, 4 ),
 ( 0.000000000000000000, 0.001477386591378167593, 0.002216079887067233609, 0.002954773182756299625, 0.003693466478445365641, 0.004432159774134431657, 0.005909546365512568025 ),
 .UNSPECIFIED. ) ;
#1117 = CARTESIAN_POINT ( 'NONE',  ( 0.6762986909384929302, 9.833339162961905799, -3.442152119121898224 ) ) ;
#1118 = DIRECTION ( 'NONE',  ( 0.2467919449159265977, 0.6018150231520468241, 0.7595475059751798375 ) ) ;
#1119 = CARTESIAN_POINT ( 'NONE',  ( 0.7578240791558182865, 9.946472080086490308, 3.326023901254954840 ) ) ;
#1120 = ORIENTED_EDGE ( 'NONE', *, *, #493, .F. ) ;
#1121 = LINE ( 'NONE', #199, #1645 ) ;
#1122 = VERTEX_POINT ( 'NONE', #1485 ) ;
#1123 = ORIENTED_EDGE ( 'NONE', *, *, #1697, .T. ) ;
#1124 = ORIENTED_EDGE ( 'NONE', *, *, #1508, .F. ) ;
#1125 = EDGE_CURVE ( 'NONE', #1238, #2351, #522, .T. ) ;
#1126 = DIRECTION ( 'NONE',  ( -0.000000000000000000, -1.000000000000000000, -0.000000000000000000 ) ) ;
#1127 = CARTESIAN_POINT ( 'NONE',  ( 0.000000000000000000, 1.300000000000000044, 0.000000000000000000 ) ) ;
#1128 = DIRECTION ( 'NONE',  ( -0.8090169943749423442, 0.000000000000000000, 0.5877852522924802425 ) ) ;
#1129 = DIRECTION ( 'NONE',  ( 0.000000000000000000, 0.000000000000000000, 1.000000000000000000 ) ) ;
#1130 = DIRECTION ( 'NONE',  ( 0.000000000000000000, 0.000000000000000000, 1.000000000000000000 ) ) ;
#1131 =( BOUNDED_CURVE ( )  B_SPLINE_CURVE ( 3, ( #1276, #154, #903, #120 ),
 .UNSPECIFIED., .F., .F. ) 
 B_SPLINE_CURVE_WITH_KNOTS ( ( 4, 4 ),
 ( 2.199114857512864507, 2.305263810965987314 ),
 .UNSPECIFIED. ) 
 CURVE ( )  GEOMETRIC_REPRESENTATION_ITEM ( )  RATIONAL_B_SPLINE_CURVE ( ( 1.000000000000000000, 0.9990612537006514637, 0.9990612537006514637, 1.000000000000000000 ) ) 
 REPRESENTATION_ITEM ( '' )  );
#1132 = CARTESIAN_POINT ( 'NONE',  ( -2.463081119283151210, 9.748242275407530855, -2.644026208425320323 ) ) ;
#1133 = CARTESIAN_POINT ( 'NONE',  ( 0.1985736100384260794, 9.901912455097642507, 3.543041482661817732 ) ) ;
#1134 = EDGE_LOOP ( 'NONE', ( #1498, #158, #224, #1867 ) ) ;
#1135 = CYLINDRICAL_SURFACE ( 'NONE', #1075, 1.000000000000000222 ) ;
#1136 = VERTEX_POINT ( 'NONE', #1337 ) ;
#1137 = EDGE_LOOP ( 'NONE', ( #1401, #1967, #625 ) ) ;
#1138 = ORIENTED_EDGE ( 'NONE', *, *, #1087, .T. ) ;
#1139 = EDGE_CURVE ( 'NONE', #424, #674, #871, .T. ) ;
#1140 = CARTESIAN_POINT ( 'NONE',  ( 0.000000000000000000, 4.799999999999999822, 0.000000000000000000 ) ) ;
#1141 = VECTOR ( 'NONE', #2250, 100.0000000000000000 ) ;
#1142 = FACE_OUTER_BOUND ( 'NONE', #1530, .T. ) ;
#1143 = AXIS2_PLACEMENT_3D ( 'NONE', #765, #1536, #2076 ) ;
#1144 = EDGE_CURVE ( 'NONE', #2408, #1792, #837, .T. ) ;
#1145 = VECTOR ( 'NONE', #1983, 100.0000000000000000 ) ;
#1146 = DIRECTION ( 'NONE',  ( -0.000000000000000000, -1.000000000000000000, -0.000000000000000000 ) ) ;
#1147 = CARTESIAN_POINT ( 'NONE',  ( 0.5700509502531708739, 9.839139663380743528, 3.472078171270037039 ) ) ;
#1148 = PLANE ( 'NONE',  #1463 ) ;
#1149 = CARTESIAN_POINT ( 'NONE',  ( 0.8080884358346541729, 9.886544988537972145, 3.357174270987292708 ) ) ;
#1150 = CARTESIAN_POINT ( 'NONE',  ( -3.119532200330527694, 9.870899395104562046, 1.575368192329693384 ) ) ;
#1151 = ORIENTED_EDGE ( 'NONE', *, *, #691, .T. ) ;
#1152 = ORIENTED_EDGE ( 'NONE', *, *, #1087, .F. ) ;
#1153 = ORIENTED_EDGE ( 'NONE', *, *, #1839, .F. ) ;
#1154 = AXIS2_PLACEMENT_3D ( 'NONE', #406, #793, #54 ) ;
#1155 = CARTESIAN_POINT ( 'NONE',  ( 0.000000000000000000, 22.00000000000000000, 0.000000000000000000 ) ) ;
#1156 = VECTOR ( 'NONE', #43, 100.0000000000000000 ) ;
#1157 = ORIENTED_EDGE ( 'NONE', *, *, #404, .T. ) ;
#1158 = CARTESIAN_POINT ( 'NONE',  ( -7.423091268457489456, 2.037731070277506440, 5.702208490174675681 ) ) ;
#1159 = CARTESIAN_POINT ( 'NONE',  ( 3.477263852141086797, 9.840512025481530145, -0.5317143215343230755 ) ) ;
#1160 = EDGE_CURVE ( 'NONE', #184, #366, #1533, .T. ) ;
#1161 = DIRECTION ( 'NONE',  ( 0.000000000000000000, 1.000000000000000000, 0.000000000000000000 ) ) ;
#1162 = AXIS2_PLACEMENT_3D ( 'NONE', #113, #289, #898 ) ;
#1163 = CARTESIAN_POINT ( 'NONE',  ( -2.824300070006484198, 9.970376588390216455, -1.862069738242148498 ) ) ;
#1164 = FACE_OUTER_BOUND ( 'NONE', #838, .T. ) ;
#1165 = DIRECTION ( 'NONE',  ( 0.000000000000000000, 0.000000000000000000, -1.000000000000000000 ) ) ;
#1166 = VERTEX_POINT ( 'NONE', #1963 ) ;
#1167 = EDGE_LOOP ( 'NONE', ( #572, #1601 ) ) ;
#1168 = ORIENTED_EDGE ( 'NONE', *, *, #1025, .T. ) ;
#1169 = CARTESIAN_POINT ( 'NONE',  ( -3.167870086428233201, 16.00000000000000000, 1.111122065653975755 ) ) ;
#1170 = ORIENTED_EDGE ( 'NONE', *, *, #1052, .T. ) ;
#1171 = DIRECTION ( 'NONE',  ( -0.000000000000000000, 1.000000000000000000, -0.000000000000000000 ) ) ;
#1172 = DIRECTION ( 'NONE',  ( 0.000000000000000000, -0.000000000000000000, 1.000000000000000000 ) ) ;
#1173 = APPLICATION_PROTOCOL_DEFINITION ( 'draft international standard', 'automotive_design', 1998, #1587 ) ;
#1174 = EDGE_CURVE ( 'NONE', #171, #1590, #455, .T. ) ;
#1175 = CARTESIAN_POINT ( 'NONE',  ( -2.272259525435406324, 9.999999999982559729, -2.476643679981142210 ) ) ;
#1176 = CARTESIAN_POINT ( 'NONE',  ( 1.725360626193174207, 9.974208040145734699, 2.923999182706300992 ) ) ;
#1177 = EDGE_CURVE ( 'NONE', #949, #369, #2193, .T. ) ;
#1178 = DIRECTION ( 'NONE',  ( -0.1859710696241413386, 0.7986355100472940505, -0.5723600993730706410 ) ) ;
#1179 = EDGE_LOOP ( 'NONE', ( #2497, #1657, #228 ) ) ;
#1180 = VERTEX_POINT ( 'NONE', #1418 ) ;
#1181 = ORIENTED_EDGE ( 'NONE', *, *, #2284, .T. ) ;
#1182 = LINE ( 'NONE', #1222, #2063 ) ;
#1183 = VERTEX_POINT ( 'NONE', #2399 ) ;
#1184 = DIRECTION ( 'NONE',  ( -0.1859710696241333172, 0.7986355100472939395, 0.5723600993730734166 ) ) ;
#1185 = DIRECTION ( 'NONE',  ( 0.000000000000000000, 0.000000000000000000, -1.000000000000000000 ) ) ;
#1186 = CIRCLE ( 'NONE', #19, 3.357081043000000875 ) ;
#1187 = AXIS2_PLACEMENT_3D ( 'NONE', #1213, #594, #82 ) ;
#1188 = CARTESIAN_POINT ( 'NONE',  ( 0.000000000000000000, 13.00000000000000000, 0.000000000000000000 ) ) ;
#1189 = CARTESIAN_POINT ( 'NONE',  ( -2.715935615280956839, 10.00000000000000000, 1.973242727826057363 ) ) ;
#1190 = LINE ( 'NONE', #1966, #642 ) ;
#1191 = ORIENTED_EDGE ( 'NONE', *, *, #2431, .F. ) ;
#1192 = ORIENTED_EDGE ( 'NONE', *, *, #1310, .T. ) ;
#1193 = PRODUCT_DEFINITION ( 'UNKNOWN', '', #1915, #13 ) ;
#1194 = ADVANCED_FACE ( 'NONE', ( #616, #1225 ), #206, .T. ) ;
#1195 = ORIENTED_EDGE ( 'NONE', *, *, #1752, .F. ) ;
#1196 = CARTESIAN_POINT ( 'NONE',  ( 3.314703018322314509, 9.972869472713545846, 0.7378289034817999692 ) ) ;
#1197 = ORIENTED_EDGE ( 'NONE', *, *, #1865, .F. ) ;
#1198 = CARTESIAN_POINT ( 'NONE',  ( 3.357081042950702532, 10.00000000006541967, -0.1744222696313826593 ) ) ;
#1199 = FACE_OUTER_BOUND ( 'NONE', #1344, .T. ) ;
#1200 = CIRCLE ( 'NONE', #1973, 2.857081042999999987 ) ;
#1201 = FACE_OUTER_BOUND ( 'NONE', #764, .T. ) ;
#1202 = CARTESIAN_POINT ( 'NONE',  ( 0.8168655507555904194, 9.558672630023956174, 3.614106705407421849 ) ) ;
#1203 = AXIS2_PLACEMENT_3D ( 'NONE', #1791, #802, #1589 ) ;
#1204 = DIRECTION ( 'NONE',  ( 0.000000000000000000, 0.000000000000000000, -1.000000000000000000 ) ) ;
#1205 = ORIENTED_EDGE ( 'NONE', *, *, #790, .T. ) ;
#1206 = DIRECTION ( 'NONE',  ( 0.000000000000000000, 0.000000000000000000, 1.000000000000000000 ) ) ;
#1207 = VERTEX_POINT ( 'NONE', #257 ) ;
#1208 = EDGE_LOOP ( 'NONE', ( #1910, #187, #1359, #560 ) ) ;
#1209 = EDGE_CURVE ( 'NONE', #791, #904, #1744, .T. ) ;
#1210 = DIRECTION ( 'NONE',  ( -0.000000000000000000, -1.000000000000000000, -0.000000000000000000 ) ) ;
#1211 = VERTEX_POINT ( 'NONE', #832 ) ;
#1212 = EDGE_CURVE ( 'NONE', #1792, #78, #1758, .T. ) ;
#1213 = CARTESIAN_POINT ( 'NONE',  ( 0.000000000000000000, 5.800000000000007816, 0.000000000000000000 ) ) ;
#1214 = CARTESIAN_POINT ( 'NONE',  ( 0.000000000000000000, 16.00000000000000000, 0.000000000000000000 ) ) ;
#1215 = LINE ( 'NONE', #996, #2416 ) ;
#1216 = CARTESIAN_POINT ( 'NONE',  ( 3.572738462958666705, 9.713812937599833219, 0.8356804438990813599 ) ) ;
#1217 = CARTESIAN_POINT ( 'NONE',  ( 0.07781418826119625154, 10.00000000000000000, 3.356179089586135866 ) ) ;
#1218 = CARTESIAN_POINT ( 'NONE',  ( 0.000000000000000000, 22.00000000000000000, -3.149999999999999911 ) ) ;
#1219 = ORIENTED_EDGE ( 'NONE', *, *, #322, .T. ) ;
#1220 = VERTEX_POINT ( 'NONE', #1020 ) ;
#1221 = ADVANCED_FACE ( 'NONE', ( #30 ), #2152, .F. ) ;
#1222 = CARTESIAN_POINT ( 'NONE',  ( 9.357081043000000875, 2.037731070277506440, -0.2500000000000000000 ) ) ;
#1223 = ORIENTED_EDGE ( 'NONE', *, *, #2211, .T. ) ;
#1224 = CARTESIAN_POINT ( 'NONE',  ( 1.565671382664970190, 9.805385467609646355, -3.175326066852171003 ) ) ;
#1225 = FACE_OUTER_BOUND ( 'NONE', #2370, .T. ) ;
#1226 = ADVANCED_FACE ( 'NONE', ( #805 ), #69, .F. ) ;
#1227 = ADVANCED_FACE ( 'NONE', ( #1567 ), #1770, .F. ) ;
#1228 = AXIS2_PLACEMENT_3D ( 'NONE', #301, #115, #879 ) ;
#1229 = DIRECTION ( 'NONE',  ( 0.000000000000000000, 0.000000000000000000, -1.000000000000000000 ) ) ;
#1230 = DIRECTION ( 'NONE',  ( 0.000000000000000000, 1.000000000000000000, 0.000000000000000000 ) ) ;
#1231 = AXIS2_PLACEMENT_3D ( 'NONE', #535, #1146, #1307 ) ;
#1232 = DIRECTION ( 'NONE',  ( -0.000000000000000000, -1.000000000000000000, -0.000000000000000000 ) ) ;
#1233 = DIRECTION ( 'NONE',  ( 0.000000000000000000, 0.000000000000000000, -1.000000000000000000 ) ) ;
#1234 = ORIENTED_EDGE ( 'NONE', *, *, #1400, .F. ) ;
#1235 = CARTESIAN_POINT ( 'NONE',  ( -7.716983894603808736, 2.037731070277506440, -5.297699992987093154 ) ) ;
#1236 = DIRECTION ( 'NONE',  ( 0.000000000000000000, 0.000000000000000000, 1.000000000000000000 ) ) ;
#1237 =( BOUNDED_SURFACE ( )  B_SPLINE_SURFACE ( 3, 2, ( 
 ( #1189, #1992, #260 ),
 ( #808, #1453, #490 ),
 ( #2222, #2261, #2232 ),
 ( #107, #702, #660 ),
 ( #471, #1462, #859 ),
 ( #2453, #683, #1243 ) ),
 .UNSPECIFIED., .F., .F., .T. ) 
 B_SPLINE_SURFACE_WITH_KNOTS ( ( 4, 2, 4 ),
 ( 3, 3 ),
 ( -3.579676697372255679E-05, 0.004522367639277657080, 0.009080532045529035937 ),
 ( 0.000000000000000000, 1.000000000000000000 ),
 .UNSPECIFIED. ) 
 GEOMETRIC_REPRESENTATION_ITEM ( )  RATIONAL_B_SPLINE_SURFACE ( (
 ( 1.000000000000000000, 1.000000000000000000, 1.000000000000000000),
 ( 1.000000000000000000, 0.9999971713164579334, 1.000000000000000000),
 ( 1.000000000000000000, 0.9972941864887482355, 1.000000000000000000),
 ( 1.000000000000000000, 0.9873438263594730424, 1.000000000000000000),
 ( 1.000000000000000000, 0.9800842286240005752, 1.000000000000000000),
 ( 1.000000000000000000, 0.9710943484845422358, 1.000000000000000000) ) ) 
 REPRESENTATION_ITEM ( '' )  SURFACE ( )  );
#1238 = VERTEX_POINT ( 'NONE', #2178 ) ;
#1239 = DIRECTION ( 'NONE',  ( 0.000000000000000000, -1.000000000000000000, 0.000000000000000000 ) ) ;
#1240 = CARTESIAN_POINT ( 'NONE',  ( 1.597776374185250869, 9.870899395104576257, -3.108114661398210021 ) ) ;
#1241 = B_SPLINE_CURVE_WITH_KNOTS ( 'NONE', 3,
 ( #1860, #1683, #2427, #677, #866, #887 ),
 .UNSPECIFIED., .F., .F.,
 ( 4, 2, 4 ),
 ( 0.000000000000000000, 0.002816304339577623342, 0.005632608679155246684 ),
 .UNSPECIFIED. ) ;
#1242 = ADVANCED_FACE ( 'NONE', ( #2162 ), #416, .F. ) ;
#1243 = CARTESIAN_POINT ( 'NONE',  ( -3.381606773543684774, 9.713812937599833219, 1.423923297844056357 ) ) ;
#1244 = AXIS2_PLACEMENT_3D ( 'NONE', #1718, #365, #2508 ) ;
#1245 = CARTESIAN_POINT ( 'NONE',  ( -3.167870086428232312, 10.00000000000000000, 1.111122065653975532 ) ) ;
#1246 = ORIENTED_EDGE ( 'NONE', *, *, #1939, .T. ) ;
#1247 = DIRECTION ( 'NONE',  ( -0.6018150231520466020, 0.7986355100472940505, -0.000000000000000000 ) ) ;
#1248 = VECTOR ( 'NONE', #929, 100.0000000000000142 ) ;
#1249 = B_SPLINE_CURVE_WITH_KNOTS ( 'NONE', 3,
 ( #2396, #643, #1575, #2418, #2202, #1974 ),
 .UNSPECIFIED., .F., .F.,
 ( 4, 2, 4 ),
 ( 0.000000000000000000, 0.002816304339577624209, 0.005632608679155248418 ),
 .UNSPECIFIED. ) ;
#1250 = DIRECTION ( 'NONE',  ( -0.000000000000000000, -1.000000000000000000, -0.000000000000000000 ) ) ;
#1251 = EDGE_LOOP ( 'NONE', ( #145, #1945, #2234, #201 ) ) ;
#1252 = CARTESIAN_POINT ( 'NONE',  ( 0.9679466743802671580, 9.963456142833804208, 3.244293887561340739 ) ) ;
#1253 = FACE_OUTER_BOUND ( 'NONE', #1805, .T. ) ;
#1254 = CARTESIAN_POINT ( 'NONE',  ( 1.789813359265030046, 9.999999999966359354, 2.844204194458716195 ) ) ;
#1255 = ADVANCED_FACE ( 'NONE', ( #1199 ), #1977, .F. ) ;
#1256 = PLANE ( 'NONE',  #784 ) ;
#1257 = ORIENTED_EDGE ( 'NONE', *, *, #1856, .T. ) ;
#1258 = ADVANCED_FACE ( 'NONE', ( #1035 ), #468, .F. ) ;
#1259 = CYLINDRICAL_SURFACE ( 'NONE', #278, 2.857081042999999987 ) ;
#1260 = CARTESIAN_POINT ( 'NONE',  ( 0.1770756902471999628, 9.997512442031297297, -3.357602578858802200 ) ) ;
#1261 = ORIENTED_EDGE ( 'NONE', *, *, #806, .T. ) ;
#1262 = CARTESIAN_POINT ( 'NONE',  ( 3.129261189104547203, 0.000000000000000000, 8.821858650853229733 ) ) ;
#1263 = DIRECTION ( 'NONE',  ( -0.000000000000000000, -1.000000000000000000, -0.000000000000000000 ) ) ;
#1264 = CARTESIAN_POINT ( 'NONE',  ( 3.459806811615190991, 9.863678300712230396, 0.3345900691658950099 ) ) ;
#1265 = AXIS2_PLACEMENT_3D ( 'NONE', #323, #1274, #1843 ) ;
#1266 = ORIENTED_EDGE ( 'NONE', *, *, #880, .F. ) ;
#1267 = AXIS2_PLACEMENT_3D ( 'NONE', #1824, #637, #1206 ) ;
#1268 = CARTESIAN_POINT ( 'NONE',  ( 1.387353167611157012, 9.863678300712232172, -3.187077795787642831 ) ) ;
#1269 = AXIS2_PLACEMENT_3D ( 'NONE', #1623, #2413, #661 ) ;
#1270 = EDGE_CURVE ( 'NONE', #1374, #662, #1068, .T. ) ;
#1271 = AXIS2_PLACEMENT_3D ( 'NONE', #692, #1487, #1677 ) ;
#1272 = FACE_OUTER_BOUND ( 'NONE', #641, .T. ) ;
#1273 = CARTESIAN_POINT ( 'NONE',  ( 0.5997550771332577080, 9.805385467609696093, 3.489171299431910622 ) ) ;
#1274 = DIRECTION ( 'NONE',  ( 0.000000000000000000, 1.000000000000000000, 0.000000000000000000 ) ) ;
#1275 = LINE ( 'NONE', #1432, #596 ) ;
#1276 = CARTESIAN_POINT ( 'NONE',  ( -2.642045207455564260, 9.696027988004811249, 2.464643176003995961 ) ) ;
#1277 = ORIENTED_EDGE ( 'NONE', *, *, #2241, .T. ) ;
#1278 = CIRCLE ( 'NONE', #149, 3.357081043000000875 ) ;
#1279 = CARTESIAN_POINT ( 'NONE',  ( -2.269944160990217341, 9.966411336309315416, -2.536155614209898435 ) ) ;
#1280 = EDGE_CURVE ( 'NONE', #2012, #1122, #995, .T. ) ;
#1281 = LINE ( 'NONE', #124, #1932 ) ;
#1282 = AXIS2_PLACEMENT_3D ( 'NONE', #972, #1598, #2392 ) ;
#1283 = PLANE ( 'NONE',  #981 ) ;
#1284 = EDGE_CURVE ( 'NONE', #674, #907, #669, .T. ) ;
#1285 = CARTESIAN_POINT ( 'NONE',  ( -3.229830459748082916, 8.916010612725225215, -2.655626181629007654 ) ) ;
#1286 = CARTESIAN_POINT ( 'NONE',  ( 2.653732930956972158, 0.000000000000000000, 8.976367148040708344 ) ) ;
#1287 = LINE ( 'NONE', #1866, #665 ) ;
#1288 = ORIENTED_EDGE ( 'NONE', *, *, #2219, .T. ) ;
#1289 = CARTESIAN_POINT ( 'NONE',  ( 0.000000000000000000, 22.00000000000000000, 0.000000000000000000 ) ) ;
#1290 = CARTESIAN_POINT ( 'NONE',  ( 3.498915154214531049E-16, 14.00000000000000711, 2.857081042999999987 ) ) ;
#1291 = DIRECTION ( 'NONE',  ( 0.000000000000000000, 0.000000000000000000, 1.000000000000000000 ) ) ;
#1292 = EDGE_CURVE ( 'NONE', #1220, #1166, #868, .T. ) ;
#1293 = PLANE ( 'NONE',  #1143 ) ;
#1294 = DIRECTION ( 'NONE',  ( 0.000000000000000000, 1.000000000000000000, 0.000000000000000000 ) ) ;
#1295 = EDGE_CURVE ( 'NONE', #1971, #1788, #1200, .T. ) ;
#1296 = CARTESIAN_POINT ( 'NONE',  ( 0.000000000000000000, 22.00000000000000000, 0.000000000000000000 ) ) ;
#1297 = CARTESIAN_POINT ( 'NONE',  ( 0.000000000000000000, 22.00000000000000000, -2.840810430000000331 ) ) ;
#1298 = CARTESIAN_POINT ( 'NONE',  ( 1.830292036211743634, 9.997512442031297297, 2.820440025920718519 ) ) ;
#1299 = ORIENTED_EDGE ( 'NONE', *, *, #1986, .F. ) ;
#1300 = LINE ( 'NONE', #946, #1479 ) ;
#1301 = ORIENTED_EDGE ( 'NONE', *, *, #1856, .F. ) ;
#1302 = ORIENTED_EDGE ( 'NONE', *, *, #2404, .F. ) ;
#1303 = AXIS2_PLACEMENT_3D ( 'NONE', #2179, #431, #1759 ) ;
#1304 = AXIS2_PLACEMENT_3D ( 'NONE', #954, #1874, #925 ) ;
#1305 = CARTESIAN_POINT ( 'NONE',  ( -2.463081119280607023, 9.748242275409941371, 2.644026208425712898 ) ) ;
#1306 = CARTESIAN_POINT ( 'NONE',  ( 3.215961899580620731, 0.000000000000000000, -0.9631106840419632054 ) ) ;
#1307 = DIRECTION ( 'NONE',  ( 0.000000000000000000, 0.000000000000000000, -1.000000000000000000 ) ) ;
#1308 = CARTESIAN_POINT ( 'NONE',  ( 0.000000000000000000, 22.00000000000000000, 0.000000000000000000 ) ) ;
#1309 = LINE ( 'NONE', #1732, #2005 ) ;
#1310 = EDGE_CURVE ( 'NONE', #2157, #717, #303, .T. ) ;
#1311 = CARTESIAN_POINT ( 'NONE',  ( -2.627054803408993333, 9.886544988539858636, -2.241028573174541627 ) ) ;
#1312 = PLANE ( 'NONE',  #346 ) ;
#1313 = ORIENTED_EDGE ( 'NONE', *, *, #1669, .F. ) ;
#1314 = CARTESIAN_POINT ( 'NONE',  ( -3.120871997391468256, 9.983559442420887109, 1.303455894931522252 ) ) ;
#1315 = ORIENTED_EDGE ( 'NONE', *, *, #1783, .T. ) ;
#1316 = ORIENTED_EDGE ( 'NONE', *, *, #2501, .T. ) ;
#1317 = VERTEX_POINT ( 'NONE', #1262 ) ;
#1318 = VECTOR ( 'NONE', #234, 100.0000000000000000 ) ;
#1319 = DIRECTION ( 'NONE',  ( 0.000000000000000000, 1.000000000000000000, 0.000000000000000000 ) ) ;
#1320 = AXIS2_PLACEMENT_3D ( 'NONE', #2085, #771, #1704 ) ;
#1321 = LINE ( 'NONE', #2475, #1708 ) ;
#1322 = CONICAL_SURFACE ( 'NONE', #678, 1.857081042999982445, 0.7853981633974538301 ) ;
#1323 = CARTESIAN_POINT ( 'NONE',  ( 0.000000000000000000, 22.00000000000000000, 0.000000000000000000 ) ) ;
#1324 = CARTESIAN_POINT ( 'NONE',  ( -3.133064589497941199, 9.805385467609696093, -1.648614202098411585 ) ) ;
#1325 = CARTESIAN_POINT ( 'NONE',  ( -2.818458453001305042, 10.00000000006565415, -1.832132147468198191 ) ) ;
#1326 = CARTESIAN_POINT ( 'NONE',  ( -2.568989302207836722, 10.00000000000000000, 2.175496976419793782 ) ) ;
#1327 = ORIENTED_EDGE ( 'NONE', *, *, #2375, .F. ) ;
#1328 = EDGE_CURVE ( 'NONE', #1136, #1960, #1618, .T. ) ;
#1329 =( BOUNDED_SURFACE ( )  B_SPLINE_SURFACE ( 3, 2, ( 
 ( #1734, #2304, #5 ),
 ( #555, #1163, #1325 ),
 ( #1940, #1771, #1037 ),
 ( #2389, #1979, #44 ),
 ( #807, #2164, #1991 ),
 ( #247, #220, #1580 ) ),
 .UNSPECIFIED., .F., .F., .F. ) 
 B_SPLINE_SURFACE_WITH_KNOTS ( ( 4, 2, 4 ),
 ( 3, 3 ),
 ( -3.579676697401610452E-05, 0.004522367639277429831, 0.009080532045528876342 ),
 ( 0.000000000000000000, 1.000000000000000000 ),
 .UNSPECIFIED. ) 
 GEOMETRIC_REPRESENTATION_ITEM ( )  RATIONAL_B_SPLINE_SURFACE ( (
 ( 1.000000000000000000, 1.000000000000000000, 1.000000000000000000),
 ( 1.000000000000000000, 0.9999971713163950948, 1.000000000000000000),
 ( 1.000000000000000000, 0.9972941864888327235, 1.000000000000000000),
 ( 1.000000000000000000, 0.9873438263593885544, 1.000000000000000000),
 ( 1.000000000000000000, 0.9800842286240636358, 1.000000000000000000),
 ( 1.000000000000000000, 0.9710943484845424578, 1.000000000000000000) ) ) 
 REPRESENTATION_ITEM ( '' )  SURFACE ( )  );
#1330 = CARTESIAN_POINT ( 'NONE',  ( 2.388061258337338643E-16, 10.00000000000000000, 1.949999999999999956 ) ) ;
#1331 = ORIENTED_EDGE ( 'NONE', *, *, #2075, .T. ) ;
#1332 = ORIENTED_EDGE ( 'NONE', *, *, #2501, .F. ) ;
#1333 = ORIENTED_EDGE ( 'NONE', *, *, #1493, .T. ) ;
#1334 = CARTESIAN_POINT ( 'NONE',  ( 0.000000000000000000, 10.00000000000000000, 0.000000000000000000 ) ) ;
#1335 = DIRECTION ( 'NONE',  ( 8.659560562354980929E-17, 0.7071067811865435759, -0.7071067811865515695 ) ) ;
#1336 = CARTESIAN_POINT ( 'NONE',  ( 3.129261189104547203, 2.037731070277506440, 8.821858650853229733 ) ) ;
#1337 = CARTESIAN_POINT ( 'NONE',  ( 3.129261189104422414, 0.000000000000000000, -8.821858650853277695 ) ) ;
#1338 = DIRECTION ( 'NONE',  ( 0.000000000000000000, 0.000000000000000000, 1.000000000000000000 ) ) ;
#1339 = LINE ( 'NONE', #1689, #1548 ) ;
#1340 = DIRECTION ( 'NONE',  ( 0.000000000000000000, -0.000000000000000000, -1.000000000000000000 ) ) ;
#1341 = B_SPLINE_CURVE_WITH_KNOTS ( 'NONE', 3,
 ( #1636, #705, #2224, #111, #853, #2235 ),
 .UNSPECIFIED., .F., .F.,
 ( 4, 2, 4 ),
 ( -3.579676697321148421E-05, 0.002780507572604338281, 0.005596811912181887463 ),
 .UNSPECIFIED. ) ;
#1342 = CARTESIAN_POINT ( 'NONE',  ( -3.113478645261014588, 9.966411336309313640, 1.375130000765607985 ) ) ;
#1343 = ORIENTED_EDGE ( 'NONE', *, *, #2361, .T. ) ;
#1344 = EDGE_LOOP ( 'NONE', ( #2353, #1985, #1897, #435, #35 ) ) ;
#1345 = VERTEX_POINT ( 'NONE', #1630 ) ;
#1346 = CARTESIAN_POINT ( 'NONE',  ( 2.653732930956844704, 2.037731070277506440, -8.976367148040749200 ) ) ;
#1347 = AXIS2_PLACEMENT_3D ( 'NONE', #1, #1097, #2119 ) ;
#1348 = EDGE_CURVE ( 'NONE', #1551, #1013, #1438, .T. ) ;
#1349 = CARTESIAN_POINT ( 'NONE',  ( -7.716983894603808736, 0.000000000000000000, -5.297699992987093154 ) ) ;
#1350 = CIRCLE ( 'NONE', #2084, 0.2950000000000000955 ) ;
#1351 = ORIENTED_EDGE ( 'NONE', *, *, #139, .F. ) ;
#1352 = DIRECTION ( 'NONE',  ( 0.9510565162951545304, 0.000000000000000000, 0.3090169943749447312 ) ) ;
#1353 = DIRECTION ( 'NONE',  ( -0.000000000000000000, -1.000000000000000000, -0.000000000000000000 ) ) ;
#1354 = DIRECTION ( 'NONE',  ( 1.000000000000000000, 0.000000000000000000, 0.000000000000000000 ) ) ;
#1355 = CARTESIAN_POINT ( 'NONE',  ( -2.642045207455614442, 16.00000000000000000, -3.464643176003958658 ) ) ;
#1356 = CARTESIAN_POINT ( 'NONE',  ( 1.868702229209870502, 9.999999999999992895, 2.789343533787120855 ) ) ;
#1357 = CARTESIAN_POINT ( 'NONE',  ( 4.111238553788208762E-16, 16.00000000000000000, 3.357081043000000875 ) ) ;
#1358 = VERTEX_POINT ( 'NONE', #1660 ) ;
#1359 = ORIENTED_EDGE ( 'NONE', *, *, #694, .T. ) ;
#1360 = ORIENTED_EDGE ( 'NONE', *, *, #757, .F. ) ;
#1361 = CARTESIAN_POINT ( 'NONE',  ( -2.715935615280957283, 10.00000000000000000, 1.973242727826057807 ) ) ;
#1362 = AXIS2_PLACEMENT_3D ( 'NONE', #1326, #556, #1556 ) ;
#1363 =( BOUNDED_CURVE ( )  B_SPLINE_CURVE ( 3, ( #855, #1959, #229, #2270 ),
 .UNSPECIFIED., .F., .F. ) 
 B_SPLINE_CURVE_WITH_KNOTS ( ( 4, 4 ),
 ( 3.977921496213599806, 4.712388980384689674 ),
 .UNSPECIFIED. ) 
 CURVE ( )  GEOMETRIC_REPRESENTATION_ITEM ( )  RATIONAL_B_SPLINE_CURVE ( ( 1.000000000000000000, 0.9555493991423571476, 0.9555493991423571476, 1.000000000000000000 ) ) 
 REPRESENTATION_ITEM ( '' )  );
#1364 = EDGE_CURVE ( 'NONE', #1122, #424, #148, .T. ) ;
#1365 = ORIENTED_EDGE ( 'NONE', *, *, #2211, .F. ) ;
#1366 = CARTESIAN_POINT ( 'NONE',  ( 3.401735212654215079, 9.940741915396616335, -0.1329192603031667530 ) ) ;
#1367 = CARTESIAN_POINT ( 'NONE',  ( -2.536095482391627520, 9.805385467609646355, -2.470271688199436433 ) ) ;
#1368 = ADVANCED_FACE ( 'NONE', ( #2216 ), #2238, .F. ) ;
#1369 = AXIS2_PLACEMENT_3D ( 'NONE', #568, #541, #1340 ) ;
#1370 = CARTESIAN_POINT ( 'NONE',  ( -2.035665573617854829, 10.00000000000000000, 2.669467887362022562 ) ) ;
#1371 = CARTESIAN_POINT ( 'NONE',  ( 3.343485208751436399, 10.00000000001778844, 0.3435606600062502403 ) ) ;
#1372 = CARTESIAN_POINT ( 'NONE',  ( 1.565671382664852063, 9.805385467609697869, 3.175326066852160345 ) ) ;
#1373 = ORIENTED_EDGE ( 'NONE', *, *, #143, .T. ) ;
#1374 = VERTEX_POINT ( 'NONE', #1048 ) ;
#1375 = ORIENTED_EDGE ( 'NONE', *, *, #2404, .T. ) ;
#1376 = ORIENTED_EDGE ( 'NONE', *, *, #1752, .T. ) ;
#1377 = CARTESIAN_POINT ( 'NONE',  ( 3.422651567633784975, 9.912984974835790553, -0.6102560487586502491 ) ) ;
#1378 = DIRECTION ( 'NONE',  ( 0.000000000000000000, 0.000000000000000000, -1.000000000000000000 ) ) ;
#1379 = EDGE_CURVE ( 'NONE', #2352, #2037, #699, .T. ) ;
#1380 = DIRECTION ( 'NONE',  ( -0.000000000000000000, -1.000000000000000000, -0.000000000000000000 ) ) ;
#1381 = CARTESIAN_POINT ( 'NONE',  ( -2.472461737334660903, 1.300000000000000044, 0.2950000000000000955 ) ) ;
#1382 = CARTESIAN_POINT ( 'NONE',  ( 3.357081043000000875, 10.00000000000000000, -0.2500000000000000000 ) ) ;
#1383 = EDGE_LOOP ( 'NONE', ( #1045, #1995 ) ) ;
#1384 = DIRECTION ( 'NONE',  ( 0.000000000000000000, -1.000000000000000000, 0.000000000000000000 ) ) ;
#1385 = ORIENTED_EDGE ( 'NONE', *, *, #1853, .T. ) ;
#1386 = ORIENTED_EDGE ( 'NONE', *, *, #2118, .F. ) ;
#1387 = LINE ( 'NONE', #991, #709 ) ;
#1388 = ORIENTED_EDGE ( 'NONE', *, *, #1292, .T. ) ;
#1389 = DIRECTION ( 'NONE',  ( -0.000000000000000000, -1.000000000000000000, -0.000000000000000000 ) ) ;
#1390 = CARTESIAN_POINT ( 'NONE',  ( -4.111508338186765421, 16.00000000000000000, 1.442100690066640878 ) ) ;
#1391 = VECTOR ( 'NONE', #1917, 100.0000000000000000 ) ;
#1392 = DIRECTION ( 'NONE',  ( -0.000000000000000000, -1.000000000000000000, -0.000000000000000000 ) ) ;
#1393 = CARTESIAN_POINT ( 'NONE',  ( 0.5997550771332577080, 9.805385467609696093, 3.489171299431910622 ) ) ;
#1394 =( GEOMETRIC_REPRESENTATION_CONTEXT ( 3 ) GLOBAL_UNCERTAINTY_ASSIGNED_CONTEXT ( ( #2120 ) ) GLOBAL_UNIT_ASSIGNED_CONTEXT ( ( #363, #180, #2317 ) ) REPRESENTATION_CONTEXT ( 'NONE', 'WORKASPACE' ) );
#1395 = ADVANCED_FACE ( 'NONE', ( #488 ), #2042, .T. ) ;
#1396 = DIRECTION ( 'NONE',  ( -0.000000000000000000, -1.000000000000000000, -0.000000000000000000 ) ) ;
#1397 = ORIENTED_EDGE ( 'NONE', *, *, #539, .T. ) ;
#1398 = DIRECTION ( 'NONE',  ( 0.000000000000000000, 0.000000000000000000, -1.000000000000000000 ) ) ;
#1399 = ORIENTED_EDGE ( 'NONE', *, *, #1177, .T. ) ;
#1400 = EDGE_CURVE ( 'NONE', #200, #1502, #2127, .T. ) ;
#1401 = ORIENTED_EDGE ( 'NONE', *, *, #451, .F. ) ;
#1402 = CARTESIAN_POINT ( 'NONE',  ( -3.114529665325678653, 9.974208040145734699, -1.351423499385419502 ) ) ;
#1403 = ORIENTED_EDGE ( 'NONE', *, *, #1478, .T. ) ;
#1404 = CARTESIAN_POINT ( 'NONE',  ( -3.523723085894318263, 0.000000000000000000, -2.251117684441532596 ) ) ;
#1405 = CARTESIAN_POINT ( 'NONE',  ( -2.690033410434646388, 9.963456142832669116, -2.055744109577527734 ) ) ;
#1406 = AXIS2_PLACEMENT_3D ( 'NONE', #246, #1782, #1429 ) ;
#1407 = CARTESIAN_POINT ( 'NONE',  ( 1.275159222854753693, 0.000000000000000000, -3.115519553082348736 ) ) ;
#1408 = LINE ( 'NONE', #2197, #2022 ) ;
#1409 = DIRECTION ( 'NONE',  ( -0.000000000000000000, -1.000000000000000000, -0.000000000000000000 ) ) ;
#1410 = VERTEX_POINT ( 'NONE', #1873 ) ;
#1411 = EDGE_CURVE ( 'NONE', #611, #1531, #2172, .T. ) ;
#1412 = EDGE_LOOP ( 'NONE', ( #2209, #1774, #2032, #1205, #307, #214, #2325, #2111, #1476, #1373, #1925, #1399, #1223, #2029, #241, #61, #799, #1157, #2397, #2131, #2086, #168, #2309, #1603, #1388, #975, #1313, #638, #1302, #474, #1333, #2191, #1535, #1343 ) ) ;
#1413 = EDGE_CURVE ( 'NONE', #949, #2351, #1685, .T. ) ;
#1414 = DIRECTION ( 'NONE',  ( 0.000000000000000000, 1.000000000000000000, 0.000000000000000000 ) ) ;
#1415 =( BOUNDED_SURFACE ( )  B_SPLINE_SURFACE ( 3, 2, ( 
 ( #1863, #2435, #316 ),
 ( #1823, #482, #95 ),
 ( #2046, #293, #1441 ),
 ( #690, #1633, #1620 ),
 ( #305, #138, #1254 ),
 ( #2412, #1833, #1855 ) ),
 .UNSPECIFIED., .F., .F., .T. ) 
 B_SPLINE_SURFACE_WITH_KNOTS ( ( 4, 2, 4 ),
 ( 3, 3 ),
 ( -3.579676697362869876E-05, 0.004522367639277775908, 0.009080532045529179919 ),
 ( 0.000000000000000000, 1.000000000000000000 ),
 .UNSPECIFIED. ) 
 GEOMETRIC_REPRESENTATION_ITEM ( )  RATIONAL_B_SPLINE_SURFACE ( (
 ( 1.000000000000000000, 1.000000000000000000, 1.000000000000000000),
 ( 1.000000000000000000, 0.9999971713164573783, 1.000000000000000000),
 ( 1.000000000000000000, 0.9972941864887483465, 1.000000000000000000),
 ( 1.000000000000000000, 0.9873438263594731534, 1.000000000000000000),
 ( 1.000000000000000000, 0.9800842286240001311, 1.000000000000000000),
 ( 1.000000000000000000, 0.9710943484845423468, 1.000000000000000000) ) ) 
 REPRESENTATION_ITEM ( '' )  SURFACE ( )  );
#1416 = EDGE_LOOP ( 'NONE', ( #1427, #2468, #1870, #976 ) ) ;
#1417 = CARTESIAN_POINT ( 'NONE',  ( 3.689645070066609911, 9.558672630024025452, 0.3399350864722726073 ) ) ;
#1418 = CARTESIAN_POINT ( 'NONE',  ( 9.357081043000000875, 2.037731070277506440, 0.2500000000000000000 ) ) ;
#1419 = DIRECTION ( 'NONE',  ( 0.000000000000000000, 0.000000000000000000, 1.000000000000000000 ) ) ;
#1420 = CARTESIAN_POINT ( 'NONE',  ( 3.214398265626356554, 10.00000000000000000, 0.9683165387455927586 ) ) ;
#1421 = DIRECTION ( 'NONE',  ( 0.000000000000000000, -1.000000000000000000, -0.000000000000000000 ) ) ;
#1422 = LINE ( 'NONE', #1968, #105 ) ;
#1423 = ORIENTED_EDGE ( 'NONE', *, *, #1139, .T. ) ;
#1424 = CYLINDRICAL_SURFACE ( 'NONE', #751, 3.149999999999999911 ) ;
#1425 = EDGE_CURVE ( 'NONE', #1820, #1501, #720, .T. ) ;
#1426 = DIRECTION ( 'NONE',  ( 0.000000000000000000, 1.000000000000000000, 0.000000000000000000 ) ) ;
#1427 = ORIENTED_EDGE ( 'NONE', *, *, #1292, .F. ) ;
#1428 = DIRECTION ( 'NONE',  ( 0.000000000000000000, 0.000000000000000000, -1.000000000000000000 ) ) ;
#1429 = DIRECTION ( 'NONE',  ( 0.000000000000000000, 0.000000000000000000, -1.000000000000000000 ) ) ;
#1430 = CIRCLE ( 'NONE', #332, 2.857081042999999987 ) ;
#1431 = CYLINDRICAL_SURFACE ( 'NONE', #696, 1.000000000000000222 ) ;
#1432 = CARTESIAN_POINT ( 'NONE',  ( 0.000000000000000000, 22.00000000000000000, -2.840810430000000331 ) ) ;
#1433 = FILL_AREA_STYLE ('',( #251 ) ) ;
#1434 = ORIENTED_EDGE ( 'NONE', *, *, #2326, .F. ) ;
#1435 = CARTESIAN_POINT ( 'NONE',  ( 0.07781418826119625154, 16.00000000000000000, 3.356179089586135866 ) ) ;
#1436 = CARTESIAN_POINT ( 'NONE',  ( -3.133064589497941199, 9.805385467609696093, -1.648614202098411585 ) ) ;
#1437 = VERTEX_POINT ( 'NONE', #1727 ) ;
#1438 = LINE ( 'NONE', #511, #434 ) ;
#1439 = EDGE_CURVE ( 'NONE', #1502, #200, #496, .T. ) ;
#1440 = CARTESIAN_POINT ( 'NONE',  ( 0.000000000000000000, 13.09291895700001618, -1.949999999999999956 ) ) ;
#1441 = CARTESIAN_POINT ( 'NONE',  ( 1.359939354388548960, 10.00000000001760192, 3.073677312378420456 ) ) ;
#1442 = EDGE_CURVE ( 'NONE', #907, #1678, #780, .T. ) ;
#1443 = CIRCLE ( 'NONE', #2259, 2.857081042999999987 ) ;
#1444 = AXIS2_PLACEMENT_3D ( 'NONE', #1289, #2072, #329 ) ;
#1445 = CARTESIAN_POINT ( 'NONE',  ( 0.000000000000000000, 10.00000000000000000, 0.000000000000000000 ) ) ;
#1446 = VERTEX_POINT ( 'NONE', #564 ) ;
#1447 = VECTOR ( 'NONE', #630, 99.99999999999998579 ) ;
#1448 = CARTESIAN_POINT ( 'NONE',  ( 3.215961899580620731, 10.00000000000000000, 0.9631106840419632054 ) ) ;
#1449 = CARTESIAN_POINT ( 'NONE',  ( 2.653732930956972158, 2.037731070277506440, 8.976367148040708344 ) ) ;
#1450 = VERTEX_POINT ( 'NONE', #321 ) ;
#1451 = CARTESIAN_POINT ( 'NONE',  ( 0.000000000000000000, 10.00000000000000000, 0.000000000000000000 ) ) ;
#1452 = CARTESIAN_POINT ( 'NONE',  ( -2.785176734330476744, 9.558672630024025452, -2.443732220319152049 ) ) ;
#1453 = CARTESIAN_POINT ( 'NONE',  ( -2.824300070004786001, 9.970376588391919981, 1.862069738241443062 ) ) ;
#1454 = EDGE_CURVE ( 'NONE', #188, #934, #2212, .T. ) ;
#1455 = EDGE_CURVE ( 'NONE', #1465, #1926, #618, .T. ) ;
#1456 = DIRECTION ( 'NONE',  ( -0.000000000000000000, 1.000000000000000000, -0.000000000000000000 ) ) ;
#1457 = ORIENTED_EDGE ( 'NONE', *, *, #73, .F. ) ;
#1458 = DIRECTION ( 'NONE',  ( 0.000000000000000000, 0.000000000000000000, 1.000000000000000000 ) ) ;
#1459 = CARTESIAN_POINT ( 'NONE',  ( 0.5997550771332063047, 9.805385467609696093, -3.489171299431919948 ) ) ;
#1460 = CARTESIAN_POINT ( 'NONE',  ( 1.580218620789239692, 9.840499054519773026, -3.142777707316225300 ) ) ;
#1461 = CARTESIAN_POINT ( 'NONE',  ( 0.8080884358355343577, 9.886544988536920542, -3.357174270987835829 ) ) ;
#1462 = CARTESIAN_POINT ( 'NONE',  ( -3.222273447957419990, 9.903454741281645823, 1.400101704821012927 ) ) ;
#1463 = AXIS2_PLACEMENT_3D ( 'NONE', #739, #1512, #394 ) ;
#1464 = CARTESIAN_POINT ( 'NONE',  ( 3.498915154214531049E-16, 5.800000000000007816, 2.857081042999999987 ) ) ;
#1465 = VERTEX_POINT ( 'NONE', #1306 ) ;
#1466 = VECTOR ( 'NONE', #860, 100.0000000000000000 ) ;
#1467 = ADVANCED_FACE ( 'NONE', ( #1142 ), #910, .T. ) ;
#1468 = CARTESIAN_POINT ( 'NONE',  ( 1.275159222854797658, 10.00000000000000000, 3.115519553082330084 ) ) ;
#1469 = AXIS2_PLACEMENT_3D ( 'NONE', #1666, #673, #2036 ) ;
#1470 = EDGE_CURVE ( 'NONE', #47, #156, #531, .T. ) ;
#1471 = DIRECTION ( 'NONE',  ( 0.000000000000000000, 0.000000000000000000, 1.000000000000000000 ) ) ;
#1472 = DIRECTION ( 'NONE',  ( -0.000000000000000000, -1.000000000000000000, -0.000000000000000000 ) ) ;
#1473 = CARTESIAN_POINT ( 'NONE',  ( -3.027178866988098349, 9.248423588762943126, -2.508391181120857460 ) ) ;
#1474 = DIRECTION ( 'NONE',  ( -0.000000000000000000, -1.000000000000000000, -0.000000000000000000 ) ) ;
#1475 = CARTESIAN_POINT ( 'NONE',  ( 1.783914846117916397, 9.903454741277537110, -3.026710884620564812 ) ) ;
#1476 = ORIENTED_EDGE ( 'NONE', *, *, #2003, .F. ) ;
#1477 = DIRECTION ( 'NONE',  ( 0.000000000000000000, 1.000000000000000000, 0.000000000000000000 ) ) ;
#1478 = EDGE_CURVE ( 'NONE', #603, #1437, #1831, .T. ) ;
#1479 = VECTOR ( 'NONE', #1883, 100.0000000000000000 ) ;
#1480 = CARTESIAN_POINT ( 'NONE',  ( 0.07781418826114823439, 10.00000000000000000, -3.356179089586136755 ) ) ;
#1481 = EDGE_CURVE ( 'NONE', #2351, #2352, #971, .T. ) ;
#1482 = B_SPLINE_CURVE_WITH_KNOTS ( 'NONE', 3,
 ( #1779, #66, #1017, #267, #1402, #2189, #1767, #51, #1998, #1436 ),
 .UNSPECIFIED., .F., .F.,
 ( 4, 2, 2, 2, 4 ),
 ( 0.000000000000000000, 0.001482210797659546352, 0.002964421595319092703, 0.004446632392978639055, 0.005928843190638185406 ),
 .UNSPECIFIED. ) ;
#1483 = CARTESIAN_POINT ( 'NONE',  ( 0.000000000000000000, 4.892918957000016889, 0.000000000000000000 ) ) ;
#1484 = CARTESIAN_POINT ( 'NONE',  ( 0.9247802624251936221, 9.940741915392091954, -3.276316751021238094 ) ) ;
#1485 = CARTESIAN_POINT ( 'NONE',  ( 1.037395093781010358, 10.00000000000000000, 3.192773801676070722 ) ) ;
#1486 = CARTESIAN_POINT ( 'NONE',  ( -2.642045207455564260, 16.00000000000000000, 3.464643176003995961 ) ) ;
#1487 = DIRECTION ( 'NONE',  ( 0.000000000000000000, 1.000000000000000000, 0.000000000000000000 ) ) ;
#1488 = VERTEX_POINT ( 'NONE', #2314 ) ;
#1489 = DIRECTION ( 'NONE',  ( 0.000000000000000000, 0.000000000000000000, 1.000000000000000000 ) ) ;
#1490 = ORIENTED_EDGE ( 'NONE', *, *, #623, .F. ) ;
#1491 = CARTESIAN_POINT ( 'NONE',  ( 0.5340739673878629468, 9.871130500805429975, -3.453542623068519557 ) ) ;
#1492 = DIRECTION ( 'NONE',  ( 0.000000000000000000, 0.000000000000000000, 1.000000000000000000 ) ) ;
#1493 = EDGE_CURVE ( 'NONE', #1926, #2337, #1321, .T. ) ;
#1494 = DIRECTION ( 'NONE',  ( -1.000000000000000000, 0.000000000000000000, -0.000000000000000000 ) ) ;
#1495 = DIRECTION ( 'NONE',  ( 0.000000000000000000, 0.000000000000000000, 1.000000000000000000 ) ) ;
#1496 = CARTESIAN_POINT ( 'NONE',  ( -2.410283778457274373, 9.912984974836843932, -2.505491629556097166 ) ) ;
#1497 = CARTESIAN_POINT ( 'NONE',  ( -2.472461737334660903, 3.100000000000000089, 0.2950000000000000955 ) ) ;
#1498 = ORIENTED_EDGE ( 'NONE', *, *, #840, .F. ) ;
#1499 = CARTESIAN_POINT ( 'NONE',  ( -3.125702106640124711, 9.840499054519833422, 1.613731374063810620 ) ) ;
#1500 = VERTEX_POINT ( 'NONE', #373 ) ;
#1501 = VERTEX_POINT ( 'NONE', #2074 ) ;
#1502 = VERTEX_POINT ( 'NONE', #763 ) ;
#1503 = AXIS2_PLACEMENT_3D ( 'NONE', #345, #924, #1889 ) ;
#1504 = VECTOR ( 'NONE', #1599, 100.0000000000000000 ) ;
#1505 = DIRECTION ( 'NONE',  ( 0.000000000000000000, 1.000000000000000000, 0.000000000000000000 ) ) ;
#1506 = CARTESIAN_POINT ( 'NONE',  ( -3.057542201370415658, 9.198618076716361003, 2.530451434841728631 ) ) ;
#1507 = AXIS2_PLACEMENT_3D ( 'NONE', #1892, #1161, #1338 ) ;
#1508 = EDGE_CURVE ( 'NONE', #918, #717, #2328, .T. ) ;
#1509 = CYLINDRICAL_SURFACE ( 'NONE', #1709, 3.149999999999999911 ) ;
#1510 = CARTESIAN_POINT ( 'NONE',  ( 4.173925636049350629, 8.916010612725225215, 0.2500000000000000000 ) ) ;
#1511 = DIRECTION ( 'NONE',  ( -0.000000000000000000, -1.000000000000000000, -0.000000000000000000 ) ) ;
#1512 = DIRECTION ( 'NONE',  ( 0.9510565162951500895, 0.000000000000000000, -0.3090169943749582204 ) ) ;
#1513 = DIRECTION ( 'NONE',  ( 8.659560562354977232E-17, 0.7071067811865441310, -0.7071067811865510144 ) ) ;
#1514 = ORIENTED_EDGE ( 'NONE', *, *, #970, .F. ) ;
#1515 = LINE ( 'NONE', #1720, #240 ) ;
#1516 = EDGE_LOOP ( 'NONE', ( #387, #1257, #932, #2246 ) ) ;
#1517 = ORIENTED_EDGE ( 'NONE', *, *, #905, .T. ) ;
#1518 = EDGE_LOOP ( 'NONE', ( #1907, #1947, #588, #97 ) ) ;
#1519 = VECTOR ( 'NONE', #1056, 100.0000000000000000 ) ;
#1520 = CIRCLE ( 'NONE', #2020, 1.000000000000000222 ) ;
#1521 = CARTESIAN_POINT ( 'NONE',  ( 0.1469463130731200606, 0.000000000000000000, 0.2022542485937355583 ) ) ;
#1522 = AXIS2_PLACEMENT_3D ( 'NONE', #2247, #477, #1840 ) ;
#1523 = FACE_OUTER_BOUND ( 'NONE', #1562, .T. ) ;
#1524 = CARTESIAN_POINT ( 'NONE',  ( 0.000000000000000000, 16.00000000000000000, 0.000000000000000000 ) ) ;
#1525 = CARTESIAN_POINT ( 'NONE',  ( -2.715935615280984816, 10.00000000000000000, -1.973242727826019616 ) ) ;
#1526 = ORIENTED_EDGE ( 'NONE', *, *, #438, .F. ) ;
#1527 = ADVANCED_FACE ( 'NONE', ( #191 ), #1283, .F. ) ;
#1528 = FACE_OUTER_BOUND ( 'NONE', #1764, .T. ) ;
#1529 = ORIENTED_EDGE ( 'NONE', *, *, #988, .F. ) ;
#1530 = EDGE_LOOP ( 'NONE', ( #328, #76, #250, #1988 ) ) ;
#1531 = VERTEX_POINT ( 'NONE', #708 ) ;
#1532 = CARTESIAN_POINT ( 'NONE',  ( -2.031340642555502285, 10.00000000000000000, 2.672760431309205931 ) ) ;
#1533 = B_SPLINE_CURVE_WITH_KNOTS ( 'NONE', 3,
 ( #232, #1405, #1592, #1605, #1554, #1367 ),
 .UNSPECIFIED., .F., .F.,
 ( 4, 2, 4 ),
 ( -3.579676697390409289E-05, 0.002780507572604534738, 0.005596811912182973400 ),
 .UNSPECIFIED. ) ;
#1534 = DIRECTION ( 'NONE',  ( 0.000000000000000000, 1.000000000000000000, 0.000000000000000000 ) ) ;
#1535 = ORIENTED_EDGE ( 'NONE', *, *, #1918, .F. ) ;
#1536 = DIRECTION ( 'NONE',  ( -0.6461096999395676832, 0.6018150231520467131, -0.4694261747628730164 ) ) ;
#1537 = DIRECTION ( 'NONE',  ( -0.000000000000000000, 1.000000000000000000, 0.000000000000000000 ) ) ;
#1538 = B_SPLINE_CURVE_WITH_KNOTS ( 'NONE', 3,
 ( #1370, #540, #2094, #1540, #351, #782, #754, #2333, #1905, #197 ),
 .UNSPECIFIED., .F., .F.,
 ( 4, 2, 2, 2, 4 ),
 ( 0.000000000000000000, 0.001482210797659549821, 0.002964421595319099642, 0.004446632392978649463, 0.005928843190638199284 ),
 .UNSPECIFIED. ) ;
#1539 = DIRECTION ( 'NONE',  ( 0.000000000000000000, 0.000000000000000000, 1.000000000000000000 ) ) ;
#1540 = CARTESIAN_POINT ( 'NONE',  ( -2.202765775870160869, 9.984741602501078006, 2.564953979292863728 ) ) ;
#1541 = CARTESIAN_POINT ( 'NONE',  ( -3.133064589497941199, 9.805385467609696093, -1.648614202098411585 ) ) ;
#1542 = DIRECTION ( 'NONE',  ( 0.000000000000000000, 1.000000000000000000, 0.000000000000000000 ) ) ;
#1543 = ORIENTED_EDGE ( 'NONE', *, *, #1284, .F. ) ;
#1544 = EDGE_LOOP ( 'NONE', ( #1984, #453, #2041, #1975 ) ) ;
#1545 = ORIENTED_EDGE ( 'NONE', *, *, #2201, .F. ) ;
#1546 = EDGE_CURVE ( 'NONE', #1667, #2344, #733, .T. ) ;
#1547 = DIRECTION ( 'NONE',  ( -0.8090169943749423442, 0.000000000000000000, 0.5877852522924802425 ) ) ;
#1548 = VECTOR ( 'NONE', #2154, 100.0000000000000000 ) ;
#1549 = EDGE_CURVE ( 'NONE', #2358, #1954, #135, .T. ) ;
#1550 = VECTOR ( 'NONE', #388, 100.0000000000000000 ) ;
#1551 = VERTEX_POINT ( 'NONE', #1349 ) ;
#1552 = AXIS2_PLACEMENT_3D ( 'NONE', #1486, #1511, #1876 ) ;
#1553 = DIRECTION ( 'NONE',  ( 0.9510565162951500895, 0.000000000000000000, -0.3090169943749581649 ) ) ;
#1554 = CARTESIAN_POINT ( 'NONE',  ( -2.570383386009877924, 9.833339162961864943, -2.387241164915105074 ) ) ;
#1555 = CARTESIAN_POINT ( 'NONE',  ( 4.111238553788208762E-16, 0.000000000000000000, 3.357081043000000875 ) ) ;
#1556 = DIRECTION ( 'NONE',  ( -0.6815790431148677220, -0.7317444963828709792, 0.000000000000000000 ) ) ;
#1557 = CARTESIAN_POINT ( 'NONE',  ( -3.133064589497941199, 9.805385467609696093, -1.648614202098411585 ) ) ;
#1558 = ORIENTED_EDGE ( 'NONE', *, *, #2417, .T. ) ;
#1559 = VERTEX_POINT ( 'NONE', #2134 ) ;
#1560 = ORIENTED_EDGE ( 'NONE', *, *, #126, .F. ) ;
#1561 = ADVANCED_FACE ( 'NONE', ( #385 ), #553, .T. ) ;
#1562 = EDGE_LOOP ( 'NONE', ( #2290, #1170, #987, #11, #727, #1120, #629 ) ) ;
#1563 = VECTOR ( 'NONE', #1008, 100.0000000000000000 ) ;
#1564 = EDGE_CURVE ( 'NONE', #1207, #81, #1538, .T. ) ;
#1565 = ORIENTED_EDGE ( 'NONE', *, *, #1295, .T. ) ;
#1566 = CARTESIAN_POINT ( 'NONE',  ( 3.429833113726388660, 9.903454741279610118, -0.7612987385081422254 ) ) ;
#1567 = FACE_OUTER_BOUND ( 'NONE', #885, .T. ) ;
#1568 = AXIS2_PLACEMENT_3D ( 'NONE', #1627, #613, #1005 ) ;
#1569 = FACE_OUTER_BOUND ( 'NONE', #963, .T. ) ;
#1570 = CARTESIAN_POINT ( 'NONE',  ( -7.716983894603729688, 0.000000000000000000, 5.297699992987204176 ) ) ;
#1571 = CARTESIAN_POINT ( 'NONE',  ( -2.472461737334660903, 3.100000000000000089, 0.000000000000000000 ) ) ;
#1572 = VERTEX_POINT ( 'NONE', #1745 ) ;
#1573 = ORIENTED_EDGE ( 'NONE', *, *, #143, .F. ) ;
#1574 = ORIENTED_EDGE ( 'NONE', *, *, #2343, .F. ) ;
#1575 = CARTESIAN_POINT ( 'NONE',  ( -2.602375399631680519, 9.863678300712273028, 2.304312471752671510 ) ) ;
#1576 = EDGE_LOOP ( 'NONE', ( #1423, #2499, #1327, #631, #1933 ) ) ;
#1577 = LINE ( 'NONE', #2151, #1868 ) ;
#1578 = CARTESIAN_POINT ( 'NONE',  ( 0.3356689592879888440, 9.970616965700470402, 3.382804447941853976 ) ) ;
#1579 = ADVANCED_FACE ( 'NONE', ( #182 ), #2318, .T. ) ;
#1580 = CARTESIAN_POINT ( 'NONE',  ( -3.169665004606637471, 10.00000000000000000, -1.105991359750146508 ) ) ;
#1581 = CARTESIAN_POINT ( 'NONE',  ( 0.1009933094276185134, 0.000000000000000000, 3.355910417664811352 ) ) ;
#1582 = CARTESIAN_POINT ( 'NONE',  ( -3.167870086428232312, 10.00000000000000000, 1.111122065653975532 ) ) ;
#1583 = ORIENTED_EDGE ( 'NONE', *, *, #2166, .F. ) ;
#1584 = DIRECTION ( 'NONE',  ( -0.000000000000000000, -1.000000000000000000, -0.000000000000000000 ) ) ;
#1585 = ORIENTED_EDGE ( 'NONE', *, *, #2307, .T. ) ;
#1586 = ORIENTED_EDGE ( 'NONE', *, *, #1626, .F. ) ;
#1587 = APPLICATION_CONTEXT ( 'automotive_design' ) ;
#1588 = AXIS2_PLACEMENT_3D ( 'NONE', #1642, #292, #2452 ) ;
#1589 = DIRECTION ( 'NONE',  ( 0.000000000000000000, 0.000000000000000000, 1.000000000000000000 ) ) ;
#1590 = VERTEX_POINT ( 'NONE', #1555 ) ;
#1591 = DIRECTION ( 'NONE',  ( 0.000000000000000000, 1.000000000000000000, 0.000000000000000000 ) ) ;
#1592 = CARTESIAN_POINT ( 'NONE',  ( -2.662189049635258709, 9.928689621219490391, -2.138640055101471926 ) ) ;
#1593 = VECTOR ( 'NONE', #2299, 100.0000000000000000 ) ;
#1594 = SHAPE_DEFINITION_REPRESENTATION ( #79, #2439 ) ;
#1595 = ADVANCED_FACE ( 'NONE', ( #209 ), #17, .F. ) ;
#1596 = DIRECTION ( 'NONE',  ( 0.000000000000000000, 0.000000000000000000, 1.000000000000000000 ) ) ;
#1597 = CARTESIAN_POINT ( 'NONE',  ( 1.909759572204334122, 0.000000000000000000, -2.760943951920048267 ) ) ;
#1598 = DIRECTION ( 'NONE',  ( 0.000000000000000000, 1.000000000000000000, 0.000000000000000000 ) ) ;
#1599 = DIRECTION ( 'NONE',  ( 0.000000000000000000, 1.000000000000000000, 0.000000000000000000 ) ) ;
#1600 = EDGE_LOOP ( 'NONE', ( #773, #1072, #230, #1586 ) ) ;
#1601 = ORIENTED_EDGE ( 'NONE', *, *, #2474, .T. ) ;
#1602 = LINE ( 'NONE', #815, #1978 ) ;
#1603 = ORIENTED_EDGE ( 'NONE', *, *, #2201, .T. ) ;
#1604 = CARTESIAN_POINT ( 'NONE',  ( 3.258081677585073610, 9.999999999967227993, -0.8233062267187177818 ) ) ;
#1605 = CARTESIAN_POINT ( 'NONE',  ( -2.602375399631674746, 9.863678300712230396, -2.304312471752735014 ) ) ;
#1606 = AXIS2_PLACEMENT_3D ( 'NONE', #2388, #595, #1949 ) ;
#1607 = AXIS2_PLACEMENT_3D ( 'NONE', #612, #2210, #265 ) ;
#1608 = DIRECTION ( 'NONE',  ( -0.000000000000000000, -1.000000000000000000, -0.000000000000000000 ) ) ;
#1609 = CARTESIAN_POINT ( 'NONE',  ( 1.597866506133132747, 9.871130500805431751, 3.107895474524568158 ) ) ;
#1610 = AXIS2_PLACEMENT_3D ( 'NONE', #649, #410, #33 ) ;
#1611 = DIRECTION ( 'NONE',  ( -0.8090169943749506709, 0.000000000000000000, -0.5877852522924684742 ) ) ;
#1612 = EDGE_LOOP ( 'NONE', ( #1003, #172, #1680, #1705, #644 ) ) ;
#1613 = EDGE_CURVE ( 'NONE', #1104, #2294, #1339, .T. ) ;
#1614 = ORIENTED_EDGE ( 'NONE', *, *, #354, .T. ) ;
#1615 = DIRECTION ( 'NONE',  ( 0.000000000000000000, 0.000000000000000000, 1.000000000000000000 ) ) ;
#1616 = ORIENTED_EDGE ( 'NONE', *, *, #1716, .T. ) ;
#1617 = DIRECTION ( 'NONE',  ( -0.000000000000000000, -1.000000000000000000, -0.000000000000000000 ) ) ;
#1618 = LINE ( 'NONE', #2056, #1519 ) ;
#1619 = CARTESIAN_POINT ( 'NONE',  ( 0.000000000000000000, 0.000000000000000000, 0.000000000000000000 ) ) ;
#1620 = CARTESIAN_POINT ( 'NONE',  ( 1.653261301398009753, 9.999999999982399856, 2.926372214504449065 ) ) ;
#1621 =( BOUNDED_SURFACE ( )  B_SPLINE_SURFACE ( 3, 2, ( 
 ( #2342, #1361, #371 ),
 ( #1710, #574, #1888 ),
 ( #1696, #530, #402 ),
 ( #731, #26, #789 ),
 ( #1305, #762, #189 ),
 ( #950, #2515, #1532 ) ),
 .UNSPECIFIED., .F., .F., .T. ) 
 B_SPLINE_SURFACE_WITH_KNOTS ( ( 4, 2, 4 ),
 ( 3, 3 ),
 ( -3.579676697381728895E-05, 0.004522367639277606773, 0.009080532045529030732 ),
 ( 0.000000000000000000, 1.000000000000000000 ),
 .UNSPECIFIED. ) 
 GEOMETRIC_REPRESENTATION_ITEM ( )  RATIONAL_B_SPLINE_SURFACE ( (
 ( 1.000000000000000000, 1.000000000000000000, 1.000000000000000000),
 ( 1.000000000000000000, 0.9999971713164579334, 1.000000000000000000),
 ( 1.000000000000000000, 0.9972941864887483465, 1.000000000000000000),
 ( 1.000000000000000000, 0.9873438263594729314, 1.000000000000000000),
 ( 1.000000000000000000, 0.9800842286240006862, 1.000000000000000000),
 ( 1.000000000000000000, 0.9710943484845423468, 1.000000000000000000) ) ) 
 REPRESENTATION_ITEM ( '' )  SURFACE ( )  );
#1622 = APPLICATION_CONTEXT ( 'automotive_design' ) ;
#1623 = CARTESIAN_POINT ( 'NONE',  ( -2.642045207455614442, 0.000000000000000000, -3.464643176003958658 ) ) ;
#1624 = VERTEX_POINT ( 'NONE', #408 ) ;
#1625 = DIRECTION ( 'NONE',  ( -0.1859710696241413386, 0.7986355100472940505, -0.5723600993730706410 ) ) ;
#1626 = EDGE_CURVE ( 'NONE', #2513, #662, #2125, .T. ) ;
#1627 = CARTESIAN_POINT ( 'NONE',  ( 0.000000000000000000, 13.09291895700001618, 0.000000000000000000 ) ) ;
#1628 = EDGE_LOOP ( 'NONE', ( #2310, #1647, #2279 ) ) ;
#1629 = EDGE_CURVE ( 'NONE', #2344, #1667, #179, .T. ) ;
#1630 = CARTESIAN_POINT ( 'NONE',  ( 3.503733612091573857, 9.805385467609697869, -0.5078122535211331279 ) ) ;
#1631 = VECTOR ( 'NONE', #711, 100.0000000000000142 ) ;
#1632 = CARTESIAN_POINT ( 'NONE',  ( 0.3092575698005983753, 9.713812937599831443, -3.656115655246789498 ) ) ;
#1633 = CARTESIAN_POINT ( 'NONE',  ( 1.638045492001392489, 9.912984974833667806, 3.066555586416153112 ) ) ;
#1634 = CARTESIAN_POINT ( 'NONE',  ( 9.357081043000000875, 0.000000000000000000, -0.2500000000000000000 ) ) ;
#1635 = EDGE_LOOP ( 'NONE', ( #1543, #428, #826, #342 ) ) ;
#1636 = CARTESIAN_POINT ( 'NONE',  ( -2.715935615280956839, 10.00000000000000000, 1.973242727826058251 ) ) ;
#1637 = LINE ( 'NONE', #1449, #1077 ) ;
#1638 = EDGE_LOOP ( 'NONE', ( #526, #1191, #1288, #652 ) ) ;
#1639 = DIRECTION ( 'NONE',  ( 0.000000000000000000, 0.000000000000000000, -1.000000000000000000 ) ) ;
#1640 = ADVANCED_FACE ( 'NONE', ( #1717 ), #1148, .T. ) ;
#1641 = ADVANCED_FACE ( 'NONE', ( #1922 ), #1329, .T. ) ;
#1642 = CARTESIAN_POINT ( 'NONE',  ( 0.7996309647071764282, 10.00000000000000000, -3.270028050269820685 ) ) ;
#1643 = CARTESIAN_POINT ( 'NONE',  ( 3.482668991743611553, 9.833339162961863167, 0.4204852250535898728 ) ) ;
#1644 = AXIS2_PLACEMENT_3D ( 'NONE', #712, #1294, #2300 ) ;
#1645 = VECTOR ( 'NONE', #157, 100.0000000000000142 ) ;
#1646 = CARTESIAN_POINT ( 'NONE',  ( 1.319540248313883390, 9.886544988536931200, -3.190993503439595091 ) ) ;
#1647 = ORIENTED_EDGE ( 'NONE', *, *, #1478, .F. ) ;
#1648 = AXIS2_PLACEMENT_3D ( 'NONE', #1850, #1748, #2378 ) ;
#1649 = CARTESIAN_POINT ( 'NONE',  ( -2.472461737334660903, 3.100000000000000089, -0.2950000000000000955 ) ) ;
#1650 = DIRECTION ( 'NONE',  ( 0.000000000000000000, 0.000000000000000000, 1.000000000000000000 ) ) ;
#1651 = DIRECTION ( 'NONE',  ( -0.000000000000000000, -1.000000000000000000, -0.000000000000000000 ) ) ;
#1652 = EDGE_CURVE ( 'NONE', #571, #171, #1186, .T. ) ;
#1653 =( BOUNDED_CURVE ( )  B_SPLINE_CURVE ( 3, ( #1393, #1202, #1980, #248 ),
 .UNSPECIFIED., .F., .F. ) 
 B_SPLINE_CURVE_WITH_KNOTS ( ( 4, 4 ),
 ( 3.977921496213599806, 4.712388980384689674 ),
 .UNSPECIFIED. ) 
 CURVE ( )  GEOMETRIC_REPRESENTATION_ITEM ( )  RATIONAL_B_SPLINE_CURVE ( ( 1.000000000000000000, 0.9555493991423571476, 0.9555493991423571476, 1.000000000000000000 ) ) 
 REPRESENTATION_ITEM ( '' )  );
#1654 = LINE ( 'NONE', #689, #1141 ) ;
#1655 = CARTESIAN_POINT ( 'NONE',  ( -2.862881928354102712, 10.00000000000000000, -1.770988479232280977 ) ) ;
#1656 = CYLINDRICAL_SURFACE ( 'NONE', #65, 2.857081042999999987 ) ;
#1657 = ORIENTED_EDGE ( 'NONE', *, *, #1411, .F. ) ;
#1658 = CARTESIAN_POINT ( 'NONE',  ( 1.565671382664970190, 9.805385467609646355, -3.175326066852171003 ) ) ;
#1659 = CARTESIAN_POINT ( 'NONE',  ( 0.2744328254692578462, 9.984741602501079782, -3.369844596348642973 ) ) ;
#1660 = CARTESIAN_POINT ( 'NONE',  ( -3.523723085894284957, 8.916010612725225215, 2.251117684441582778 ) ) ;
#1661 = LINE ( 'NONE', #701, #302 ) ;
#1662 = CARTESIAN_POINT ( 'NONE',  ( 4.173925636049350629, 16.00000000000000000, 1.250000000000000000 ) ) ;
#1663 = EDGE_CURVE ( 'NONE', #1667, #2339, #634, .T. ) ;
#1664 = AXIS2_PLACEMENT_3D ( 'NONE', #1355, #2347, #597 ) ;
#1665 =( BOUNDED_SURFACE ( )  B_SPLINE_SURFACE ( 3, 2, ( 
 ( #1757, #2204, #231 ),
 ( #1366, #2371, #1198 ),
 ( #1948, #817, #29 ),
 ( #1019, #1377, #831 ),
 ( #792, #1566, #1604 ),
 ( #454, #2398, #645 ) ),
 .UNSPECIFIED., .F., .F., .F. ) 
 B_SPLINE_SURFACE_WITH_KNOTS ( ( 4, 2, 4 ),
 ( 3, 3 ),
 ( -3.579676697383053655E-05, 0.004522367639277565139, 0.009080532045528961343 ),
 ( 0.000000000000000000, 1.000000000000000000 ),
 .UNSPECIFIED. ) 
 GEOMETRIC_REPRESENTATION_ITEM ( )  RATIONAL_B_SPLINE_SURFACE ( (
 ( 1.000000000000000000, 1.000000000000000000, 1.000000000000000000),
 ( 1.000000000000000000, 0.9999971713165213272, 1.000000000000000000),
 ( 1.000000000000000000, 0.9972941864886637475, 1.000000000000000000),
 ( 1.000000000000000000, 0.9873438263595573083, 1.000000000000000000),
 ( 1.000000000000000000, 0.9800842286239366263, 1.000000000000000000),
 ( 1.000000000000000000, 0.9710943484845423468, 1.000000000000000000) ) ) 
 REPRESENTATION_ITEM ( '' )  SURFACE ( )  );
#1666 = CARTESIAN_POINT ( 'NONE',  ( 0.1009933094276185134, 0.000000000000000000, 4.355910417664811796 ) ) ;
#1667 = VERTEX_POINT ( 'NONE', #821 ) ;
#1668 = VECTOR ( 'NONE', #1352, 100.0000000000000000 ) ;
#1669 = EDGE_CURVE ( 'NONE', #1848, #1136, #795, .T. ) ;
#1670 = DIRECTION ( 'NONE',  ( -0.3090169943749582204, 0.000000000000000000, -0.9510565162951500895 ) ) ;
#1671 = DIRECTION ( 'NONE',  ( 0.000000000000000000, 1.000000000000000000, 0.000000000000000000 ) ) ;
#1672 = DIRECTION ( 'NONE',  ( 0.5877852522924802425, 0.000000000000000000, 0.8090169943749423442 ) ) ;
#1673 = CARTESIAN_POINT ( 'NONE',  ( 0.000000000000000000, 16.00000000000000000, -2.840810430000000331 ) ) ;
#1674 = DIRECTION ( 'NONE',  ( 0.000000000000000000, -0.000000000000000000, 1.000000000000000000 ) ) ;
#1675 = FACE_OUTER_BOUND ( 'NONE', #600, .T. ) ;
#1676 = AXIS2_PLACEMENT_3D ( 'NONE', #1891, #2107, #1129 ) ;
#1677 = DIRECTION ( 'NONE',  ( 0.000000000000000000, 0.000000000000000000, 1.000000000000000000 ) ) ;
#1678 = VERTEX_POINT ( 'NONE', #2006 ) ;
#1679 = CARTESIAN_POINT ( 'NONE',  ( 0.000000000000000000, 16.00000000000000000, 0.000000000000000000 ) ) ;
#1680 = ORIENTED_EDGE ( 'NONE', *, *, #865, .F. ) ;
#1681 = EDGE_CURVE ( 'NONE', #449, #1559, #2044, .T. ) ;
#1682 = AXIS2_PLACEMENT_3D ( 'NONE', #2213, #1426, #2174 ) ;
#1683 = CARTESIAN_POINT ( 'NONE',  ( 3.482668991743575138, 9.833339162961905799, -0.4204852250534590885 ) ) ;
#1684 = VECTOR ( 'NONE', #1505, 100.0000000000000000 ) ;
#1685 = LINE ( 'NONE', #360, #1391 ) ;
#1686 = PLANE ( 'NONE',  #463 ) ;
#1687 = CARTESIAN_POINT ( 'NONE',  ( 3.247989209330136351, 9.997512442031299074, -0.8691472681374480258 ) ) ;
#1688 = CARTESIAN_POINT ( 'NONE',  ( 0.7509250364755092333, 9.863678300712271252, -3.393865830830281816 ) ) ;
#1689 = CARTESIAN_POINT ( 'NONE',  ( 4.173925636049350629, 0.000000000000000000, 0.2500000000000000000 ) ) ;
#1690 = CARTESIAN_POINT ( 'NONE',  ( 0.1009933094275562437, 16.00000000000000000, -4.355910417664814460 ) ) ;
#1691 = EDGE_LOOP ( 'NONE', ( #787, #1816, #10, #2129 ) ) ;
#1692 = CARTESIAN_POINT ( 'NONE',  ( -2.715935615280986593, 10.00000000000000000, -1.973242727826019394 ) ) ;
#1693 = ORIENTED_EDGE ( 'NONE', *, *, #1546, .T. ) ;
#1694 = EDGE_LOOP ( 'NONE', ( #252, #2387, #759, #399, #1397, #1152, #730, #1031 ) ) ;
#1695 = ADVANCED_FACE ( 'NONE', ( #1569 ), #1010, .F. ) ;
#1696 = CARTESIAN_POINT ( 'NONE',  ( -2.627054803410867834, 9.886544988536748235, 2.241028573175940952 ) ) ;
#1697 = EDGE_CURVE ( 'NONE', #2481, #1108, #1784, .T. ) ;
#1698 = DIRECTION ( 'NONE',  ( 0.000000000000000000, 0.000000000000000000, 1.000000000000000000 ) ) ;
#1699 = FACE_OUTER_BOUND ( 'NONE', #1167, .T. ) ;
#1700 = CARTESIAN_POINT ( 'NONE',  ( 1.450172063310277704, 9.248423588762943126, -3.654153690946598587 ) ) ;
#1701 = DIRECTION ( 'NONE',  ( 0.000000000000000000, 0.000000000000000000, 1.000000000000000000 ) ) ;
#1702 = CARTESIAN_POINT ( 'NONE',  ( 0.3358385939061796499, 9.903454741281683127, 3.497219380613437512 ) ) ;
#1703 = VERTEX_POINT ( 'NONE', #848 ) ;
#1704 = DIRECTION ( 'NONE',  ( 0.000000000000000000, 0.000000000000000000, -1.000000000000000000 ) ) ;
#1705 = ORIENTED_EDGE ( 'NONE', *, *, #2080, .F. ) ;
#1706 = ORIENTED_EDGE ( 'NONE', *, *, #2244, .F. ) ;
#1707 = VERTEX_POINT ( 'NONE', #2195 ) ;
#1708 = VECTOR ( 'NONE', #951, 100.0000000000000000 ) ;
#1709 = AXIS2_PLACEMENT_3D ( 'NONE', #1323, #3, #2345 ) ;
#1710 = CARTESIAN_POINT ( 'NONE',  ( -2.673933616446314776, 9.940741915399561535, 2.107023730667223482 ) ) ;
#1711 = DIRECTION ( 'NONE',  ( 0.000000000000000000, 0.000000000000000000, 1.000000000000000000 ) ) ;
#1712 = CIRCLE ( 'NONE', #942, 3.149999999999999911 ) ;
#1713 = CARTESIAN_POINT ( 'NONE',  ( 0.000000000000000000, 10.00000000000000000, 0.000000000000000000 ) ) ;
#1714 = CARTESIAN_POINT ( 'NONE',  ( -2.715935615280986593, 10.00000000000000000, -1.973242727826019394 ) ) ;
#1715 = PRODUCT_RELATED_PRODUCT_CATEGORY ( 'part', '', ( #2019 ) ) ;
#1716 = EDGE_CURVE ( 'NONE', #1971, #1762, #446, .T. ) ;
#1717 = FACE_OUTER_BOUND ( 'NONE', #1544, .T. ) ;
#1718 = CARTESIAN_POINT ( 'NONE',  ( 0.000000000000000000, 16.00000000000000000, 0.000000000000000000 ) ) ;
#1719 = ORIENTED_EDGE ( 'NONE', *, *, #1379, .F. ) ;
#1720 = CARTESIAN_POINT ( 'NONE',  ( 1.527578083870343661, 0.000000000000000000, 3.892384926102374187 ) ) ;
#1721 = EDGE_LOOP ( 'NONE', ( #529, #992 ) ) ;
#1722 = ORIENTED_EDGE ( 'NONE', *, *, #1470, .T. ) ;
#1723 = ORIENTED_EDGE ( 'NONE', *, *, #1663, .T. ) ;
#1724 = VECTOR ( 'NONE', #1965, 100.0000000000000142 ) ;
#1725 = LINE ( 'NONE', #1346, #1684 ) ;
#1726 = VECTOR ( 'NONE', #1625, 100.0000000000000142 ) ;
#1727 = CARTESIAN_POINT ( 'NONE',  ( 0.07781418826114823439, 10.00000000000000000, -3.356179089586136755 ) ) ;
#1728 = CIRCLE ( 'NONE', #1610, 0.2950000000000000955 ) ;
#1729 = ORIENTED_EDGE ( 'NONE', *, *, #2394, .F. ) ;
#1730 = CARTESIAN_POINT ( 'NONE',  ( 0.07781418826119625154, 10.00000000000000000, 3.356179089586135866 ) ) ;
#1731 = DIRECTION ( 'NONE',  ( -0.000000000000000000, -1.000000000000000000, 0.000000000000000000 ) ) ;
#1732 = CARTESIAN_POINT ( 'NONE',  ( 0.000000000000000000, 16.00000000000000000, -2.857081042999999987 ) ) ;
#1733 = EDGE_CURVE ( 'NONE', #934, #1559, #1215, .T. ) ;
#1734 = CARTESIAN_POINT ( 'NONE',  ( -2.715935615280985260, 10.00000000000000000, -1.973242727826018950 ) ) ;
#1735 = CARTESIAN_POINT ( 'NONE',  ( -3.321071493134357233, 9.248423588762905823, -2.103882683933398834 ) ) ;
#1736 = EDGE_CURVE ( 'NONE', #1572, #1410, #1430, .T. ) ;
#1737 = CARTESIAN_POINT ( 'NONE',  ( -2.642045207455564260, 0.000000000000000000, 3.464643176003995961 ) ) ;
#1738 = ORIENTED_EDGE ( 'NONE', *, *, #1439, .F. ) ;
#1739 = ORIENTED_EDGE ( 'NONE', *, *, #617, .T. ) ;
#1740 = ORIENTED_EDGE ( 'NONE', *, *, #539, .F. ) ;
#1741 = CARTESIAN_POINT ( 'NONE',  ( 1.052049825722711329, 8.916010612725225215, -4.046893423289868785 ) ) ;
#1742 = ORIENTED_EDGE ( 'NONE', *, *, #2459, .F. ) ;
#1743 = CARTESIAN_POINT ( 'NONE',  ( -7.423091268457573833, 2.037731070277506440, -5.702208490174568212 ) ) ;
#1744 = LINE ( 'NONE', #219, #77 ) ;
#1745 = CARTESIAN_POINT ( 'NONE',  ( 3.498915154214531049E-16, 0.000000000000000000, 2.857081042999999987 ) ) ;
#1746 = CARTESIAN_POINT ( 'NONE',  ( 0.9247802624193791621, 9.940741915398593420, 3.276316751017978923 ) ) ;
#1747 = EDGE_CURVE ( 'NONE', #1820, #2513, #2335, .T. ) ;
#1748 = DIRECTION ( 'NONE',  ( 0.000000000000000000, 1.000000000000000000, 0.000000000000000000 ) ) ;
#1749 = EDGE_LOOP ( 'NONE', ( #2323, #1526, #1055, #2237 ) ) ;
#1750 = ORIENTED_EDGE ( 'NONE', *, *, #70, .T. ) ;
#1751 = EDGE_LOOP ( 'NONE', ( #1266, #561, #788 ) ) ;
#1752 = EDGE_CURVE ( 'NONE', #156, #904, #2382, .T. ) ;
#1753 = ADVANCED_FACE ( 'NONE', ( #619 ), #607, .T. ) ;
#1754 = LINE ( 'NONE', #1946, #2469 ) ;
#1755 =( BOUNDED_SURFACE ( )  B_SPLINE_SURFACE ( 3, 2, ( 
 ( #1799, #2363, #1011 ),
 ( #1772, #409, #86 ),
 ( #1371, #2401, #1785 ),
 ( #648, #32, #57 ),
 ( #418, #2196, #849 ),
 ( #1420, #45, #1216 ) ),
 .UNSPECIFIED., .F., .F., .F. ) 
 B_SPLINE_SURFACE_WITH_KNOTS ( ( 4, 2, 4 ),
 ( 3, 3 ),
 ( -3.579676697383113286E-05, 0.004522367639277564272, 0.009080532045528959609 ),
 ( 0.000000000000000000, 1.000000000000000000 ),
 .UNSPECIFIED. ) 
 GEOMETRIC_REPRESENTATION_ITEM ( )  RATIONAL_B_SPLINE_SURFACE ( (
 ( 1.000000000000000000, 1.000000000000000000, 1.000000000000000000),
 ( 1.000000000000000000, 0.9999971713165848319, 1.000000000000000000),
 ( 1.000000000000000000, 0.9972941864885793706, 1.000000000000000000),
 ( 1.000000000000000000, 0.9873438263596416853, 1.000000000000000000),
 ( 1.000000000000000000, 0.9800842286238732326, 1.000000000000000000),
 ( 1.000000000000000000, 0.9710943484845423468, 1.000000000000000000) ) ) 
 REPRESENTATION_ITEM ( '' )  SURFACE ( )  );
#1756 = ORIENTED_EDGE ( 'NONE', *, *, #90, .F. ) ;
#1757 = CARTESIAN_POINT ( 'NONE',  ( 3.357081043000000875, 10.00000000000000000, 8.673617379884035472E-17 ) ) ;
#1758 = LINE ( 'NONE', #967, #1563 ) ;
#1759 = DIRECTION ( 'NONE',  ( 0.8090169943749506709, 0.000000000000000000, 0.5877852522924684742 ) ) ;
#1760 = DIRECTION ( 'NONE',  ( -0.000000000000000000, -1.000000000000000000, -0.000000000000000000 ) ) ;
#1761 = FACE_OUTER_BOUND ( 'NONE', #1749, .T. ) ;
#1762 = VERTEX_POINT ( 'NONE', #2411 ) ;
#1763 = EDGE_LOOP ( 'NONE', ( #2494, #1693, #1898, #1234 ) ) ;
#1764 = EDGE_LOOP ( 'NONE', ( #2144, #873, #2115, #930 ) ) ;
#1765 = ADVANCED_FACE ( 'NONE', ( #1201 ), #1431, .F. ) ;
#1766 = AXIS2_PLACEMENT_3D ( 'NONE', #430, #1990, #1185 ) ;
#1767 = CARTESIAN_POINT ( 'NONE',  ( -3.111742936192072317, 9.923048358812547320, -1.490013464962838707 ) ) ;
#1768 = EDGE_LOOP ( 'NONE', ( #1999, #828 ) ) ;
#1769 = LINE ( 'NONE', #42, #2340 ) ;
#1770 = CYLINDRICAL_SURFACE ( 'NONE', #34, 1.000000000000000222 ) ;
#1771 = CARTESIAN_POINT ( 'NONE',  ( -2.929056185433681847, 9.946472080081237621, -1.748531437871605698 ) ) ;
#1772 = CARTESIAN_POINT ( 'NONE',  ( 3.357081042950702532, 10.00000000006541967, 0.1744222696308137255 ) ) ;
#1773 = DIRECTION ( 'NONE',  ( -0.6018150231520466020, 0.7986355100472940505, -0.000000000000000000 ) ) ;
#1774 = ORIENTED_EDGE ( 'NONE', *, *, #2459, .T. ) ;
#1775 = LINE ( 'NONE', #1218, #628 ) ;
#1776 = ORIENTED_EDGE ( 'NONE', *, *, #176, .F. ) ;
#1777 = ORIENTED_EDGE ( 'NONE', *, *, #2269, .F. ) ;
#1778 = EDGE_CURVE ( 'NONE', #366, #422, #110, .T. ) ;
#1779 = CARTESIAN_POINT ( 'NONE',  ( -3.167870086428248300, 10.00000000000000000, -1.111122065653929791 ) ) ;
#1780 = ORIENTED_EDGE ( 'NONE', *, *, #1036, .T. ) ;
#1781 = CARTESIAN_POINT ( 'NONE',  ( 9.357081043000000875, 0.000000000000000000, -0.2500000000000000000 ) ) ;
#1782 = DIRECTION ( 'NONE',  ( -0.000000000000000000, -1.000000000000000000, -0.000000000000000000 ) ) ;
#1783 = EDGE_CURVE ( 'NONE', #277, #1122, #190, .T. ) ;
#1784 = LINE ( 'NONE', #983, #663 ) ;
#1785 = CARTESIAN_POINT ( 'NONE',  ( 3.442575526393381935, 9.886544988535700185, 0.2688861301689590699 ) ) ;
#1786 = DIRECTION ( 'NONE',  ( 0.000000000000000000, 0.000000000000000000, -1.000000000000000000 ) ) ;
#1787 = SURFACE_SIDE_STYLE ('',( #423 ) ) ;
#1788 = VERTEX_POINT ( 'NONE', #2463 ) ;
#1789 = VERTEX_POINT ( 'NONE', #1673 ) ;
#1790 = AXIS2_PLACEMENT_3D ( 'NONE', #2206, #2362, #1229 ) ;
#1791 = CARTESIAN_POINT ( 'NONE',  ( 0.000000000000000000, 16.00000000000000000, 0.000000000000000000 ) ) ;
#1792 = VERTEX_POINT ( 'NONE', #106 ) ;
#1793 = CARTESIAN_POINT ( 'NONE',  ( -3.229830459748082916, 0.000000000000000000, -2.655626181629007654 ) ) ;
#1794 = DIRECTION ( 'NONE',  ( 0.000000000000000000, 0.000000000000000000, -1.000000000000000000 ) ) ;
#1795 = CIRCLE ( 'NONE', #823, 3.357081043000000875 ) ;
#1796 = CIRCLE ( 'NONE', #501, 3.357081043000000875 ) ;
#1797 = EDGE_CURVE ( 'NONE', #2425, #422, #481, .T. ) ;
#1798 = DIRECTION ( 'NONE',  ( 0.000000000000000000, 0.7071067811865441310, 0.7071067811865510144 ) ) ;
#1799 = CARTESIAN_POINT ( 'NONE',  ( 3.357081043000000875, 10.00000000000000000, 2.055619276894104381E-16 ) ) ;
#1800 = DIRECTION ( 'NONE',  ( 0.000000000000000000, 1.000000000000000000, 0.000000000000000000 ) ) ;
#1801 =( NAMED_UNIT ( * ) PLANE_ANGLE_UNIT ( ) SI_UNIT ( $, .RADIAN. ) );
#1802 = ORIENTED_EDGE ( 'NONE', *, *, #1663, .F. ) ;
#1803 = FACE_OUTER_BOUND ( 'NONE', #1691, .T. ) ;
#1804 = CARTESIAN_POINT ( 'NONE',  ( 3.215961899580620731, 10.00000000000000000, 0.9631106840419632054 ) ) ;
#1805 = EDGE_LOOP ( 'NONE', ( #2311, #67, #516, #1316, #109, #1000, #426 ) ) ;
#1806 = AXIS2_PLACEMENT_3D ( 'NONE', #1390, #633, #1378 ) ;
#1807 = DIRECTION ( 'NONE',  ( 0.000000000000000000, 1.000000000000000000, 0.000000000000000000 ) ) ;
#1808 = CARTESIAN_POINT ( 'NONE',  ( 1.868663504280116294, 9.999999999999994671, -2.789370320026384409 ) ) ;
#1809 = CIRCLE ( 'NONE', #1282, 2.857081042999999987 ) ;
#1810 = CIRCLE ( 'NONE', #1682, 2.857081042999999987 ) ;
#1811 = DIRECTION ( 'NONE',  ( 0.3090169943749447312, 0.000000000000000000, -0.9510565162951545304 ) ) ;
#1812 = CARTESIAN_POINT ( 'NONE',  ( 0.000000000000000000, 14.00000000000000711, 0.000000000000000000 ) ) ;
#1813 = EDGE_CURVE ( 'NONE', #1590, #1678, #532, .T. ) ;
#1814 = AXIS2_PLACEMENT_3D ( 'NONE', #1981, #1800, #1993 ) ;
#1815 = DIRECTION ( 'NONE',  ( -0.000000000000000000, -1.000000000000000000, -0.000000000000000000 ) ) ;
#1816 = ORIENTED_EDGE ( 'NONE', *, *, #1348, .F. ) ;
#1817 = ADVANCED_FACE ( 'NONE', ( #671 ), #622, .T. ) ;
#1818 = FACE_OUTER_BOUND ( 'NONE', #411, .T. ) ;
#1819 = CARTESIAN_POINT ( 'NONE',  ( 3.408052617443661614, 9.909437148577243448, 0.6066628094997851273 ) ) ;
#1820 = VERTEX_POINT ( 'NONE', #1440 ) ;
#1821 = CARTESIAN_POINT ( 'NONE',  ( 0.000000000000000000, 10.00000000000000000, 0.000000000000000000 ) ) ;
#1822 = CARTESIAN_POINT ( 'NONE',  ( -2.568989302207868253, 10.00000000000000000, -2.175496976419756479 ) ) ;
#1823 = CARTESIAN_POINT ( 'NONE',  ( 1.177607719726788460, 9.940741915397397932, 3.194168130391260796 ) ) ;
#1824 = CARTESIAN_POINT ( 'NONE',  ( 0.000000000000000000, 10.00000000000000000, 0.000000000000000000 ) ) ;
#1825 = ORIENTED_EDGE ( 'NONE', *, *, #497, .F. ) ;
#1826 = CARTESIAN_POINT ( 'NONE',  ( -2.035665573617893465, 10.00000000000000000, -2.669467887361992808 ) ) ;
#1827 = ADVANCED_FACE ( 'NONE', ( #1253 ), #2034, .T. ) ;
#1828 = CYLINDRICAL_SURFACE ( 'NONE', #1522, 1.949999999999999956 ) ;
#1829 = ORIENTED_EDGE ( 'NONE', *, *, #1733, .F. ) ;
#1830 = CARTESIAN_POINT ( 'NONE',  ( 1.630116794682799686, 9.909437148577245225, -3.053781531705868524 ) ) ;
#1831 = CIRCLE ( 'NONE', #1503, 3.357081043000000875 ) ;
#1832 = CARTESIAN_POINT ( 'NONE',  ( 9.357081043000000875, 2.037731070277506440, 0.2500000000000000000 ) ) ;
#1833 = CARTESIAN_POINT ( 'NONE',  ( 1.921898106613672663, 9.901912455097642507, 2.983099410723839995 ) ) ;
#1834 = AXIS2_PLACEMENT_3D ( 'NONE', #269, #1807, #2192 ) ;
#1835 = CARTESIAN_POINT ( 'NONE',  ( 1.037395093780964617, 10.00000000000000000, -3.192773801676084044 ) ) ;
#1836 = ORIENTED_EDGE ( 'NONE', *, *, #1681, .T. ) ;
#1837 = DIRECTION ( 'NONE',  ( 0.9510565162951500895, 0.000000000000000000, -0.3090169943749582204 ) ) ;
#1838 = VERTEX_POINT ( 'NONE', #304 ) ;
#1839 = EDGE_CURVE ( 'NONE', #544, #1180, #1057, .T. ) ;
#1840 = DIRECTION ( 'NONE',  ( 0.000000000000000000, 0.000000000000000000, -1.000000000000000000 ) ) ;
#1841 = CARTESIAN_POINT ( 'NONE',  ( 0.7249163727008228753, 0.000000000000000000, -3.040080180465098536 ) ) ;
#1842 = EDGE_CURVE ( 'NONE', #1207, #2393, #682, .T. ) ;
#1843 = DIRECTION ( 'NONE',  ( 0.000000000000000000, 0.000000000000000000, 1.000000000000000000 ) ) ;
#1844 = LINE ( 'NONE', #119, #2462 ) ;
#1845 = CIRCLE ( 'NONE', #2432, 1.000000000000000222 ) ;
#1846 =( BOUNDED_SURFACE ( )  B_SPLINE_SURFACE ( 3, 2, ( 
 ( #294, #1835, #2061 ),
 ( #703, #2081, #317 ),
 ( #2276, #2467, #1646 ),
 ( #1857, #338, #306 ),
 ( #1102, #1475, #108 ),
 ( #2436, #1071, #684 ) ),
 .UNSPECIFIED., .F., .F., .F. ) 
 B_SPLINE_SURFACE_WITH_KNOTS ( ( 4, 2, 4 ),
 ( 3, 3 ),
 ( -3.579676697408395525E-05, 0.004522367639277445443, 0.009080532045528975221 ),
 ( 0.000000000000000000, 1.000000000000000000 ),
 .UNSPECIFIED. ) 
 GEOMETRIC_REPRESENTATION_ITEM ( )  RATIONAL_B_SPLINE_SURFACE ( (
 ( 1.000000000000000000, 1.000000000000000000, 1.000000000000000000),
 ( 1.000000000000000000, 0.9999971713165207721, 1.000000000000000000),
 ( 1.000000000000000000, 0.9972941864886638585, 1.000000000000000000),
 ( 1.000000000000000000, 0.9873438263595571973, 1.000000000000000000),
 ( 1.000000000000000000, 0.9800842286239372925, 1.000000000000000000),
 ( 1.000000000000000000, 0.9710943484845419027, 1.000000000000000000) ) ) 
 REPRESENTATION_ITEM ( '' )  SURFACE ( )  );
#1847 = DIRECTION ( 'NONE',  ( 0.3090169943749581649, 0.000000000000000000, 0.9510565162951500895 ) ) ;
#1848 = VERTEX_POINT ( 'NONE', #881 ) ;
#1849 = AXIS2_PLACEMENT_3D ( 'NONE', #719, #146, #877 ) ;
#1850 = CARTESIAN_POINT ( 'NONE',  ( 0.000000000000000000, 16.00000000000000000, 0.000000000000000000 ) ) ;
#1851 = CARTESIAN_POINT ( 'NONE',  ( -2.715935615280956839, 10.00000000000000000, 1.973242727826058251 ) ) ;
#1852 = CARTESIAN_POINT ( 'NONE',  ( 0.1009933094276185134, 16.00000000000000000, 4.355910417664811796 ) ) ;
#1853 = EDGE_CURVE ( 'NONE', #1437, #1624, #118, .T. ) ;
#1854 = CARTESIAN_POINT ( 'NONE',  ( 1.037395093780964173, 10.00000000000000000, -3.192773801676084489 ) ) ;
#1855 = CARTESIAN_POINT ( 'NONE',  ( 1.914227444778296761, 10.00000000000000000, 2.757848150085048911 ) ) ;
#1856 = EDGE_CURVE ( 'NONE', #1954, #1183, #1654, .T. ) ;
#1857 = CARTESIAN_POINT ( 'NONE',  ( 1.653261301398376348, 9.999999999982430055, -2.926372214504228353 ) ) ;
#1858 = ORIENTED_EDGE ( 'NONE', *, *, #1564, .F. ) ;
#1859 = CARTESIAN_POINT ( 'NONE',  ( -2.075400039630598048, 9.999999999999985789, -2.639167435001771089 ) ) ;
#1860 = CARTESIAN_POINT ( 'NONE',  ( 3.503733612091573857, 9.805385467609697869, -0.5078122535211331279 ) ) ;
#1861 = DIRECTION ( 'NONE',  ( 0.000000000000000000, 0.000000000000000000, 1.000000000000000000 ) ) ;
#1862 = CARTESIAN_POINT ( 'NONE',  ( 0.3825619414303250143, 9.999999999982385646, -3.339247464548447120 ) ) ;
#1863 = CARTESIAN_POINT ( 'NONE',  ( 1.037395093781010136, 10.00000000000000000, 3.192773801676069390 ) ) ;
#1864 = VECTOR ( 'NONE', #1472, 100.0000000000000000 ) ;
#1865 = EDGE_CURVE ( 'NONE', #2203, #627, #1795, .T. ) ;
#1866 = CARTESIAN_POINT ( 'NONE',  ( 1.052049825722711329, 0.000000000000000000, -4.046893423289868785 ) ) ;
#1867 = ORIENTED_EDGE ( 'NONE', *, *, #1736, .F. ) ;
#1868 = VECTOR ( 'NONE', #405, 100.0000000000000000 ) ;
#1869 = CARTESIAN_POINT ( 'NONE',  ( -2.536095482391654610, 9.805385467609696093, 2.470271688199321414 ) ) ;
#1870 = ORIENTED_EDGE ( 'NONE', *, *, #2163, .F. ) ;
#1871 = CIRCLE ( 'NONE', #900, 3.149999999999999911 ) ;
#1872 = FACE_OUTER_BOUND ( 'NONE', #2182, .T. ) ;
#1873 = CARTESIAN_POINT ( 'NONE',  ( 0.000000000000000000, 0.000000000000000000, -2.857081042999999987 ) ) ;
#1874 = DIRECTION ( 'NONE',  ( 0.000000000000000000, 1.000000000000000000, 0.000000000000000000 ) ) ;
#1875 = CARTESIAN_POINT ( 'NONE',  ( 3.289717069143723194, 9.984741602501079782, -0.7803381217264773184 ) ) ;
#1876 = DIRECTION ( 'NONE',  ( 0.000000000000000000, 0.000000000000000000, -1.000000000000000000 ) ) ;
#1877 = AXIS2_PLACEMENT_3D ( 'NONE', #1937, #1353, #536 ) ;
#1878 = CARTESIAN_POINT ( 'NONE',  ( 0.2377641290737886326, 0.000000000000000000, 0.07725424859373618280 ) ) ;
#1879 = CARTESIAN_POINT ( 'NONE',  ( 0.4385548720321952865, 9.748242275414810365, 3.586824893299294548 ) ) ;
#1880 = ORIENTED_EDGE ( 'NONE', *, *, #2185, .F. ) ;
#1881 = EDGE_CURVE ( 'NONE', #921, #1211, #1661, .T. ) ;
#1882 = CIRCLE ( 'NONE', #1444, 2.840810430000000331 ) ;
#1883 = DIRECTION ( 'NONE',  ( -0.5877852522924802425, 0.000000000000000000, -0.8090169943749423442 ) ) ;
#1884 = EDGE_LOOP ( 'NONE', ( #655, #2295, #1051, #2062, #1060 ) ) ;
#1885 = ORIENTED_EDGE ( 'NONE', *, *, #670, .T. ) ;
#1886 = CIRCLE ( 'NONE', #1648, 2.840810430000000331 ) ;
#1887 = EDGE_CURVE ( 'NONE', #791, #47, #1958, .T. ) ;
#1888 = CARTESIAN_POINT ( 'NONE',  ( -2.613412777480580651, 10.00000000006553158, 2.114353308125880293 ) ) ;
#1889 = DIRECTION ( 'NONE',  ( 0.000000000000000000, 0.000000000000000000, 1.000000000000000000 ) ) ;
#1890 = CYLINDRICAL_SURFACE ( 'NONE', #1231, 0.2950000000000000955 ) ;
#1891 = CARTESIAN_POINT ( 'NONE',  ( -4.111508338186785849, 0.000000000000000000, -1.442100690066581370 ) ) ;
#1892 = CARTESIAN_POINT ( 'NONE',  ( 0.000000000000000000, 16.00000000000000000, 0.000000000000000000 ) ) ;
#1893 = DIRECTION ( 'NONE',  ( 0.000000000000000000, 0.7071067811865435759, 0.7071067811865515695 ) ) ;
#1894 = CARTESIAN_POINT ( 'NONE',  ( 0.3092575698006506113, 9.713812937599833219, 3.656115655246784168 ) ) ;
#1895 = ORIENTED_EDGE ( 'NONE', *, *, #1652, .T. ) ;
#1896 = CARTESIAN_POINT ( 'NONE',  ( 0.000000000000000000, 10.00000000000000000, 0.000000000000000000 ) ) ;
#1897 = ORIENTED_EDGE ( 'NONE', *, *, #2302, .F. ) ;
#1898 = ORIENTED_EDGE ( 'NONE', *, *, #2118, .T. ) ;
#1899 = ORIENTED_EDGE ( 'NONE', *, *, #322, .F. ) ;
#1900 = CARTESIAN_POINT ( 'NONE',  ( 1.527578083870343661, 8.916010612725225215, 3.892384926102374187 ) ) ;
#1901 = ADVANCED_FACE ( 'NONE', ( #374 ), #1686, .T. ) ;
#1902 = DIRECTION ( 'NONE',  ( 0.000000000000000000, 1.000000000000000000, 0.000000000000000000 ) ) ;
#1903 = DIRECTION ( 'NONE',  ( 0.000000000000000000, 0.000000000000000000, -1.000000000000000000 ) ) ;
#1904 = DIRECTION ( 'NONE',  ( 0.4868785812001550362, 0.7986355100472940505, -0.3537379952168305808 ) ) ;
#1905 = CARTESIAN_POINT ( 'NONE',  ( -2.500631713677240242, 9.840512025481530145, 2.474050332892078874 ) ) ;
#1906 = PLANE ( 'NONE',  #1362 ) ;
#1907 = ORIENTED_EDGE ( 'NONE', *, *, #441, .T. ) ;
#1908 = VECTOR ( 'NONE', #2434, 100.0000000000000000 ) ;
#1909 = DIRECTION ( 'NONE',  ( -0.000000000000000000, -1.000000000000000000, -0.000000000000000000 ) ) ;
#1910 = ORIENTED_EDGE ( 'NONE', *, *, #1328, .F. ) ;
#1911 = ORIENTED_EDGE ( 'NONE', *, *, #1470, .F. ) ;
#1912 = ORIENTED_EDGE ( 'NONE', *, *, #472, .F. ) ;
#1913 = CIRCLE ( 'NONE', #64, 0.2950000000000000955 ) ;
#1914 = B_SPLINE_CURVE_WITH_KNOTS ( 'NONE', 3,
 ( #2245, #494, #2039, #1268, #2447, #1658 ),
 .UNSPECIFIED., .F., .F.,
 ( 4, 2, 4 ),
 ( -3.579676697382668085E-05, 0.002780507572604695634, 0.005596811912183217996 ),
 .UNSPECIFIED. ) ;
#1915 = PRODUCT_DEFINITION_FORMATION_WITH_SPECIFIED_SOURCE ( 'ANY', '', #2019, .NOT_KNOWN. ) ;
#1916 = DIRECTION ( 'NONE',  ( 0.000000000000000000, 0.000000000000000000, 1.000000000000000000 ) ) ;
#1917 = DIRECTION ( 'NONE',  ( -0.000000000000000000, 1.000000000000000000, -0.000000000000000000 ) ) ;
#1918 = EDGE_CURVE ( 'NONE', #2294, #544, #150, .T. ) ;
#1919 = PLANE ( 'NONE',  #1095 ) ;
#1920 = PLANE ( 'NONE',  #2059 ) ;
#1921 = ADVANCED_FACE ( 'NONE', ( #1936 ), #2476, .T. ) ;
#1922 = FACE_OUTER_BOUND ( 'NONE', #1137, .T. ) ;
#1923 = LINE ( 'NONE', #2305, #2350 ) ;
#1924 = CARTESIAN_POINT ( 'NONE',  ( -3.151331269024691739, 9.999999999999989342, 1.158275143193425283 ) ) ;
#1925 = ORIENTED_EDGE ( 'NONE', *, *, #55, .T. ) ;
#1926 = VERTEX_POINT ( 'NONE', #749 ) ;
#1927 = ORIENTED_EDGE ( 'NONE', *, *, #420, .T. ) ;
#1928 = CIRCLE ( 'NONE', #2227, 3.357081043000000875 ) ;
#1929 = CARTESIAN_POINT ( 'NONE',  ( 1.450172063310337878, 9.248423588762905823, 3.654153690946603472 ) ) ;
#1930 = AXIS2_PLACEMENT_3D ( 'NONE', #1235, #863, #2458 ) ;
#1931 = DIRECTION ( 'NONE',  ( 0.000000000000000000, 1.000000000000000000, 0.000000000000000000 ) ) ;
#1932 = VECTOR ( 'NONE', #1250, 100.0000000000000000 ) ;
#1933 = ORIENTED_EDGE ( 'NONE', *, *, #905, .F. ) ;
#1934 = EDGE_CURVE ( 'NONE', #47, #791, #1350, .T. ) ;
#1935 = B_SPLINE_CURVE_WITH_KNOTS ( 'NONE', 3,
 ( #1480, #133, #1260, #1659, #1096, #2448, #2440, #1491, #687, #1459 ),
 .UNSPECIFIED., .F., .F.,
 ( 4, 2, 2, 2, 4 ),
 ( 0.000000000000000000, 0.001482210797659547002, 0.002964421595319094004, 0.004446632392978643392, 0.005928843190638193213 ),
 .UNSPECIFIED. ) ;
#1936 = FACE_OUTER_BOUND ( 'NONE', #2419, .T. ) ;
#1937 = CARTESIAN_POINT ( 'NONE',  ( 0.000000000000000000, 16.00000000000000000, 0.000000000000000000 ) ) ;
#1938 = CARTESIAN_POINT ( 'NONE',  ( -7.423091268457573833, 2.037731070277506440, -5.702208490174568212 ) ) ;
#1939 = EDGE_CURVE ( 'NONE', #1317, #1109, #565, .T. ) ;
#1940 = CARTESIAN_POINT ( 'NONE',  ( -2.943149407130343231, 9.886544988537753653, -1.805961675456667637 ) ) ;
#1941 = CARTESIAN_POINT ( 'NONE',  ( 3.129261189104547203, 0.000000000000000000, 8.821858650853229733 ) ) ;
#1942 = CARTESIAN_POINT ( 'NONE',  ( 0.09327666456908799419, 9.999939261493148379, 3.355910417664811352 ) ) ;
#1943 = ORIENTED_EDGE ( 'NONE', *, *, #1411, .T. ) ;
#1944 = ORIENTED_EDGE ( 'NONE', *, *, #1174, .F. ) ;
#1945 = ORIENTED_EDGE ( 'NONE', *, *, #1270, .T. ) ;
#1946 = CARTESIAN_POINT ( 'NONE',  ( 4.173925636049350629, 0.000000000000000000, -0.2500000000000000000 ) ) ;
#1947 = ORIENTED_EDGE ( 'NONE', *, *, #840, .T. ) ;
#1948 = CARTESIAN_POINT ( 'NONE',  ( 3.442575526393381935, 9.886544988535700185, -0.2688861301688929561 ) ) ;
#1949 = DIRECTION ( 'NONE',  ( 0.000000000000000000, 0.000000000000000000, 1.000000000000000000 ) ) ;
#1950 = CARTESIAN_POINT ( 'NONE',  ( 1.275159222854797658, 10.00000000000000000, 3.115519553082330084 ) ) ;
#1951 = DIRECTION ( 'NONE',  ( 0.000000000000000000, 0.000000000000000000, 1.000000000000000000 ) ) ;
#1952 = ADVANCED_FACE ( 'NONE', ( #2106 ), #1919, .T. ) ;
#1953 = FACE_OUTER_BOUND ( 'NONE', #609, .T. ) ;
#1954 = VERTEX_POINT ( 'NONE', #2488 ) ;
#1955 = ORIENTED_EDGE ( 'NONE', *, *, #892, .F. ) ;
#1956 = ORIENTED_EDGE ( 'NONE', *, *, #1508, .T. ) ;
#1957 = AXIS2_PLACEMENT_3D ( 'NONE', #147, #2500, #2281 ) ;
#1958 = CIRCLE ( 'NONE', #2384, 0.2950000000000000955 ) ;
#1959 = CARTESIAN_POINT ( 'NONE',  ( -3.184794395460813110, 9.558672630023956174, 1.893705696438469754 ) ) ;
#1960 = VERTEX_POINT ( 'NONE', #735 ) ;
#1961 = AXIS2_PLACEMENT_3D ( 'NONE', #2070, #140, #714 ) ;
#1962 = CARTESIAN_POINT ( 'NONE',  ( 0.000000000000000000, 4.799999999999999822, 0.000000000000000000 ) ) ;
#1963 = CARTESIAN_POINT ( 'NONE',  ( 2.653732930956844704, 0.000000000000000000, -8.976367148040749200 ) ) ;
#1964 = CARTESIAN_POINT ( 'NONE',  ( 0.000000000000000000, 16.00000000000000000, 0.000000000000000000 ) ) ;
#1965 = DIRECTION ( 'NONE',  ( -0.9510565162951500895, 0.000000000000000000, 0.3090169943749581649 ) ) ;
#1966 = CARTESIAN_POINT ( 'NONE',  ( -7.423091268457489456, 2.037731070277506440, 5.702208490174675681 ) ) ;
#1967 = ORIENTED_EDGE ( 'NONE', *, *, #2229, .F. ) ;
#1968 = CARTESIAN_POINT ( 'NONE',  ( -7.423091268457489456, 0.000000000000000000, 5.702208490174675681 ) ) ;
#1969 = ORIENTED_EDGE ( 'NONE', *, *, #520, .F. ) ;
#1970 = EDGE_CURVE ( 'NONE', #1166, #1136, #177, .T. ) ;
#1971 = VERTEX_POINT ( 'NONE', #2282 ) ;
#1972 = ADVANCED_FACE ( 'NONE', ( #2137 ), #1890, .F. ) ;
#1973 = AXIS2_PLACEMENT_3D ( 'NONE', #1451, #2033, #688 ) ;
#1974 = CARTESIAN_POINT ( 'NONE',  ( -2.715935615280956839, 10.00000000000000000, 1.973242727826058251 ) ) ;
#1975 = ORIENTED_EDGE ( 'NONE', *, *, #1939, .F. ) ;
#1976 = DIRECTION ( 'NONE',  ( 0.000000000000000000, 0.000000000000000000, 1.000000000000000000 ) ) ;
#1977 = CYLINDRICAL_SURFACE ( 'NONE', #1406, 0.9999999999999998890 ) ;
#1978 = VECTOR ( 'NONE', #80, 100.0000000000000142 ) ;
#1979 = CARTESIAN_POINT ( 'NONE',  ( -3.127682789622342252, 9.912984974837904417, -1.518076600824568523 ) ) ;
#1980 = CARTESIAN_POINT ( 'NONE',  ( 0.9746438051627630550, 9.248423588762905823, 3.808662188134084303 ) ) ;
#1981 = CARTESIAN_POINT ( 'NONE',  ( 0.000000000000000000, 16.00000000000000000, 0.000000000000000000 ) ) ;
#1982 = ORIENTED_EDGE ( 'NONE', *, *, #1280, .F. ) ;
#1983 = DIRECTION ( 'NONE',  ( -0.000000000000000000, -1.000000000000000000, -0.000000000000000000 ) ) ;
#1984 = ORIENTED_EDGE ( 'NONE', *, *, #2457, .F. ) ;
#1985 = ORIENTED_EDGE ( 'NONE', *, *, #1040, .T. ) ;
#1986 = EDGE_CURVE ( 'NONE', #2513, #186, #2090, .T. ) ;
#1987 = CARTESIAN_POINT ( 'NONE',  ( 3.477273626461852007, 9.840499054519773026, 0.5317054953691084940 ) ) ;
#1988 = ORIENTED_EDGE ( 'NONE', *, *, #354, .F. ) ;
#1989 = CARTESIAN_POINT ( 'NONE',  ( -3.523723085894284957, 0.000000000000000000, 2.251117684441582778 ) ) ;
#1990 = DIRECTION ( 'NONE',  ( -0.000000000000000000, -1.000000000000000000, -0.000000000000000000 ) ) ;
#1991 = CARTESIAN_POINT ( 'NONE',  ( -3.119770704414072782, 9.999999999967181807, -1.248983631858126886 ) ) ;
#1992 = CARTESIAN_POINT ( 'NONE',  ( -2.715935615280957283, 10.00000000000000000, 1.973242727826057807 ) ) ;
#1993 = DIRECTION ( 'NONE',  ( 0.000000000000000000, 0.000000000000000000, 1.000000000000000000 ) ) ;
#1994 = LINE ( 'NONE', #884, #585 ) ;
#1995 = ORIENTED_EDGE ( 'NONE', *, *, #2406, .T. ) ;
#1996 = DIRECTION ( 'NONE',  ( -0.000000000000000000, -1.000000000000000000, -0.000000000000000000 ) ) ;
#1997 = VECTOR ( 'NONE', #1392, 100.0000000000000000 ) ;
#1998 = CARTESIAN_POINT ( 'NONE',  ( -3.125699386938415980, 9.840512025481524816, -1.613718488344415780 ) ) ;
#1999 = ORIENTED_EDGE ( 'NONE', *, *, #483, .T. ) ;
#2000 = FACE_OUTER_BOUND ( 'NONE', #1600, .T. ) ;
#2001 = CARTESIAN_POINT ( 'NONE',  ( 0.7509250364755544194, 9.863678300712271252, 3.393865830830269825 ) ) ;
#2002 = STYLED_ITEM ( 'NONE', ( #1042 ), #2188 ) ;
#2003 = EDGE_CURVE ( 'NONE', #2393, #1590, #2421, .T. ) ;
#2004 =( BOUNDED_CURVE ( )  B_SPLINE_CURVE ( 3, ( #262, #1028, #75, #2049 ),
 .UNSPECIFIED., .F., .F. ) 
 B_SPLINE_CURVE_WITH_KNOTS ( ( 4, 4 ),
 ( 1.570796326794896558, 2.305263810965988203 ),
 .UNSPECIFIED. ) 
 CURVE ( )  GEOMETRIC_REPRESENTATION_ITEM ( )  RATIONAL_B_SPLINE_CURVE ( ( 1.000000000000000000, 0.9555493991423570366, 0.9555493991423570366, 1.000000000000000000 ) ) 
 REPRESENTATION_ITEM ( '' )  );
#2005 = VECTOR ( 'NONE', #349, 100.0000000000000000 ) ;
#2006 = CARTESIAN_POINT ( 'NONE',  ( 0.07781418826119625154, 0.000000000000000000, 3.356179089586135866 ) ) ;
#2007 = CARTESIAN_POINT ( 'NONE',  ( 3.357081043000000875, 10.00000000000000000, -0.2500000000000000000 ) ) ;
#2008 = EDGE_CURVE ( 'NONE', #717, #603, #2048, .T. ) ;
#2009 = B_SPLINE_CURVE_WITH_KNOTS ( 'NONE', 3,
 ( #2490, #1117, #1688, #738, #2478, #2301 ),
 .UNSPECIFIED., .F., .F.,
 ( 4, 2, 4 ),
 ( 0.000000000000000000, 0.002816304339577716583, 0.005632608679155435769 ),
 .UNSPECIFIED. ) ;
#2010 = DIRECTION ( 'NONE',  ( 0.000000000000000000, 0.000000000000000000, -1.000000000000000000 ) ) ;
#2011 = CARTESIAN_POINT ( 'NONE',  ( 3.215961899580620731, 16.00000000000000000, -0.9631106840419632054 ) ) ;
#2012 = VERTEX_POINT ( 'NONE', #1730 ) ;
#2013 = B_SPLINE_CURVE_WITH_KNOTS ( 'NONE', 3,
 ( #2240, #890, #2025, #1264, #1643, #1050 ),
 .UNSPECIFIED., .F., .F.,
 ( 4, 2, 4 ),
 ( -3.579676697364361332E-05, 0.002780507572604772829, 0.005596811912183189373 ),
 .UNSPECIFIED. ) ;
#2014 = ORIENTED_EDGE ( 'NONE', *, *, #2053, .T. ) ;
#2015 = LINE ( 'NONE', #243, #1447 ) ;
#2016 = ORIENTED_EDGE ( 'NONE', *, *, #1865, .T. ) ;
#2017 = AXIS2_PLACEMENT_3D ( 'NONE', #447, #1230, #1951 ) ;
#2018 = CARTESIAN_POINT ( 'NONE',  ( 0.000000000000000000, 16.00000000000000000, 0.000000000000000000 ) ) ;
#2019 = PRODUCT ( 'FinCan', 'FinCan', '', ( #1009 ) ) ;
#2020 = AXIS2_PLACEMENT_3D ( 'NONE', #308, #875, #2064 ) ;
#2021 = EDGE_CURVE ( 'NONE', #1013, #2425, #2502, .T. ) ;
#2022 = VECTOR ( 'NONE', #1178, 100.0000000000000142 ) ;
#2023 =( BOUNDED_CURVE ( )  B_SPLINE_CURVE ( 3, ( #959, #1735, #6, #1541 ),
 .UNSPECIFIED., .F., .F. ) 
 B_SPLINE_CURVE_WITH_KNOTS ( ( 4, 4 ),
 ( 1.570796326794896558, 2.305263810965986870 ),
 .UNSPECIFIED. ) 
 CURVE ( )  GEOMETRIC_REPRESENTATION_ITEM ( )  RATIONAL_B_SPLINE_CURVE ( ( 1.000000000000000000, 0.9555493991423571476, 0.9555493991423571476, 1.000000000000000000 ) ) 
 REPRESENTATION_ITEM ( '' )  );
#2024 = CARTESIAN_POINT ( 'NONE',  ( 0.3358385939065115511, 9.903454741278549633, -3.497219380613217687 ) ) ;
#2025 = CARTESIAN_POINT ( 'NONE',  ( 3.410817267744421954, 9.928689621219490391, 0.1654006872379663873 ) ) ;
#2026 = AXIS2_PLACEMENT_3D ( 'NONE', #1690, #944, #584 ) ;
#2027 = ADVANCED_FACE ( 'NONE', ( #163 ), #1509, .T. ) ;
#2028 =( LENGTH_UNIT ( ) NAMED_UNIT ( * ) SI_UNIT ( .CENTI., .METRE. ) );
#2029 = ORIENTED_EDGE ( 'NONE', *, *, #718, .F. ) ;
#2030 = DIRECTION ( 'NONE',  ( -0.000000000000000000, -1.000000000000000000, -0.000000000000000000 ) ) ;
#2031 = PLANE ( 'NONE',  #1162 ) ;
#2032 = ORIENTED_EDGE ( 'NONE', *, *, #2457, .T. ) ;
#2033 = DIRECTION ( 'NONE',  ( 0.000000000000000000, 1.000000000000000000, 0.000000000000000000 ) ) ;
#2034 = PLANE ( 'NONE',  #1588 ) ;
#2035 = FACE_OUTER_BOUND ( 'NONE', #812, .T. ) ;
#2036 = DIRECTION ( 'NONE',  ( 0.000000000000000000, 0.000000000000000000, 1.000000000000000000 ) ) ;
#2037 = VERTEX_POINT ( 'NONE', #361 ) ;
#2038 = ADVANCED_FACE ( 'NONE', ( #1523 ), #1293, .T. ) ;
#2039 = CARTESIAN_POINT ( 'NONE',  ( 1.211305901837899102, 9.928689621219492167, -3.192768365142542475 ) ) ;
#2040 = FACE_OUTER_BOUND ( 'NONE', #587, .T. ) ;
#2041 = ORIENTED_EDGE ( 'NONE', *, *, #39, .F. ) ;
#2042 = PLANE ( 'NONE',  #1228 ) ;
#2043 = AXIS2_PLACEMENT_3D ( 'NONE', #259, #272, #1023 ) ;
#2044 = CIRCLE ( 'NONE', #2043, 0.2950000000000000955 ) ;
#2045 = CARTESIAN_POINT ( 'NONE',  ( 0.07781418826114824827, 16.00000000000000000, -3.356179089586137199 ) ) ;
#2046 = CARTESIAN_POINT ( 'NONE',  ( 1.319540248314123199, 9.886544988537808720, 3.190993503438816603 ) ) ;
#2047 = B_SPLINE_CURVE_WITH_KNOTS ( 'NONE', 3,
 ( #664, #695, #2255, #1053, #296, #2415, #506, #1279, #517, #2052, #319, #1084, #1859, #1826 ),
 .UNSPECIFIED., .F., .F.,
 ( 4, 2, 2, 2, 2, 2, 4 ),
 ( 0.000000000000000000, 0.001477386591378128562, 0.002216079887067204553, 0.002954773182756280543, 0.003693466478445356967, 0.004432159774134432524, 0.005909546365512588842 ),
 .UNSPECIFIED. ) ;
#2048 = CIRCLE ( 'NONE', #225, 3.357081043000000875 ) ;
#2049 = CARTESIAN_POINT ( 'NONE',  ( 3.503733612091573857, 9.805385467609697869, -0.5078122535211331279 ) ) ;
#2050 = ORIENTED_EDGE ( 'NONE', *, *, #1400, .T. ) ;
#2051 = CIRCLE ( 'NONE', #827, 3.357081043000000875 ) ;
#2052 = CARTESIAN_POINT ( 'NONE',  ( -2.204062707040791658, 9.983559442420888885, -2.565335626690190995 ) ) ;
#2053 = EDGE_CURVE ( 'NONE', #215, #186, #377, .T. ) ;
#2054 = FACE_OUTER_BOUND ( 'NONE', #1208, .T. ) ;
#2055 = ADVANCED_FACE ( 'NONE', ( #444 ), #734, .F. ) ;
#2056 = CARTESIAN_POINT ( 'NONE',  ( 3.129261189104422414, 2.037731070277506440, -8.821858650853277695 ) ) ;
#2057 = CARTESIAN_POINT ( 'NONE',  ( 0.1985736100383748981, 9.901912455097644283, -3.543041482661820396 ) ) ;
#2058 = DIRECTION ( 'NONE',  ( -0.000000000000000000, -1.000000000000000000, -0.000000000000000000 ) ) ;
#2059 = AXIS2_PLACEMENT_3D ( 'NONE', #1524, #2274, #736 ) ;
#2060 = AXIS2_PLACEMENT_3D ( 'NONE', #8, #758, #2308 ) ;
#2061 = CARTESIAN_POINT ( 'NONE',  ( 1.037395093780964839, 10.00000000000000000, -3.192773801676084044 ) ) ;
#2062 = ORIENTED_EDGE ( 'NONE', *, *, #2285, .F. ) ;
#2063 = VECTOR ( 'NONE', #1236, 100.0000000000000000 ) ;
#2064 = DIRECTION ( 'NONE',  ( 0.000000000000000000, 0.000000000000000000, 1.000000000000000000 ) ) ;
#2065 = DIRECTION ( 'NONE',  ( -0.000000000000000000, -1.000000000000000000, -0.000000000000000000 ) ) ;
#2066 = CARTESIAN_POINT ( 'NONE',  ( -0.1469463130731200606, 0.000000000000000000, -0.2022542485937355583 ) ) ;
#2067 = ADVANCED_FACE ( 'NONE', ( #1034 ), #2161, .F. ) ;
#2068 = CARTESIAN_POINT ( 'NONE',  ( 1.476109117524390557, 9.833339162961905799, 3.182277958271690466 ) ) ;
#2069 = CYLINDRICAL_SURFACE ( 'NONE', #794, 1.949999999999999956 ) ;
#2070 = CARTESIAN_POINT ( 'NONE',  ( 0.000000000000000000, 0.000000000000000000, 0.000000000000000000 ) ) ;
#2071 = EDGE_LOOP ( 'NONE', ( #102, #816, #414, #1092, #1015, #1558, #1043, #1750, #36, #1739, #1943, #2160, #1375, #1956, #357, #1403, #1385, #2186, #2143 ) ) ;
#2072 = DIRECTION ( 'NONE',  ( 0.000000000000000000, 1.000000000000000000, 0.000000000000000000 ) ) ;
#2073 = FACE_OUTER_BOUND ( 'NONE', #14, .T. ) ;
#2074 = CARTESIAN_POINT ( 'NONE',  ( 0.000000000000000000, 14.00000000000000711, -2.857081042999999987 ) ) ;
#2075 = EDGE_CURVE ( 'NONE', #422, #2170, #979, .T. ) ;
#2076 = DIRECTION ( 'NONE',  ( -0.6815790431148638362, -0.7317444963828744209, 0.000000000000000000 ) ) ;
#2077 = CARTESIAN_POINT ( 'NONE',  ( 3.230284090246202666, 9.999999999999992895, -0.9152868770151991740 ) ) ;
#2078 = DIRECTION ( 'NONE',  ( 0.3090169943749582204, 0.000000000000000000, 0.9510565162951500895 ) ) ;
#2079 = AXIS2_PLACEMENT_3D ( 'NONE', #1188, #233, #71 ) ;
#2080 = EDGE_CURVE ( 'NONE', #1703, #1450, #632, .T. ) ;
#2081 = CARTESIAN_POINT ( 'NONE',  ( 1.190409622970198367, 9.970376588387043881, -3.166527992150763193 ) ) ;
#2082 = CARTESIAN_POINT ( 'NONE',  ( 0.4772695084430416124, 9.912984974832609097, 3.443714566389786569 ) ) ;
#2083 = ORIENTED_EDGE ( 'NONE', *, *, #639, .T. ) ;
#2084 = AXIS2_PLACEMENT_3D ( 'NONE', #722, #2315, #578 ) ;
#2085 = CARTESIAN_POINT ( 'NONE',  ( 0.000000000000000000, 16.00000000000000000, 0.000000000000000000 ) ) ;
#2086 = ORIENTED_EDGE ( 'NONE', *, *, #2285, .T. ) ;
#2087 = ORIENTED_EDGE ( 'NONE', *, *, #718, .T. ) ;
#2088 = CARTESIAN_POINT ( 'NONE',  ( 0.000000000000000000, 1.300000000000001155, 0.000000000000000000 ) ) ;
#2089 = CARTESIAN_POINT ( 'NONE',  ( -2.472461737334660903, 3.100000000000000089, -0.2950000000000000955 ) ) ;
#2090 = LINE ( 'NONE', #347, #181 ) ;
#2091 = FACE_BOUND ( 'NONE', #1383, .T. ) ;
#2092 = DIRECTION ( 'NONE',  ( 0.000000000000000000, 0.000000000000000000, 1.000000000000000000 ) ) ;
#2093 = VECTOR ( 'NONE', #500, 100.0000000000000000 ) ;
#2094 = CARTESIAN_POINT ( 'NONE',  ( -2.116806521613022518, 9.997512442031299074, 2.612275067387116234 ) ) ;
#2095 = CARTESIAN_POINT ( 'NONE',  ( 0.5997550771332063047, 9.805385467609696093, -3.489171299431919948 ) ) ;
#2096 = ORIENTED_EDGE ( 'NONE', *, *, #469, .T. ) ;
#2097 = ADVANCED_FACE ( 'NONE', ( #2000 ), #582, .F. ) ;
#2098 = VECTOR ( 'NONE', #1247, 100.0000000000000142 ) ;
#2099 = CARTESIAN_POINT ( 'NONE',  ( -3.124573989041570687, 9.987804755510797605, 1.279090758651976190 ) ) ;
#2100 = ORIENTED_EDGE ( 'NONE', *, *, #653, .F. ) ;
#2101 = EDGE_LOOP ( 'NONE', ( #679, #383, #1195, #1911 ) ) ;
#2102 = ORIENTED_EDGE ( 'NONE', *, *, #520, .T. ) ;
#2103 = VECTOR ( 'NONE', #1232, 100.0000000000000000 ) ;
#2104 = CARTESIAN_POINT ( 'NONE',  ( 0.1009933094276399546, 9.999813094072873554, 3.355910417664811352 ) ) ;
#2105 = DIRECTION ( 'NONE',  ( 0.8090169943749423442, 0.000000000000000000, -0.5877852522924802425 ) ) ;
#2106 = FACE_OUTER_BOUND ( 'NONE', #841, .T. ) ;
#2107 = DIRECTION ( 'NONE',  ( 0.000000000000000000, 1.000000000000000000, 0.000000000000000000 ) ) ;
#2108 = DIRECTION ( 'NONE',  ( 0.000000000000000000, 1.000000000000000000, 0.000000000000000000 ) ) ;
#2109 = CARTESIAN_POINT ( 'NONE',  ( -2.613412777481707749, 10.00000000006532908, -2.114353308124592434 ) ) ;
#2110 = CARTESIAN_POINT ( 'NONE',  ( 0.8715096576477296964, 10.00000000006525092, 3.246673247142259466 ) ) ;
#2111 = ORIENTED_EDGE ( 'NONE', *, *, #1813, .F. ) ;
#2112 = DIRECTION ( 'NONE',  ( 0.000000000000000000, 1.000000000000000000, 0.000000000000000000 ) ) ;
#2113 = ORIENTED_EDGE ( 'NONE', *, *, #1842, .F. ) ;
#2114 = EDGE_LOOP ( 'NONE', ( #2320, #1777 ) ) ;
#2115 = ORIENTED_EDGE ( 'NONE', *, *, #2472, .T. ) ;
#2116 = EDGE_CURVE ( 'NONE', #562, #1104, #813, .T. ) ;
#2117 = LINE ( 'NONE', #591, #2356 ) ;
#2118 = EDGE_CURVE ( 'NONE', #2344, #1502, #1577, .T. ) ;
#2119 = DIRECTION ( 'NONE',  ( 0.000000000000000000, 0.000000000000000000, -1.000000000000000000 ) ) ;
#2120 = UNCERTAINTY_MEASURE_WITH_UNIT (LENGTH_MEASURE( 1.000000000000000082E-05 ), #363, 'distance_accuracy_value', 'NONE');
#2121 = DIRECTION ( 'NONE',  ( 0.000000000000000000, 1.000000000000000000, 0.000000000000000000 ) ) ;
#2122 = FACE_BOUND ( 'NONE', #933, .T. ) ;
#2123 = B_SPLINE_CURVE_WITH_KNOTS ( 'NONE', 3,
 ( #902, #2077, #1687, #1875, #164, #151, #914, #940, #1159, #579 ),
 .UNSPECIFIED., .F., .F.,
 ( 4, 2, 2, 2, 4 ),
 ( 0.000000000000000000, 0.001482210797659545267, 0.002964421595319087933, 0.004446632392978630381, 0.005928843190638174131 ),
 .UNSPECIFIED. ) ;
#2124 = CARTESIAN_POINT ( 'NONE',  ( 1.200444630848440664, 0.000000000000000000, 2.885571683277608379 ) ) ;
#2125 = LINE ( 'NONE', #2479, #1094 ) ;
#2126 = CARTESIAN_POINT ( 'NONE',  ( 1.909759572204373201, 10.00000000000000000, 2.760943951920020734 ) ) ;
#2127 = CIRCLE ( 'NONE', #2287, 1.949999999999999956 ) ;
#2128 = CARTESIAN_POINT ( 'NONE',  ( 0.1009933094276185134, 16.00000000000000000, 4.355910417664811796 ) ) ;
#2129 = ORIENTED_EDGE ( 'NONE', *, *, #493, .T. ) ;
#2130 = VERTEX_POINT ( 'NONE', #1007 ) ;
#2131 = ORIENTED_EDGE ( 'NONE', *, *, #195, .F. ) ;
#2132 = EDGE_CURVE ( 'NONE', #1762, #2339, #1026, .T. ) ;
#2133 = CARTESIAN_POINT ( 'NONE',  ( 0.000000000000000000, 16.00000000000000000, 0.000000000000000000 ) ) ;
#2134 = CARTESIAN_POINT ( 'NONE',  ( 2.472461737334660903, 1.300000000000000044, 0.2950000000000000955 ) ) ;
#2135 = EDGE_CURVE ( 'NONE', #2337, #544, #68, .T. ) ;
#2136 = ORIENTED_EDGE ( 'NONE', *, *, #372, .T. ) ;
#2137 = FACE_OUTER_BOUND ( 'NONE', #52, .T. ) ;
#2138 = DIRECTION ( 'NONE',  ( 0.000000000000000000, 1.000000000000000000, 0.000000000000000000 ) ) ;
#2139 = LINE ( 'NONE', #523, #380 ) ;
#2140 = CARTESIAN_POINT ( 'NONE',  ( -2.327313105790753678, 9.903454741279601237, -2.631908939322664231 ) ) ;
#2141 = DIRECTION ( 'NONE',  ( -0.000000000000000000, -1.000000000000000000, -0.000000000000000000 ) ) ;
#2142 = VECTOR ( 'NONE', #1904, 100.0000000000000142 ) ;
#2143 = ORIENTED_EDGE ( 'NONE', *, *, #2284, .F. ) ;
#2144 = ORIENTED_EDGE ( 'NONE', *, *, #1270, .F. ) ;
#2145 = VERTEX_POINT ( 'NONE', #1989 ) ;
#2146 = AXIS2_PLACEMENT_3D ( 'NONE', #2208, #20, #1786 ) ;
#2147 = DIRECTION ( 'NONE',  ( 0.000000000000000000, -0.000000000000000000, 1.000000000000000000 ) ) ;
#2148 = AXIS2_PLACEMENT_3D ( 'NONE', #427, #1414, #1615 ) ;
#2149 = AXIS2_PLACEMENT_3D ( 'NONE', #1334, #563, #2147 ) ;
#2150 = VERTEX_POINT ( 'NONE', #615 ) ;
#2151 = CARTESIAN_POINT ( 'NONE',  ( 0.000000000000000000, 4.799999999999999822, -1.949999999999999956 ) ) ;
#2152 = CYLINDRICAL_SURFACE ( 'NONE', #1154, 1.000000000000000222 ) ;
#2153 = ADVANCED_FACE ( 'NONE', ( #53 ), #1665, .T. ) ;
#2154 = DIRECTION ( 'NONE',  ( -0.000000000000000000, -1.000000000000000000, -0.000000000000000000 ) ) ;
#2155 = FACE_OUTER_BOUND ( 'NONE', #412, .T. ) ;
#2156 = DIRECTION ( 'NONE',  ( 0.000000000000000000, 0.000000000000000000, 1.000000000000000000 ) ) ;
#2157 = VERTEX_POINT ( 'NONE', #1224 ) ;
#2158 = ORIENTED_EDGE ( 'NONE', *, *, #2374, .F. ) ;
#2159 = VERTEX_POINT ( 'NONE', #2359 ) ;
#2160 = ORIENTED_EDGE ( 'NONE', *, *, #2272, .T. ) ;
#2161 = CYLINDRICAL_SURFACE ( 'NONE', #2451, 0.2950000000000000955 ) ;
#2162 = FACE_OUTER_BOUND ( 'NONE', #1763, .T. ) ;
#2163 = EDGE_CURVE ( 'NONE', #2130, #204, #604, .T. ) ;
#2164 = CARTESIAN_POINT ( 'NONE',  ( -3.222273447960620985, 9.903454741277508688, -1.400101704825190918 ) ) ;
#2165 = CARTESIAN_POINT ( 'NONE',  ( 2.653732930956844704, 2.037731070277506440, -8.976367148040749200 ) ) ;
#2166 = EDGE_CURVE ( 'NONE', #986, #1500, #1769, .T. ) ;
#2167 = CARTESIAN_POINT ( 'NONE',  ( 2.478634600165443569, 0.000000000000000000, -3.583367931727452049 ) ) ;
#2168 = ORIENTED_EDGE ( 'NONE', *, *, #2116, .T. ) ;
#2169 =( NAMED_UNIT ( * ) SI_UNIT ( $, .STERADIAN. ) SOLID_ANGLE_UNIT ( ) );
#2170 = VERTEX_POINT ( 'NONE', #2409 ) ;
#2171 = ORIENTED_EDGE ( 'NONE', *, *, #441, .F. ) ;
#2172 = CIRCLE ( 'NONE', #1957, 3.357081043000000875 ) ;
#2173 = CIRCLE ( 'NONE', #1267, 3.357081043000000875 ) ;
#2174 = DIRECTION ( 'NONE',  ( 0.000000000000000000, 0.000000000000000000, 1.000000000000000000 ) ) ;
#2175 = EDGE_LOOP ( 'NONE', ( #141, #745, #756 ) ) ;
#2176 = CIRCLE ( 'NONE', #1269, 1.000000000000000222 ) ;
#2177 = DIRECTION ( 'NONE',  ( 0.000000000000000000, 0.000000000000000000, -1.000000000000000000 ) ) ;
#2178 = CARTESIAN_POINT ( 'NONE',  ( -7.423091268457489456, 2.037731070277506440, 5.702208490174675681 ) ) ;
#2179 = CARTESIAN_POINT ( 'NONE',  ( -0.1469463130731171463, 0.000000000000000000, 0.2022542485937377232 ) ) ;
#2180 = DIRECTION ( 'NONE',  ( 0.000000000000000000, 0.000000000000000000, 1.000000000000000000 ) ) ;
#2181 = FACE_OUTER_BOUND ( 'NONE', #41, .T. ) ;
#2182 = EDGE_LOOP ( 'NONE', ( #1301, #2514, #1168, #131 ) ) ;
#2183 = LINE ( 'NONE', #2011, #1145 ) ;
#2184 = VERTEX_POINT ( 'NONE', #657 ) ;
#2185 = EDGE_CURVE ( 'NONE', #934, #188, #136, .T. ) ;
#2186 = ORIENTED_EDGE ( 'NONE', *, *, #883, .T. ) ;
#2187 = VECTOR ( 'NONE', #2360, 100.0000000000000000 ) ;
#2188 = MANIFOLD_SOLID_BREP ( 'Mirror1', #876 ) ;
#2189 = CARTESIAN_POINT ( 'NONE',  ( -3.110418444901672075, 9.943408935941572935, -1.444902941325938883 ) ) ;
#2190 = AXIS2_PLACEMENT_3D ( 'NONE', #122, #686, #1458 ) ;
#2191 = ORIENTED_EDGE ( 'NONE', *, *, #2135, .T. ) ;
#2192 = DIRECTION ( 'NONE',  ( 0.000000000000000000, 0.000000000000000000, 1.000000000000000000 ) ) ;
#2193 = LINE ( 'NONE', #2372, #1156 ) ;
#2194 = CIRCLE ( 'NONE', #1044, 1.000000000000000000 ) ;
#2195 = CARTESIAN_POINT ( 'NONE',  ( 3.498915154214531049E-16, 1.300000000000001155, 2.857081042999999987 ) ) ;
#2196 = CARTESIAN_POINT ( 'NONE',  ( 3.429833113724836124, 9.903454741279608342, 0.7612987385082485847 ) ) ;
#2197 = CARTESIAN_POINT ( 'NONE',  ( 0.7996309647072226134, 10.00000000000000000, 3.270028050269809139 ) ) ;
#2198 = CARTESIAN_POINT ( 'NONE',  ( 4.173925636049349741, 0.000000000000000000, 0.2500000000000000000 ) ) ;
#2199 = ORIENTED_EDGE ( 'NONE', *, *, #623, .T. ) ;
#2200 = VERTEX_POINT ( 'NONE', #650 ) ;
#2201 = EDGE_CURVE ( 'NONE', #1624, #1220, #2291, .T. ) ;
#2202 = CARTESIAN_POINT ( 'NONE',  ( -2.690033410436822869, 9.963456142830528606, 2.055744109577278156 ) ) ;
#2203 = VERTEX_POINT ( 'NONE', #1245 ) ;
#2204 = CARTESIAN_POINT ( 'NONE',  ( 3.357081043000000875, 10.00000000000000000, 1.461490507441253841E-16 ) ) ;
#2205 = CARTESIAN_POINT ( 'NONE',  ( 4.111238553788208762E-16, 16.00000000000000000, 3.357081043000000875 ) ) ;
#2206 = CARTESIAN_POINT ( 'NONE',  ( -2.472461737334660903, 1.300000000000000044, 0.000000000000000000 ) ) ;
#2207 = CARTESIAN_POINT ( 'NONE',  ( 1.565671382664852063, 9.805385467609697869, 3.175326066852160345 ) ) ;
#2208 = CARTESIAN_POINT ( 'NONE',  ( 2.478634600165493751, 16.00000000000000000, 3.583367931727416078 ) ) ;
#2209 = ORIENTED_EDGE ( 'NONE', *, *, #70, .F. ) ;
#2210 = DIRECTION ( 'NONE',  ( -0.000000000000000000, -1.000000000000000000, -0.000000000000000000 ) ) ;
#2211 = EDGE_CURVE ( 'NONE', #369, #921, #1422, .T. ) ;
#2212 = CIRCLE ( 'NONE', #1347, 0.2950000000000000955 ) ;
#2213 = CARTESIAN_POINT ( 'NONE',  ( 0.000000000000000000, 1.300000000000001155, 0.000000000000000000 ) ) ;
#2214 = ORIENTED_EDGE ( 'NONE', *, *, #1881, .T. ) ;
#2215 = CARTESIAN_POINT ( 'NONE',  ( 2.472461737334660903, 3.100000000000000089, 0.000000000000000000 ) ) ;
#2216 = FACE_OUTER_BOUND ( 'NONE', #28, .T. ) ;
#2217 = AXIS2_PLACEMENT_3D ( 'NONE', #2215, #1239, #1428 ) ;
#2218 = EDGE_CURVE ( 'NONE', #2159, #37, #96, .T. ) ;
#2219 = EDGE_CURVE ( 'NONE', #2405, #830, #1775, .T. ) ;
#2220 = CIRCLE ( 'NONE', #1271, 0.9999999999999998890 ) ;
#2221 = CARTESIAN_POINT ( 'NONE',  ( -2.642045207455564260, 16.00000000000000000, 3.464643176003995961 ) ) ;
#2222 = CARTESIAN_POINT ( 'NONE',  ( -2.906876243541869353, 10.00000000001761613, 1.687304884416613859 ) ) ;
#2223 = ORIENTED_EDGE ( 'NONE', *, *, #507, .F. ) ;
#2224 = CARTESIAN_POINT ( 'NONE',  ( -2.856629218990219599, 9.928689621219508155, 1.871016121387926168 ) ) ;
#2225 = CARTESIAN_POINT ( 'NONE',  ( 3.327138270074599724, 9.966411336309317193, 0.7175532909177981811 ) ) ;
#2226 = ORIENTED_EDGE ( 'NONE', *, *, #573, .T. ) ;
#2227 = AXIS2_PLACEMENT_3D ( 'NONE', #348, #1537, #1115 ) ;
#2228 = CARTESIAN_POINT ( 'NONE',  ( -2.642045207455564260, 16.00000000000000000, 2.464643176003995961 ) ) ;
#2229 = EDGE_CURVE ( 'NONE', #184, #2481, #2173, .T. ) ;
#2230 = AXIS2_PLACEMENT_3D ( 'NONE', #2167, #421, #2349 ) ;
#2231 = CARTESIAN_POINT ( 'NONE',  ( 1.037395093781010358, 10.00000000000000000, 3.192773801676070722 ) ) ;
#2232 = CARTESIAN_POINT ( 'NONE',  ( -2.943149407130559059, 9.886544988537975698, 1.805961675456092097 ) ) ;
#2233 = DIRECTION ( 'NONE',  ( 0.000000000000000000, 1.000000000000000000, 0.000000000000000000 ) ) ;
#2234 = ORIENTED_EDGE ( 'NONE', *, *, #309, .T. ) ;
#2235 = CARTESIAN_POINT ( 'NONE',  ( -3.133064589497917218, 9.805385467609696093, 1.648614202098457104 ) ) ;
#2236 = DIRECTION ( 'NONE',  ( 0.000000000000000000, 0.000000000000000000, 1.000000000000000000 ) ) ;
#2237 = ORIENTED_EDGE ( 'NONE', *, *, #938, .F. ) ;
#2238 = CYLINDRICAL_SURFACE ( 'NONE', #376, 2.857081042999999987 ) ;
#2239 = CARTESIAN_POINT ( 'NONE',  ( 0.4385548720329238703, 9.748242275413881330, -3.586824893299785266 ) ) ;
#2240 = CARTESIAN_POINT ( 'NONE',  ( 3.357081043000000875, 10.00000000000000000, 0.000000000000000000 ) ) ;
#2241 = EDGE_CURVE ( 'NONE', #1667, #200, #48, .T. ) ;
#2242 = LINE ( 'NONE', #491, #537 ) ;
#2243 = ORIENTED_EDGE ( 'NONE', *, *, #2080, .T. ) ;
#2244 = EDGE_CURVE ( 'NONE', #1551, #170, #459, .T. ) ;
#2245 = CARTESIAN_POINT ( 'NONE',  ( 1.037395093780965061, 10.00000000000000000, -3.192773801676085377 ) ) ;
#2246 = ORIENTED_EDGE ( 'NONE', *, *, #1025, .F. ) ;
#2247 = CARTESIAN_POINT ( 'NONE',  ( 0.000000000000000000, 4.799999999999999822, 0.000000000000000000 ) ) ;
#2248 = DIRECTION ( 'NONE',  ( 0.5877852522924684742, 0.000000000000000000, -0.8090169943749506709 ) ) ;
#2249 = VECTOR ( 'NONE', #1069, 100.0000000000000000 ) ;
#2250 = DIRECTION ( 'NONE',  ( -0.000000000000000000, -1.000000000000000000, -0.000000000000000000 ) ) ;
#2251 = CARTESIAN_POINT ( 'NONE',  ( 0.000000000000000000, 10.00000000000000000, 0.000000000000000000 ) ) ;
#2252 = AXIS2_PLACEMENT_3D ( 'NONE', #336, #2504, #1130 ) ;
#2253 = CARTESIAN_POINT ( 'NONE',  ( -3.229830459748044724, 8.916010612725225215, 2.655626181629053839 ) ) ;
#2254 = ORIENTED_EDGE ( 'NONE', *, *, #2269, .T. ) ;
#2255 = CARTESIAN_POINT ( 'NONE',  ( -2.462252649281251315, 9.870899395104570928, -2.480035883089301674 ) ) ;
#2256 = ADVANCED_FACE ( 'NONE', ( #1014 ), #2366, .F. ) ;
#2257 = CYLINDRICAL_SURFACE ( 'NONE', #153, 2.840810430000000331 ) ;
#2258 = CARTESIAN_POINT ( 'NONE',  ( 0.1009933094276185134, 16.00000000000000000, 3.355910417664811352 ) ) ;
#2259 = AXIS2_PLACEMENT_3D ( 'NONE', #1812, #822, #2180 ) ;
#2260 = DIRECTION ( 'NONE',  ( 0.000000000000000000, 1.000000000000000000, 0.000000000000000000 ) ) ;
#2261 = CARTESIAN_POINT ( 'NONE',  ( -2.929056185434179227, 9.946472080084394207, 1.748531437869556893 ) ) ;
#2262 = VECTOR ( 'NONE', #1089, 100.0000000000000142 ) ;
#2263 = AXIS2_PLACEMENT_3D ( 'NONE', #1896, #1542, #1489 ) ;
#2264 = DIRECTION ( 'NONE',  ( 0.000000000000000000, 0.000000000000000000, 1.000000000000000000 ) ) ;
#2265 = ORIENTED_EDGE ( 'NONE', *, *, #1105, .F. ) ;
#2266 = AXIS2_PLACEMENT_3D ( 'NONE', #2088, #776, #746 ) ;
#2267 = B_SPLINE_CURVE_WITH_KNOTS ( 'NONE', 3,
 ( #2322, #1499, #1150, #569, #2336, #397, #2292, #1342, #543, #1314, #2099, #355, #1924, #1582 ),
 .UNSPECIFIED., .F., .F.,
 ( 4, 2, 2, 2, 2, 2, 4 ),
 ( 0.000000000000000000, 0.001477386591378387036, 0.002216079887067578386, 0.002954773182756770169, 0.003693466478445961518, 0.004432159774135152434, 0.005909546365513525593 ),
 .UNSPECIFIED. ) ;
#2268 = CARTESIAN_POINT ( 'NONE',  ( 0.000000000000000000, 16.00000000000000000, 0.000000000000000000 ) ) ;
#2269 = EDGE_CURVE ( 'NONE', #1559, #449, #1913, .T. ) ;
#2270 = CARTESIAN_POINT ( 'NONE',  ( -3.523723085894284957, 8.916010612725225215, 2.251117684441582778 ) ) ;
#2271 = DIRECTION ( 'NONE',  ( 0.000000000000000000, 1.000000000000000000, 0.000000000000000000 ) ) ;
#2272 = EDGE_CURVE ( 'NONE', #1531, #1465, #2183, .T. ) ;
#2273 = CARTESIAN_POINT ( 'NONE',  ( 0.7064481455028520651, 10.00000000001761613, -3.286009477460495098 ) ) ;
#2274 = DIRECTION ( 'NONE',  ( 0.000000000000000000, 1.000000000000000000, 0.000000000000000000 ) ) ;
#2275 = DIRECTION ( 'NONE',  ( -0.000000000000000000, 1.000000000000000000, -0.000000000000000000 ) ) ;
#2276 = CARTESIAN_POINT ( 'NONE',  ( 1.359939354388093768, 10.00000000001757172, -3.073677312378685578 ) ) ;
#2277 = ORIENTED_EDGE ( 'NONE', *, *, #1079, .T. ) ;
#2278 = FACE_OUTER_BOUND ( 'NONE', #213, .T. ) ;
#2279 = ORIENTED_EDGE ( 'NONE', *, *, #2505, .F. ) ;
#2280 = LINE ( 'NONE', #1169, #956 ) ;
#2281 = DIRECTION ( 'NONE',  ( 0.000000000000000000, 0.000000000000000000, 1.000000000000000000 ) ) ;
#2282 = CARTESIAN_POINT ( 'NONE',  ( 0.000000000000000000, 10.00000000000000000, -2.857081042999999987 ) ) ;
#2283 = PLANE ( 'NONE',  #1644 ) ;
#2284 = EDGE_CURVE ( 'NONE', #571, #2408, #436, .T. ) ;
#2285 = EDGE_CURVE ( 'NONE', #2170, #1792, #2176, .T. ) ;
#2286 = DIRECTION ( 'NONE',  ( 0.000000000000000000, 0.000000000000000000, 1.000000000000000000 ) ) ;
#2287 = AXIS2_PLACEMENT_3D ( 'NONE', #1127, #936, #1711 ) ;
#2288 = CARTESIAN_POINT ( 'NONE',  ( -2.673933616446164674, 9.940741915398801254, -2.107023730668409200 ) ) ;
#2289 = CARTESIAN_POINT ( 'NONE',  ( 1.037395093781010136, 10.00000000000000000, 3.192773801676069390 ) ) ;
#2290 = ORIENTED_EDGE ( 'NONE', *, *, #865, .T. ) ;
#2291 = CIRCLE ( 'NONE', #1063, 1.000000000000000222 ) ;
#2292 = CARTESIAN_POINT ( 'NONE',  ( -3.111437822685180432, 9.950967394495528140, 1.421918886100774770 ) ) ;
#2293 = ORIENTED_EDGE ( 'NONE', *, *, #854, .F. ) ;
#2294 = VERTEX_POINT ( 'NONE', #2198 ) ;
#2295 = ORIENTED_EDGE ( 'NONE', *, *, #126, .T. ) ;
#2296 = CYLINDRICAL_SURFACE ( 'NONE', #912, 3.357081043000000875 ) ;
#2297 =( BOUNDED_CURVE ( )  B_SPLINE_CURVE ( 3, ( #1741, #12, #969, #2095 ),
 .UNSPECIFIED., .F., .T. ) 
 B_SPLINE_CURVE_WITH_KNOTS ( ( 4, 4 ),
 ( 1.570796326794897668, 2.305263810965987759 ),
 .UNSPECIFIED. ) 
 CURVE ( )  GEOMETRIC_REPRESENTATION_ITEM ( )  RATIONAL_B_SPLINE_CURVE ( ( 1.000000000000000000, 0.9555493991423571476, 0.9555493991423571476, 1.000000000000000000 ) ) 
 REPRESENTATION_ITEM ( '' )  );
#2298 = CARTESIAN_POINT ( 'NONE',  ( -2.642045207455564260, 9.696027988004811249, 2.464643176003995961 ) ) ;
#2299 = DIRECTION ( 'NONE',  ( 1.000000000000000000, 0.000000000000000000, 0.000000000000000000 ) ) ;
#2300 = DIRECTION ( 'NONE',  ( 0.000000000000000000, -0.000000000000000000, 1.000000000000000000 ) ) ;
#2301 = CARTESIAN_POINT ( 'NONE',  ( 1.037395093780965061, 10.00000000000000000, -3.192773801676085377 ) ) ;
#2302 = EDGE_CURVE ( 'NONE', #244, #1345, #2004, .T. ) ;
#2303 = VECTOR ( 'NONE', #926, 100.0000000000000142 ) ;
#2304 = CARTESIAN_POINT ( 'NONE',  ( -2.715935615280984816, 10.00000000000000000, -1.973242727826019616 ) ) ;
#2305 = CARTESIAN_POINT ( 'NONE',  ( 3.498915154214531049E-16, 16.00000000000000000, 2.857081042999999987 ) ) ;
#2306 = ORIENTED_EDGE ( 'NONE', *, *, #534, .T. ) ;
#2307 = EDGE_CURVE ( 'NONE', #290, #1002, #1994, .T. ) ;
#2308 = DIRECTION ( 'NONE',  ( 0.8090169943749506709, 0.000000000000000000, 0.5877852522924684742 ) ) ;
#2309 = ORIENTED_EDGE ( 'NONE', *, *, #883, .F. ) ;
#2310 = ORIENTED_EDGE ( 'NONE', *, *, #639, .F. ) ;
#2311 = ORIENTED_EDGE ( 'NONE', *, *, #770, .T. ) ;
#2312 = AXIS2_PLACEMENT_3D ( 'NONE', #1012, #1396, #1204 ) ;
#2313 = CARTESIAN_POINT ( 'NONE',  ( -3.133064589497917218, 9.805385467609696093, 1.648614202098457104 ) ) ;
#2314 = CARTESIAN_POINT ( 'NONE',  ( 1.527578083870288816, 8.916010612725225215, -3.892384926102396836 ) ) ;
#2315 = DIRECTION ( 'NONE',  ( -0.000000000000000000, 1.000000000000000000, -0.000000000000000000 ) ) ;
#2316 = CARTESIAN_POINT ( 'NONE',  ( 3.129261189104547203, 2.037731070277506440, 8.821858650853229733 ) ) ;
#2317 =( NAMED_UNIT ( * ) SI_UNIT ( $, .STERADIAN. ) SOLID_ANGLE_UNIT ( ) );
#2318 = PLANE ( 'NONE',  #62 ) ;
#2319 = DIRECTION ( 'NONE',  ( -0.000000000000000000, -1.000000000000000000, -0.000000000000000000 ) ) ;
#2320 = ORIENTED_EDGE ( 'NONE', *, *, #1681, .F. ) ;
#2321 = ADVANCED_FACE ( 'NONE', ( #1059 ), #1256, .F. ) ;
#2322 = CARTESIAN_POINT ( 'NONE',  ( -3.133064589497917218, 9.805385467609696093, 1.648614202098457104 ) ) ;
#2323 = ORIENTED_EDGE ( 'NONE', *, *, #1425, .F. ) ;
#2324 = ORIENTED_EDGE ( 'NONE', *, *, #2444, .T. ) ;
#2325 = ORIENTED_EDGE ( 'NONE', *, *, #1442, .T. ) ;
#2326 = EDGE_CURVE ( 'NONE', #1788, #2339, #2242, .T. ) ;
#2327 = FACE_OUTER_BOUND ( 'NONE', #2071, .T. ) ;
#2328 = LINE ( 'NONE', #899, #621 ) ;
#2329 = ORIENTED_EDGE ( 'NONE', *, *, #1209, .F. ) ;
#2330 = DIRECTION ( 'NONE',  ( 0.000000000000000000, 1.000000000000000000, 0.000000000000000000 ) ) ;
#2331 = CARTESIAN_POINT ( 'NONE',  ( 0.4630980362617733159, 9.918634726426724058, 3.422903584202108274 ) ) ;
#2332 = CARTESIAN_POINT ( 'NONE',  ( 1.565671382664970190, 9.805385467609646355, -3.175326066852171003 ) ) ;
#2333 = CARTESIAN_POINT ( 'NONE',  ( -2.462016337873157212, 9.871130500805429975, 2.480053871196761683 ) ) ;
#2334 = CARTESIAN_POINT ( 'NONE',  ( -0.2377641290737886326, 0.000000000000000000, -0.07725424859373618280 ) ) ;
#2335 = CIRCLE ( 'NONE', #100, 1.949999999999999956 ) ;
#2336 = CARTESIAN_POINT ( 'NONE',  ( -3.112417395615254545, 9.921149882957831068, 1.490402675810377220 ) ) ;
#2337 = VERTEX_POINT ( 'NONE', #1634 ) ;
#2338 = EDGE_LOOP ( 'NONE', ( #2329, #505, #1722, #1899 ) ) ;
#2339 = VERTEX_POINT ( 'NONE', #1464 ) ;
#2340 = VECTOR ( 'NONE', #467, 100.0000000000000000 ) ;
#2341 = AXIS2_PLACEMENT_3D ( 'NONE', #767, #1539, #1354 ) ;
#2342 = CARTESIAN_POINT ( 'NONE',  ( -2.715935615280957727, 10.00000000000000000, 1.973242727826057807 ) ) ;
#2343 = EDGE_CURVE ( 'NONE', #627, #1207, #2051, .T. ) ;
#2344 = VERTEX_POINT ( 'NONE', #893 ) ;
#2345 = DIRECTION ( 'NONE',  ( 0.000000000000000000, 0.000000000000000000, -1.000000000000000000 ) ) ;
#2346 = DIRECTION ( 'NONE',  ( -0.000000000000000000, -1.000000000000000000, -0.000000000000000000 ) ) ;
#2347 = DIRECTION ( 'NONE',  ( -0.000000000000000000, -1.000000000000000000, -0.000000000000000000 ) ) ;
#2348 = CARTESIAN_POINT ( 'NONE',  ( 1.667088741637363647, 9.943408935941572935, 2.997209125126711893 ) ) ;
#2349 = DIRECTION ( 'NONE',  ( 0.000000000000000000, 0.000000000000000000, 1.000000000000000000 ) ) ;
#2350 = VECTOR ( 'NONE', #2319, 100.0000000000000000 ) ;
#2351 = VERTEX_POINT ( 'NONE', #2253 ) ;
#2352 = VERTEX_POINT ( 'NONE', #2424 ) ;
#2353 = ORIENTED_EDGE ( 'NONE', *, *, #2272, .F. ) ;
#2354 = ORIENTED_EDGE ( 'NONE', *, *, #2361, .F. ) ;
#2355 = ADVANCED_FACE ( 'NONE', ( #2455 ), #1656, .F. ) ;
#2356 = VECTOR ( 'NONE', #1547, 100.0000000000000000 ) ;
#2357 = UNCERTAINTY_MEASURE_WITH_UNIT (LENGTH_MEASURE( 1.000000000000000082E-05 ), #2028, 'distance_accuracy_value', 'NONE');
#2358 = VERTEX_POINT ( 'NONE', #1297 ) ;
#2359 = CARTESIAN_POINT ( 'NONE',  ( 3.215961899580620731, 0.000000000000000000, 0.9631106840419632054 ) ) ;
#2360 = DIRECTION ( 'NONE',  ( -0.000000000000000000, -1.000000000000000000, -0.000000000000000000 ) ) ;
#2361 = EDGE_CURVE ( 'NONE', #2294, #2159, #2220, .T. ) ;
#2362 = DIRECTION ( 'NONE',  ( -0.000000000000000000, 1.000000000000000000, -0.000000000000000000 ) ) ;
#2363 = CARTESIAN_POINT ( 'NONE',  ( 3.357081043000000875, 10.00000000000000000, 1.461490507441253841E-16 ) ) ;
#2364 = FACE_OUTER_BOUND ( 'NONE', #2338, .T. ) ;
#2365 = ORIENTED_EDGE ( 'NONE', *, *, #1887, .F. ) ;
#2366 = PLANE ( 'NONE',  #2495 ) ;
#2367 = ORIENTED_EDGE ( 'NONE', *, *, #2021, .T. ) ;
#2368 = ORIENTED_EDGE ( 'NONE', *, *, #1036, .F. ) ;
#2369 = CARTESIAN_POINT ( 'NONE',  ( 3.857637417314162689E-16, 22.00000000000000000, 3.149999999999999911 ) ) ;
#2370 = EDGE_LOOP ( 'NONE', ( #1895, #1006 ) ) ;
#2371 = CARTESIAN_POINT ( 'NONE',  ( 3.379403884728142682, 9.970376588387884098, -0.1536358662488988003 ) ) ;
#2372 = CARTESIAN_POINT ( 'NONE',  ( -2.373383960879621224, 0.000000000000000000, 2.033381377239837917 ) ) ;
#2373 =( BOUNDED_SURFACE ( )  B_SPLINE_SURFACE ( 3, 2, ( 
 ( #379, #2289, #395 ),
 ( #2110, #1103, #1746 ),
 ( #917, #1119, #1149 ),
 ( #198, #2082, #525 ),
 ( #352, #1702, #1879 ),
 ( #167, #1133, #1894 ) ),
 .UNSPECIFIED., .F., .F., .F. ) 
 B_SPLINE_SURFACE_WITH_KNOTS ( ( 4, 2, 4 ),
 ( 3, 3 ),
 ( -3.579676697384246955E-05, 0.004522367639277527843, 0.009080532045528898893 ),
 ( 0.000000000000000000, 1.000000000000000000 ),
 .UNSPECIFIED. ) 
 GEOMETRIC_REPRESENTATION_ITEM ( )  RATIONAL_B_SPLINE_SURFACE ( (
 ( 1.000000000000000000, 1.000000000000000000, 1.000000000000000000),
 ( 1.000000000000000000, 0.9999971713164573783, 1.000000000000000000),
 ( 1.000000000000000000, 0.9972941864887483465, 1.000000000000000000),
 ( 1.000000000000000000, 0.9873438263594731534, 1.000000000000000000),
 ( 1.000000000000000000, 0.9800842286240001311, 1.000000000000000000),
 ( 1.000000000000000000, 0.9710943484845423468, 1.000000000000000000) ) ) 
 REPRESENTATION_ITEM ( '' )  SURFACE ( )  );
#2374 = EDGE_CURVE ( 'NONE', #2352, #81, #1131, .T. ) ;
#2375 = EDGE_CURVE ( 'NONE', #290, #907, #1030, .T. ) ;
#2376 = CARTESIAN_POINT ( 'NONE',  ( 0.000000000000000000, 4.799999999999999822, 1.857081042999982445 ) ) ;
#2377 = DIRECTION ( 'NONE',  ( 0.7986355100472940505, 0.6018150231520466020, -0.000000000000000000 ) ) ;
#2378 = DIRECTION ( 'NONE',  ( 0.000000000000000000, 0.000000000000000000, 1.000000000000000000 ) ) ;
#2379 = ORIENTED_EDGE ( 'NONE', *, *, #297, .F. ) ;
#2380 = DIRECTION ( 'NONE',  ( -1.000000000000000000, 0.000000000000000000, -0.000000000000000000 ) ) ;
#2381 = EDGE_LOOP ( 'NONE', ( #2014, #1018 ) ) ;
#2382 = CIRCLE ( 'NONE', #1790, 0.2950000000000000955 ) ;
#2383 = ORIENTED_EDGE ( 'NONE', *, *, #990, .F. ) ;
#2384 = AXIS2_PLACEMENT_3D ( 'NONE', #513, #778, #1903 ) ;
#2385 = VECTOR ( 'NONE', #429, 100.0000000000000000 ) ;
#2386 = DIRECTION ( 'NONE',  ( -0.000000000000000000, -1.000000000000000000, -0.000000000000000000 ) ) ;
#2387 = ORIENTED_EDGE ( 'NONE', *, *, #2374, .T. ) ;
#2388 = CARTESIAN_POINT ( 'NONE',  ( 0.000000000000000000, 0.000000000000000000, 0.000000000000000000 ) ) ;
#2389 = CARTESIAN_POINT ( 'NONE',  ( -3.165949027307493058, 9.790271604655192306, -1.622728972183256069 ) ) ;
#2390 = CARTESIAN_POINT ( 'NONE',  ( 0.000000000000000000, 16.00000000000000000, -2.857081042999999987 ) ) ;
#2391 = ADVANCED_FACE ( 'NONE', ( #130 ), #1846, .T. ) ;
#2392 = DIRECTION ( 'NONE',  ( 0.000000000000000000, 0.000000000000000000, 1.000000000000000000 ) ) ;
#2393 = VERTEX_POINT ( 'NONE', #515 ) ;
#2394 = EDGE_CURVE ( 'NONE', #1220, #204, #1287, .T. ) ;
#2395 = ORIENTED_EDGE ( 'NONE', *, *, #90, .T. ) ;
#2396 = CARTESIAN_POINT ( 'NONE',  ( -2.536095482391654610, 9.805385467609696093, 2.470271688199321414 ) ) ;
#2397 = ORIENTED_EDGE ( 'NONE', *, *, #1348, .T. ) ;
#2398 = CARTESIAN_POINT ( 'NONE',  ( 3.430995309725810127, 9.901912455097642507, -0.9060053041266539209 ) ) ;
#2399 = CARTESIAN_POINT ( 'NONE',  ( 3.478989400083916425E-16, 16.00000000000000000, 2.840810430000000331 ) ) ;
#2400 = CARTESIAN_POINT ( 'NONE',  ( 0.000000000000000000, 13.09291895700001618, 0.000000000000000000 ) ) ;
#2401 = CARTESIAN_POINT ( 'NONE',  ( 3.397417223847399637, 9.946472080084395984, 0.3070643804973173796 ) ) ;
#2402 = DIRECTION ( 'NONE',  ( 0.000000000000000000, 1.000000000000000000, 0.000000000000000000 ) ) ;
#2403 = ORIENTED_EDGE ( 'NONE', *, *, #208, .F. ) ;
#2404 = EDGE_CURVE ( 'NONE', #1465, #918, #2454, .T. ) ;
#2405 = VERTEX_POINT ( 'NONE', #524 ) ;
#2406 = EDGE_CURVE ( 'NONE', #1183, #1789, #700, .T. ) ;
#2407 = CARTESIAN_POINT ( 'NONE',  ( 3.352989026699458641, 9.950967394495529916, 0.6785007221211679651 ) ) ;
#2408 = VERTEX_POINT ( 'NONE', #207 ) ;
#2409 = CARTESIAN_POINT ( 'NONE',  ( -3.229830459748082916, 0.000000000000000000, -2.655626181629007210 ) ) ;
#2410 = CARTESIAN_POINT ( 'NONE',  ( 0.8966950990432678292, 9.928689621219511707, 3.294991611618148575 ) ) ;
#2411 = CARTESIAN_POINT ( 'NONE',  ( 0.000000000000000000, 5.800000000000007816, -2.857081042999999987 ) ) ;
#2412 = CARTESIAN_POINT ( 'NONE',  ( 1.898816233221940042, 9.713812937599833219, 3.139636737183533644 ) ) ;
#2413 = DIRECTION ( 'NONE',  ( 0.000000000000000000, 1.000000000000000000, 0.000000000000000000 ) ) ;
#2414 = ORIENTED_EDGE ( 'NONE', *, *, #1839, .T. ) ;
#2415 = CARTESIAN_POINT ( 'NONE',  ( -2.335702847837159979, 9.941982169939924674, -2.512450888669822024 ) ) ;
#2416 = VECTOR ( 'NONE', #1608, 100.0000000000000000 ) ;
#2417 = EDGE_CURVE ( 'NONE', #1122, #986, #1796, .T. ) ;
#2418 = CARTESIAN_POINT ( 'NONE',  ( -2.662189049635245830, 9.928689621219506378, 2.138640055101455495 ) ) ;
#2419 = EDGE_LOOP ( 'NONE', ( #1490, #962, #1246, #2446 ) ) ;
#2420 = CARTESIAN_POINT ( 'NONE',  ( 1.667710915749348599, 9.941982169939922898, -2.997775435696087509 ) ) ;
#2421 = CIRCLE ( 'NONE', #1304, 3.357081043000000875 ) ;
#2422 = VECTOR ( 'NONE', #2078, 100.0000000000000000 ) ;
#2423 = CARTESIAN_POINT ( 'NONE',  ( 0.07237993675752617262, 10.00000000000000000, -3.356300682898501808 ) ) ;
#2424 = CARTESIAN_POINT ( 'NONE',  ( -2.642045207455564260, 9.696027988004811249, 2.464643176003995961 ) ) ;
#2425 = VERTEX_POINT ( 'NONE', #1938 ) ;
#2426 = CARTESIAN_POINT ( 'NONE',  ( 0.000000000000000000, 16.00000000000000000, 0.000000000000000000 ) ) ;
#2427 = CARTESIAN_POINT ( 'NONE',  ( 3.459806811615163458, 9.863678300712273028, -0.3345900691657909265 ) ) ;
#2428 = ORIENTED_EDGE ( 'NONE', *, *, #271, .F. ) ;
#2429 = AXIS2_PLACEMENT_3D ( 'NONE', #1821, #2430, #2449 ) ;
#2430 = DIRECTION ( 'NONE',  ( 0.000000000000000000, 1.000000000000000000, 0.000000000000000000 ) ) ;
#2431 = EDGE_CURVE ( 'NONE', #2405, #557, #1871, .T. ) ;
#2432 = AXIS2_PLACEMENT_3D ( 'NONE', #1737, #2112, #919 ) ;
#2433 = CIRCLE ( 'NONE', #1814, 3.357081043000000875 ) ;
#2434 = DIRECTION ( 'NONE',  ( -0.000000000000000000, 1.000000000000000000, -0.000000000000000000 ) ) ;
#2435 = CARTESIAN_POINT ( 'NONE',  ( 1.037395093781010136, 10.00000000000000000, 3.192773801676069390 ) ) ;
#2436 = CARTESIAN_POINT ( 'NONE',  ( 1.914227444778257681, 10.00000000000000000, -2.757848150085075556 ) ) ;
#2437 = EDGE_LOOP ( 'NONE', ( #1138, #1780, #2087, #2214 ) ) ;
#2438 = DIRECTION ( 'NONE',  ( 0.000000000000000000, 0.000000000000000000, -1.000000000000000000 ) ) ;
#2439 = ADVANCED_BREP_SHAPE_REPRESENTATION ( 'FinCan', ( #2188, #2341 ), #1394 ) ;
#2440 = CARTESIAN_POINT ( 'NONE',  ( 0.4555055658108896344, 9.923048358812545544, -3.419882879021900024 ) ) ;
#2441 = CARTESIAN_POINT ( 'NONE',  ( 1.758686331104169387, 9.983559442420887109, -2.888920504777052312 ) ) ;
#2442 = CARTESIAN_POINT ( 'NONE',  ( 1.037395093780964617, 10.00000000000000000, -3.192773801676084044 ) ) ;
#2443 = FACE_OUTER_BOUND ( 'NONE', #295, .T. ) ;
#2444 = EDGE_CURVE ( 'NONE', #2337, #2150, #2139, .T. ) ;
#2445 = DIRECTION ( 'NONE',  ( -0.9510565162951545304, 0.000000000000000000, -0.3090169943749447312 ) ) ;
#2446 = ORIENTED_EDGE ( 'NONE', *, *, #892, .T. ) ;
#2447 = CARTESIAN_POINT ( 'NONE',  ( 1.476109117524480929, 9.833339162961863167, -3.182277958271705121 ) ) ;
#2448 = CARTESIAN_POINT ( 'NONE',  ( 0.4130121986701640879, 9.943408935941572935, -3.404683294520435055 ) ) ;
#2449 = DIRECTION ( 'NONE',  ( 0.000000000000000000, 0.000000000000000000, 1.000000000000000000 ) ) ;
#2450 = AXIS2_PLACEMENT_3D ( 'NONE', #1112, #1902, #1492 ) ;
#2451 = AXIS2_PLACEMENT_3D ( 'NONE', #218, #1389, #2177 ) ;
#2452 = DIRECTION ( 'NONE',  ( 0.000000000000000000, 0.7837913571415346947, 0.6210242414513552633 ) ) ;
#2453 = CARTESIAN_POINT ( 'NONE',  ( -3.169665004606621928, 10.00000000000000000, 1.105991359750190473 ) ) ;
#2454 = CIRCLE ( 'NONE', #1961, 3.357081043000000875 ) ;
#2455 = FACE_OUTER_BOUND ( 'NONE', #1518, .T. ) ;
#2456 = ORIENTED_EDGE ( 'NONE', *, *, #1328, .T. ) ;
#2457 = EDGE_CURVE ( 'NONE', #356, #1317, #927, .T. ) ;
#2458 = DIRECTION ( 'NONE',  ( -0.5877852522924684742, 0.000000000000000000, 0.8090169943749506709 ) ) ;
#2459 = EDGE_CURVE ( 'NONE', #1500, #356, #227, .T. ) ;
#2460 = CARTESIAN_POINT ( 'NONE',  ( 0.000000000000000000, 22.00000000000000000, 0.000000000000000000 ) ) ;
#2461 = DIRECTION ( 'NONE',  ( 0.8090169943749423442, 0.000000000000000000, -0.5877852522924802425 ) ) ;
#2462 = VECTOR ( 'NONE', #1731, 100.0000000000000000 ) ;
#2463 = CARTESIAN_POINT ( 'NONE',  ( 3.498915154214531049E-16, 10.00000000000000000, 2.857081042999999987 ) ) ;
#2464 = FACE_BOUND ( 'NONE', #1768, .T. ) ;
#2465 = CYLINDRICAL_SURFACE ( 'NONE', #1552, 1.000000000000000222 ) ;
#2466 = CIRCLE ( 'NONE', #842, 3.357081043000000875 ) ;
#2467 = CARTESIAN_POINT ( 'NONE',  ( 1.341895239144475171, 9.946472080082292777, -3.136247677368305009 ) ) ;
#2468 = ORIENTED_EDGE ( 'NONE', *, *, #2394, .T. ) ;
#2469 = VECTOR ( 'NONE', #161, 100.0000000000000000 ) ;
#2470 = CARTESIAN_POINT ( 'NONE',  ( 2.472461737334660903, 3.100000000000000089, -0.2950000000000000955 ) ) ;
#2471 = ORIENTED_EDGE ( 'NONE', *, *, #372, .F. ) ;
#2472 = EDGE_CURVE ( 'NONE', #1838, #1501, #1309, .T. ) ;
#2473 = CARTESIAN_POINT ( 'NONE',  ( 3.357081043000000875, 10.00000000000000000, 0.000000000000000000 ) ) ;
#2474 = EDGE_CURVE ( 'NONE', #557, #2405, #1712, .T. ) ;
#2475 = CARTESIAN_POINT ( 'NONE',  ( 3.115299544356275874, 0.000000000000000000, -0.2500000000000000000 ) ) ;
#2476 = PLANE ( 'NONE',  #982 ) ;
#2477 = FACE_OUTER_BOUND ( 'NONE', #1134, .T. ) ;
#2478 = CARTESIAN_POINT ( 'NONE',  ( 0.9679466743878336610, 9.963456142825322104, -3.244293887565606660 ) ) ;
#2479 = CARTESIAN_POINT ( 'NONE',  ( 0.000000000000000000, 13.00000000000000000, 1.857081042999982445 ) ) ;
#2480 = CARTESIAN_POINT ( 'NONE',  ( 2.274268355067156888E-16, 4.799999999999999822, -1.857081042999982445 ) ) ;
#2481 = VERTEX_POINT ( 'NONE', #713 ) ;
#2482 = CYLINDRICAL_SURFACE ( 'NONE', #2510, 2.857081042999999987 ) ;
#2483 = ORIENTED_EDGE ( 'NONE', *, *, #617, .F. ) ;
#2484 = ORIENTED_EDGE ( 'NONE', *, *, #254, .T. ) ;
#2485 = DIRECTION ( 'NONE',  ( -0.000000000000000000, -1.000000000000000000, -0.000000000000000000 ) ) ;
#2486 = DIRECTION ( 'NONE',  ( 0.000000000000000000, 1.000000000000000000, 0.000000000000000000 ) ) ;
#2487 = ADVANCED_FACE ( 'NONE', ( #1675 ), #2465, .F. ) ;
#2488 = CARTESIAN_POINT ( 'NONE',  ( 3.478989400083916425E-16, 22.00000000000000000, 2.840810430000000331 ) ) ;
#2489 = FACE_OUTER_BOUND ( 'NONE', #192, .T. ) ;
#2490 = CARTESIAN_POINT ( 'NONE',  ( 0.5997550771332063047, 9.805385467609696093, -3.489171299431919948 ) ) ;
#2491 = AXIS2_PLACEMENT_3D ( 'NONE', #1155, #1931, #576 ) ;
#2492 = CARTESIAN_POINT ( 'NONE',  ( -2.643690277196507399, 9.970376588392134920, -2.110657791723695276 ) ) ;
#2493 = DIRECTION ( 'NONE',  ( -0.9510565162951545304, 0.000000000000000000, -0.3090169943749447312 ) ) ;
#2494 = ORIENTED_EDGE ( 'NONE', *, *, #2241, .F. ) ;
#2495 = AXIS2_PLACEMENT_3D ( 'NONE', #850, #1233, #2380 ) ;
#2496 = FACE_OUTER_BOUND ( 'NONE', #89, .T. ) ;
#2497 = ORIENTED_EDGE ( 'NONE', *, *, #1040, .F. ) ;
#2498 = ORIENTED_EDGE ( 'NONE', *, *, #1613, .T. ) ;
#2499 = ORIENTED_EDGE ( 'NONE', *, *, #1284, .T. ) ;
#2500 = DIRECTION ( 'NONE',  ( 0.000000000000000000, 1.000000000000000000, -0.000000000000000000 ) ) ;
#2501 = EDGE_CURVE ( 'NONE', #2157, #1488, #957, .T. ) ;
#2502 = LINE ( 'NONE', #1743, #1550 ) ;
#2503 = CYLINDRICAL_SURFACE ( 'NONE', #1877, 2.857081042999999987 ) ;
#2504 = DIRECTION ( 'NONE',  ( 0.000000000000000000, 1.000000000000000000, 0.000000000000000000 ) ) ;
#2505 = EDGE_CURVE ( 'NONE', #545, #603, #2009, .T. ) ;
#2506 = CIRCLE ( 'NONE', #2017, 3.357081043000000875 ) ;
#2507 = CARTESIAN_POINT ( 'NONE',  ( -2.399205492437498588, 9.713812937599833219, -2.776082659806326181 ) ) ;
#2508 = DIRECTION ( 'NONE',  ( 0.000000000000000000, 0.000000000000000000, 1.000000000000000000 ) ) ;
#2509 = ORIENTED_EDGE ( 'NONE', *, *, #1413, .F. ) ;
#2510 = AXIS2_PLACEMENT_3D ( 'NONE', #728, #2141, #1165 ) ;
#2511 = FACE_OUTER_BOUND ( 'NONE', #437, .T. ) ;
#2512 = ORIENTED_EDGE ( 'NONE', *, *, #1716, .F. ) ;
#2513 = VERTEX_POINT ( 'NONE', #724 ) ;
#2514 = ORIENTED_EDGE ( 'NONE', *, *, #139, .T. ) ;
#2515 = CARTESIAN_POINT ( 'NONE',  ( -2.243196956924488283, 9.901912455097642507, 2.749662131773802809 ) ) ;
ENDSEC;
END-ISO-10303-21;
